indicator,level,period,expected_territories,loaded_territories,matched,unmatched,coverage_pct,status
population,region,2000,20,15,15,5,75.0,partial
population,district,2000,204,0,0,204,0.0,partial
population,region,2001,20,15,15,5,75.0,partial
population,district,2001,204,0,0,204,0.0,partial
population,region,2002,20,15,15,5,75.0,partial
population,district,2002,204,0,0,204,0.0,partial
population,region,2003,20,15,15,5,75.0,partial
population,district,2003,204,0,0,204,0.0,partial
population,region,2004,20,15,15,5,75.0,partial
population,district,2004,204,0,0,204,0.0,partial
population,region,2005,20,15,15,5,75.0,partial
population,district,2005,204,0,0,204,0.0,partial
population,region,2006,20,15,15,5,75.0,partial
population,district,2006,204,0,0,204,0.0,partial
population,region,2007,20,15,15,5,75.0,partial
population,district,2007,204,0,0,204,0.0,partial
population,region,2008,20,15,15,5,75.0,partial
population,district,2008,204,0,0,204,0.0,partial
population,region,2009,20,15,15,5,75.0,partial
population,district,2009,204,187,187,17,91.7,partial
population,region,2010,20,15,15,5,75.0,partial
population,district,2010,204,187,187,17,91.7,partial
population,region,2011,20,15,15,5,75.0,partial
population,district,2011,204,187,187,17,91.7,partial
population,region,2012,20,15,15,5,75.0,partial
population,district,2012,204,187,187,17,91.7,partial
population,region,2013,20,15,15,5,75.0,partial
population,district,2013,204,187,187,17,91.7,partial
population,region,2014,20,15,15,5,75.0,partial
population,district,2014,204,187,187,17,91.7,partial
population,region,2015,20,15,15,5,75.0,partial
population,district,2015,204,187,187,17,91.7,partial
population,region,2016,20,15,15,5,75.0,partial
population,district,2016,204,187,187,17,91.7,partial
population,region,2017,20,15,15,5,75.0,partial
population,district,2017,204,187,187,17,91.7,partial
population,region,2018,20,17,17,3,85.0,partial
population,district,2018,204,168,168,36,82.4,partial
population,region,2019,20,17,17,3,85.0,partial
population,district,2019,204,190,190,14,93.1,partial
population,region,2020,20,17,17,3,85.0,partial
population,district,2020,204,190,190,14,93.1,partial
population,region,2021,20,17,17,3,85.0,partial
population,district,2021,204,168,168,36,82.4,partial
population,region,2022,20,20,20,0,100.0,ok
population,district,2022,204,193,193,11,94.6,partial
population,region,2023,20,20,20,0,100.0,ok
population,district,2023,204,193,193,11,94.6,partial
population,region,2024,20,20,20,0,100.0,ok
population,district,2024,204,193,193,11,94.6,partial
population,region,2025,20,20,20,0,100.0,ok
population,district,2025,204,194,194,10,95.1,partial
births,region,2000,20,15,15,5,75.0,partial
births,district,2000,204,0,0,204,0.0,partial
births,region,2001,20,15,15,5,75.0,partial
births,district,2001,204,0,0,204,0.0,partial
births,region,2002,20,15,15,5,75.0,partial
births,district,2002,204,0,0,204,0.0,partial
births,region,2003,20,15,15,5,75.0,partial
births,district,2003,204,0,0,204,0.0,partial
births,region,2004,20,15,15,5,75.0,partial
births,district,2004,204,0,0,204,0.0,partial
births,region,2005,20,15,15,5,75.0,partial
births,district,2005,204,0,0,204,0.0,partial
births,region,2006,20,15,15,5,75.0,partial
births,district,2006,204,0,0,204,0.0,partial
births,region,2007,20,15,15,5,75.0,partial
births,district,2007,204,0,0,204,0.0,partial
births,region,2008,20,15,15,5,75.0,partial
births,district,2008,204,0,0,204,0.0,partial
births,region,2009,20,15,15,5,75.0,partial
births,district,2009,204,187,187,17,91.7,partial
births,region,2010,20,15,15,5,75.0,partial
births,district,2010,204,187,187,17,91.7,partial
births,region,2011,20,15,15,5,75.0,partial
births,district,2011,204,187,187,17,91.7,partial
births,region,2012,20,15,15,5,75.0,partial
births,district,2012,204,187,187,17,91.7,partial
births,region,2013,20,15,15,5,75.0,partial
births,district,2013,204,187,187,17,91.7,partial
births,region,2014,20,15,15,5,75.0,partial
births,district,2014,204,187,187,17,91.7,partial
births,region,2015,20,15,15,5,75.0,partial
births,district,2015,204,187,187,17,91.7,partial
births,region,2016,20,15,15,5,75.0,partial
births,district,2016,204,187,187,17,91.7,partial
births,region,2017,20,17,17,3,85.0,partial
births,district,2017,204,190,190,14,93.1,partial
births,region,2018,20,17,17,3,85.0,partial
births,district,2018,204,190,190,14,93.1,partial
births,region,2019,20,17,17,3,85.0,partial
births,district,2019,204,190,190,14,93.1,partial
births,region,2020,20,17,17,3,85.0,partial
births,district,2020,204,190,190,14,93.1,partial
births,region,2021,20,17,17,3,85.0,partial
births,district,2021,204,190,190,14,93.1,partial
births,region,2022,20,20,20,0,100.0,ok
births,district,2022,204,193,193,11,94.6,partial
births,region,2023,20,20,20,0,100.0,ok
births,district,2023,204,193,193,11,94.6,partial
births,region,2024,20,20,20,0,100.0,ok
births,district,2024,204,194,194,10,95.1,partial
deaths,region,2000,20,15,15,5,75.0,partial
deaths,district,2000,204,0,0,204,0.0,partial
deaths,region,2001,20,15,15,5,75.0,partial
deaths,district,2001,204,0,0,204,0.0,partial
deaths,region,2002,20,15,15,5,75.0,partial
deaths,district,2002,204,0,0,204,0.0,partial
deaths,region,2003,20,15,15,5,75.0,partial
deaths,district,2003,204,0,0,204,0.0,partial
deaths,region,2004,20,15,15,5,75.0,partial
deaths,district,2004,204,0,0,204,0.0,partial
deaths,region,2005,20,15,15,5,75.0,partial
deaths,district,2005,204,0,0,204,0.0,partial
deaths,region,2006,20,15,15,5,75.0,partial
deaths,district,2006,204,0,0,204,0.0,partial
deaths,region,2007,20,15,15,5,75.0,partial
deaths,district,2007,204,0,0,204,0.0,partial
deaths,region,2008,20,15,15,5,75.0,partial
deaths,district,2008,204,0,0,204,0.0,partial
deaths,region,2009,20,15,15,5,75.0,partial
deaths,district,2009,204,187,187,17,91.7,partial
deaths,region,2010,20,15,15,5,75.0,partial
deaths,district,2010,204,187,187,17,91.7,partial
deaths,region,2011,20,15,15,5,75.0,partial
deaths,district,2011,204,187,187,17,91.7,partial
deaths,region,2012,20,15,15,5,75.0,partial
deaths,district,2012,204,187,187,17,91.7,partial
deaths,region,2013,20,15,15,5,75.0,partial
deaths,district,2013,204,187,187,17,91.7,partial
deaths,region,2014,20,15,15,5,75.0,partial
deaths,district,2014,204,187,187,17,91.7,partial
deaths,region,2015,20,15,15,5,75.0,partial
deaths,district,2015,204,187,187,17,91.7,partial
deaths,region,2016,20,15,15,5,75.0,partial
deaths,district,2016,204,187,187,17,91.7,partial
deaths,region,2017,20,17,17,3,85.0,partial
deaths,district,2017,204,190,190,14,93.1,partial
deaths,region,2018,20,17,17,3,85.0,partial
deaths,district,2018,204,190,190,14,93.1,partial
deaths,region,2019,20,17,17,3,85.0,partial
deaths,district,2019,204,190,190,14,93.1,partial
deaths,region,2020,20,17,17,3,85.0,partial
deaths,district,2020,204,190,190,14,93.1,partial
deaths,region,2021,20,17,17,3,85.0,partial
deaths,district,2021,204,190,190,14,93.1,partial
deaths,region,2022,20,20,20,0,100.0,ok
deaths,district,2022,204,193,193,11,94.6,partial
deaths,region,2023,20,20,20,0,100.0,ok
deaths,district,2023,204,193,193,11,94.6,partial
deaths,region,2024,20,20,20,0,100.0,ok
deaths,district,2024,204,194,194,10,95.1,partial
natural_growth,region,2000,20,15,15,5,75.0,partial
natural_growth,district,2000,204,0,0,204,0.0,partial
natural_growth,region,2001,20,15,15,5,75.0,partial
natural_growth,district,2001,204,0,0,204,0.0,partial
natural_growth,region,2002,20,15,15,5,75.0,partial
natural_growth,district,2002,204,0,0,204,0.0,partial
natural_growth,region,2003,20,15,15,5,75.0,partial
natural_growth,district,2003,204,0,0,204,0.0,partial
natural_growth,region,2004,20,15,15,5,75.0,partial
natural_growth,district,2004,204,0,0,204,0.0,partial
natural_growth,region,2005,20,15,15,5,75.0,partial
natural_growth,district,2005,204,0,0,204,0.0,partial
natural_growth,region,2006,20,15,15,5,75.0,partial
natural_growth,district,2006,204,0,0,204,0.0,partial
natural_growth,region,2007,20,15,15,5,75.0,partial
natural_growth,district,2007,204,0,0,204,0.0,partial
natural_growth,region,2008,20,15,15,5,75.0,partial
natural_growth,district,2008,204,0,0,204,0.0,partial
natural_growth,region,2009,20,15,15,5,75.0,partial
natural_growth,district,2009,204,187,187,17,91.7,partial
natural_growth,region,2010,20,15,15,5,75.0,partial
natural_growth,district,2010,204,187,187,17,91.7,partial
natural_growth,region,2011,20,15,15,5,75.0,partial
natural_growth,district,2011,204,187,187,17,91.7,partial
natural_growth,region,2012,20,15,15,5,75.0,partial
natural_growth,district,2012,204,187,187,17,91.7,partial
natural_growth,region,2013,20,15,15,5,75.0,partial
natural_growth,district,2013,204,187,187,17,91.7,partial
natural_growth,region,2014,20,15,15,5,75.0,partial
natural_growth,district,2014,204,187,187,17,91.7,partial
natural_growth,region,2015,20,15,15,5,75.0,partial
natural_growth,district,2015,204,186,186,18,91.2,partial
natural_growth,region,2016,20,15,15,5,75.0,partial
natural_growth,district,2016,204,187,187,17,91.7,partial
natural_growth,region,2017,20,17,17,3,85.0,partial
natural_growth,district,2017,204,188,188,16,92.2,partial
natural_growth,region,2018,20,17,17,3,85.0,partial
natural_growth,district,2018,204,190,190,14,93.1,partial
natural_growth,region,2019,20,17,17,3,85.0,partial
natural_growth,district,2019,204,190,190,14,93.1,partial
natural_growth,region,2020,20,17,17,3,85.0,partial
natural_growth,district,2020,204,190,190,14,93.1,partial
natural_growth,region,2021,20,17,17,3,85.0,partial
natural_growth,district,2021,204,190,190,14,93.1,partial
natural_growth,region,2022,20,20,20,0,100.0,ok
natural_growth,district,2022,204,191,191,13,93.6,partial
natural_growth,region,2023,20,20,20,0,100.0,ok
natural_growth,district,2023,204,193,193,11,94.6,partial
natural_growth,region,2024,20,20,20,0,100.0,ok
natural_growth,district,2024,204,194,194,10,95.1,partial
migration_balance,region,2023,20,20,20,0,100.0,ok
migration_balance,district,2023,204,193,193,11,94.6,partial
migration_balance,region,2024,20,20,20,0,100.0,ok
migration_balance,district,2024,204,194,194,10,95.1,partial
labor_force,region,2001,20,15,15,5,75.0,partial
labor_force,region,2002,20,15,15,5,75.0,partial
labor_force,region,2003,20,15,15,5,75.0,partial
labor_force,region,2004,20,15,15,5,75.0,partial
labor_force,region,2005,20,15,15,5,75.0,partial
labor_force,region,2006,20,15,15,5,75.0,partial
labor_force,region,2007,20,15,15,5,75.0,partial
labor_force,region,2008,20,15,15,5,75.0,partial
labor_force,region,2009,20,15,15,5,75.0,partial
labor_force,region,2010,20,15,15,5,75.0,partial
labor_force,region,2011,20,15,15,5,75.0,partial
labor_force,region,2012,20,15,15,5,75.0,partial
labor_force,region,2013,20,15,15,5,75.0,partial
labor_force,region,2014,20,15,15,5,75.0,partial
labor_force,region,2015,20,15,15,5,75.0,partial
labor_force,region,2016,20,15,15,5,75.0,partial
labor_force,region,2017,20,15,15,5,75.0,partial
labor_force,region,2018,20,17,17,3,85.0,partial
labor_force,region,2019,20,17,17,3,85.0,partial
labor_force,region,2020,20,17,17,3,85.0,partial
labor_force,region,2021,20,17,17,3,85.0,partial
labor_force,region,2022,20,20,20,0,100.0,ok
labor_force,region,2023,20,20,20,0,100.0,ok
labor_force,region,2024,20,20,20,0,100.0,ok
labor_force,region,2025,20,20,20,0,100.0,ok
employed,region,2023-Q1,20,20,20,0,100.0,ok
employed,region,2023-Q2,20,20,20,0,100.0,ok
employed,region,2023-Q3,20,20,20,0,100.0,ok
employed,region,2023-Q4,20,20,20,0,100.0,ok
employed,region,2024-Q1,20,20,20,0,100.0,ok
employed,region,2024-Q2,20,20,20,0,100.0,ok
employed,region,2024-Q3,20,20,20,0,100.0,ok
employed,region,2024-Q4,20,20,20,0,100.0,ok
employed,region,2025-Q1,20,20,20,0,100.0,ok
employed,region,2025-Q2,20,20,20,0,100.0,ok
unemployed,region,2010-Q1,20,15,15,5,75.0,partial
unemployed,region,2010-Q2,20,15,15,5,75.0,partial
unemployed,region,2010-Q3,20,15,15,5,75.0,partial
unemployed,region,2010-Q4,20,15,15,5,75.0,partial
unemployed,region,2011-Q1,20,15,15,5,75.0,partial
unemployed,region,2011-Q2,20,15,15,5,75.0,partial
unemployed,region,2011-Q3,20,15,15,5,75.0,partial
unemployed,region,2011-Q4,20,15,15,5,75.0,partial
unemployed,region,2012-Q1,20,15,15,5,75.0,partial
unemployed,region,2012-Q2,20,15,15,5,75.0,partial
unemployed,region,2012-Q3,20,15,15,5,75.0,partial
unemployed,region,2012-Q4,20,15,15,5,75.0,partial
unemployed,region,2013-Q1,20,15,15,5,75.0,partial
unemployed,region,2013-Q2,20,15,15,5,75.0,partial
unemployed,region,2013-Q3,20,15,15,5,75.0,partial
unemployed,region,2013-Q4,20,15,15,5,75.0,partial
unemployed,region,2014-Q1,20,15,15,5,75.0,partial
unemployed,region,2014-Q2,20,15,15,5,75.0,partial
unemployed,region,2014-Q3,20,15,15,5,75.0,partial
unemployed,region,2014-Q4,20,15,15,5,75.0,partial
unemployed,region,2015-Q1,20,15,15,5,75.0,partial
unemployed,region,2015-Q2,20,15,15,5,75.0,partial
unemployed,region,2015-Q3,20,15,15,5,75.0,partial
unemployed,region,2015-Q4,20,15,15,5,75.0,partial
unemployed,region,2016-Q1,20,15,15,5,75.0,partial
unemployed,region,2016-Q2,20,15,15,5,75.0,partial
unemployed,region,2016-Q3,20,15,15,5,75.0,partial
unemployed,region,2016-Q4,20,15,15,5,75.0,partial
unemployed,region,2017-Q1,20,15,15,5,75.0,partial
unemployed,region,2017-Q2,20,15,15,5,75.0,partial
unemployed,region,2017-Q3,20,15,15,5,75.0,partial
unemployed,region,2017-Q4,20,15,15,5,75.0,partial
unemployed,region,2018-Q1,20,15,15,5,75.0,partial
unemployed,region,2018-Q2,20,17,17,3,85.0,partial
unemployed,region,2018-Q3,20,17,17,3,85.0,partial
unemployed,region,2018-Q4,20,17,17,3,85.0,partial
unemployed,region,2019-Q1,20,17,17,3,85.0,partial
unemployed,region,2019-Q2,20,17,17,3,85.0,partial
unemployed,region,2019-Q3,20,17,17,3,85.0,partial
unemployed,region,2019-Q4,20,17,17,3,85.0,partial
unemployed,region,2020-Q1,20,17,17,3,85.0,partial
unemployed,region,2020-Q2,20,17,17,3,85.0,partial
unemployed,region,2020-Q3,20,17,17,3,85.0,partial
unemployed,region,2020-Q4,20,17,17,3,85.0,partial
unemployed,region,2021-Q1,20,17,17,3,85.0,partial
unemployed,region,2021-Q2,20,17,17,3,85.0,partial
unemployed,region,2021-Q3,20,17,17,3,85.0,partial
unemployed,region,2021-Q4,20,17,17,3,85.0,partial
unemployed,region,2022-Q1,20,17,17,3,85.0,partial
unemployed,region,2022-Q2,20,20,20,0,100.0,ok
unemployed,region,2022-Q3,20,20,20,0,100.0,ok
unemployed,region,2022-Q4,20,20,20,0,100.0,ok
unemployed,region,2023-Q1,20,20,20,0,100.0,ok
unemployed,region,2023-Q2,20,20,20,0,100.0,ok
unemployed,region,2023-Q3,20,20,20,0,100.0,ok
unemployed,region,2023-Q4,20,20,20,0,100.0,ok
unemployed,region,2024-Q1,20,20,20,0,100.0,ok
unemployed,region,2024-Q2,20,20,20,0,100.0,ok
unemployed,region,2024-Q3,20,20,20,0,100.0,ok
unemployed,region,2024-Q4,20,20,20,0,100.0,ok
unemployed,region,2025-Q1,20,20,20,0,100.0,ok
unemployed,region,2025-Q2,20,20,20,0,100.0,ok
unemployment_rate,region,2023-Q1,20,20,20,0,100.0,ok
unemployment_rate,region,2023-Q2,20,20,20,0,100.0,ok
unemployment_rate,region,2023-Q3,20,20,20,0,100.0,ok
unemployment_rate,region,2023-Q4,20,20,20,0,100.0,ok
unemployment_rate,region,2024-Q1,20,20,20,0,100.0,ok
unemployment_rate,region,2024-Q2,20,20,20,0,100.0,ok
unemployment_rate,region,2024-Q3,20,20,20,0,100.0,ok
unemployment_rate,region,2024-Q4,20,20,20,0,100.0,ok
unemployment_rate,region,2025-Q1,20,20,20,0,100.0,ok
unemployment_rate,region,2025-Q2,20,20,20,0,100.0,ok
nominal_income_per_capita,region,2000,20,15,15,5,75.0,partial
nominal_income_per_capita,region,2001,20,15,15,5,75.0,partial
nominal_income_per_capita,region,2002,20,15,15,5,75.0,partial
nominal_income_per_capita,region,2003,20,15,15,5,75.0,partial
nominal_income_per_capita,region,2004,20,15,15,5,75.0,partial
nominal_income_per_capita,region,2005,20,15,15,5,75.0,partial
nominal_income_per_capita,region,2006,20,15,15,5,75.0,partial
nominal_income_per_capita,region,2007,20,15,15,5,75.0,partial
nominal_income_per_capita,region,2008,20,15,15,5,75.0,partial
nominal_income_per_capita,region,2009,20,15,15,5,75.0,partial
nominal_income_per_capita,region,2010,20,15,15,5,75.0,partial
nominal_income_per_capita,region,2011,20,15,15,5,75.0,partial
nominal_income_per_capita,region,2012,20,15,15,5,75.0,partial
nominal_income_per_capita,region,2013,20,15,15,5,75.0,partial
nominal_income_per_capita,region,2014,20,15,15,5,75.0,partial
nominal_income_per_capita,region,2015,20,15,15,5,75.0,partial
nominal_income_per_capita,region,2016,20,15,15,5,75.0,partial
nominal_income_per_capita,region,2017,20,15,15,5,75.0,partial
nominal_income_per_capita,region,2018,20,17,17,3,85.0,partial
nominal_income_per_capita,region,2019,20,17,17,3,85.0,partial
nominal_income_per_capita,region,2020,20,17,17,3,85.0,partial
nominal_income_per_capita,region,2021,20,17,17,3,85.0,partial
nominal_income_per_capita,region,2022,20,20,20,0,100.0,ok
nominal_income_per_capita,region,2023,20,20,20,0,100.0,ok
nominal_income_per_capita,region,2024,20,20,20,0,100.0,ok
grp,region,2010-Q1,20,15,15,5,75.0,partial
grp,region,2010-Q2,20,15,15,5,75.0,partial
grp,region,2010-Q3,20,15,15,5,75.0,partial
grp,region,2010-Q4,20,15,15,5,75.0,partial
grp,region,2011-Q1,20,15,15,5,75.0,partial
grp,region,2011-Q2,20,15,15,5,75.0,partial
grp,region,2011-Q3,20,15,15,5,75.0,partial
grp,region,2011-Q4,20,15,15,5,75.0,partial
grp,region,2012-Q1,20,15,15,5,75.0,partial
grp,region,2012-Q2,20,15,15,5,75.0,partial
grp,region,2012-Q3,20,15,15,5,75.0,partial
grp,region,2012-Q4,20,15,15,5,75.0,partial
grp,region,2013-Q1,20,15,15,5,75.0,partial
grp,region,2013-Q2,20,15,15,5,75.0,partial
grp,region,2013-Q3,20,15,15,5,75.0,partial
grp,region,2013-Q4,20,15,15,5,75.0,partial
grp,region,2014-Q1,20,15,15,5,75.0,partial
grp,region,2014-Q2,20,15,15,5,75.0,partial
grp,region,2014-Q3,20,15,15,5,75.0,partial
grp,region,2014-Q4,20,15,15,5,75.0,partial
grp,region,2015-Q1,20,15,15,5,75.0,partial
grp,region,2015-Q2,20,15,15,5,75.0,partial
grp,region,2015-Q3,20,15,15,5,75.0,partial
grp,region,2015-Q4,20,15,15,5,75.0,partial
grp,region,2016-Q1,20,15,15,5,75.0,partial
grp,region,2016-Q2,20,15,15,5,75.0,partial
grp,region,2016-Q3,20,15,15,5,75.0,partial
grp,region,2016-Q4,20,15,15,5,75.0,partial
grp,region,2017-Q1,20,15,15,5,75.0,partial
grp,region,2017-Q2,20,15,15,5,75.0,partial
grp,region,2017-Q3,20,15,15,5,75.0,partial
grp,region,2017-Q4,20,15,15,5,75.0,partial
grp,region,2018-Q1,20,15,15,5,75.0,partial
grp,region,2018-Q2,20,17,17,3,85.0,partial
grp,region,2018-Q3,20,17,17,3,85.0,partial
grp,region,2018-Q4,20,17,17,3,85.0,partial
grp,region,2019-Q1,20,17,17,3,85.0,partial
grp,region,2019-Q2,20,17,17,3,85.0,partial
grp,region,2019-Q3,20,17,17,3,85.0,partial
grp,region,2019-Q4,20,17,17,3,85.0,partial
grp,region,2020-Q1,20,17,17,3,85.0,partial
grp,region,2020-Q2,20,17,17,3,85.0,partial
grp,region,2020-Q3,20,17,17,3,85.0,partial
grp,region,2020-Q4,20,17,17,3,85.0,partial
grp,region,2021-Q1,20,17,17,3,85.0,partial
grp,region,2021-Q2,20,17,17,3,85.0,partial
grp,region,2021-Q3,20,17,17,3,85.0,partial
grp,region,2021-Q4,20,17,17,3,85.0,partial
grp,region,2022-Q1,20,17,17,3,85.0,partial
grp,region,2022-Q2,20,20,20,0,100.0,ok
grp,region,2022-Q3,20,20,20,0,100.0,ok
grp,region,2022-Q4,20,20,20,0,100.0,ok
grp,region,2023-Q1,20,20,20,0,100.0,ok
grp,region,2023-Q2,20,20,20,0,100.0,ok
grp,region,2023-Q3,20,20,20,0,100.0,ok
grp,region,2023-Q4,20,20,20,0,100.0,ok
grp,region,2024-Q1,20,20,20,0,100.0,ok
grp,region,2024-Q2,20,20,20,0,100.0,ok
grp,region,2024-Q3,20,20,20,0,100.0,ok
grp,region,2025-Q1,20,20,20,0,100.0,ok
grp_per_capita,region,2000,20,15,15,5,75.0,partial
grp_per_capita,region,2001,20,15,15,5,75.0,partial
grp_per_capita,region,2002,20,15,15,5,75.0,partial
grp_per_capita,region,2003,20,15,15,5,75.0,partial
grp_per_capita,region,2004,20,15,15,5,75.0,partial
grp_per_capita,region,2005,20,15,15,5,75.0,partial
grp_per_capita,region,2006,20,15,15,5,75.0,partial
grp_per_capita,region,2007,20,15,15,5,75.0,partial
grp_per_capita,region,2008,20,15,15,5,75.0,partial
grp_per_capita,region,2009,20,15,15,5,75.0,partial
grp_per_capita,region,2014,20,15,15,5,75.0,partial
grp_per_capita,region,2015,20,15,15,5,75.0,partial
grp_per_capita,region,2016,20,15,15,5,75.0,partial
grp_per_capita,region,2017,20,15,15,5,75.0,partial
grp_per_capita,region,2018,20,17,17,3,85.0,partial
grp_per_capita,region,2019,20,17,17,3,85.0,partial
grp_per_capita,region,2020,20,17,17,3,85.0,partial
grp_per_capita,region,2022,20,20,20,0,100.0,ok
grp_per_capita,region,2023,20,20,20,0,100.0,ok
grp_per_capita,region,2024,20,20,20,0,100.0,ok
grp_volume_index,region,2001,20,15,15,5,75.0,partial
grp_volume_index,region,2002,20,15,15,5,75.0,partial
grp_volume_index,region,2003,20,15,15,5,75.0,partial
grp_volume_index,region,2004,20,15,15,5,75.0,partial
grp_volume_index,region,2005,20,15,15,5,75.0,partial
grp_volume_index,region,2006,20,15,15,5,75.0,partial
grp_volume_index,region,2007,20,15,15,5,75.0,partial
grp_volume_index,region,2008,20,15,15,5,75.0,partial
grp_volume_index,region,2009,20,15,15,5,75.0,partial
grp_volume_index,region,2014,20,15,15,5,75.0,partial
grp_volume_index,region,2015,20,15,15,5,75.0,partial
grp_volume_index,region,2016,20,15,15,5,75.0,partial
grp_volume_index,region,2017,20,15,15,5,75.0,partial
grp_volume_index,region,2018,20,17,17,3,85.0,partial
grp_volume_index,region,2019,20,17,17,3,85.0,partial
grp_volume_index,region,2020,20,17,17,3,85.0,partial
grp_volume_index,region,2022,20,20,20,0,100.0,ok
grp_volume_index,region,2023,20,20,20,0,100.0,ok
grp_volume_index,region,2024,20,20,20,0,100.0,ok
industrial_output,region,2009,20,15,15,5,75.0,partial
industrial_output,district,2009,204,186,186,18,91.2,partial
industrial_output,region,2010,20,15,15,5,75.0,partial
industrial_output,district,2010,204,186,186,18,91.2,partial
industrial_output,region,2011,20,15,15,5,75.0,partial
industrial_output,district,2011,204,187,187,17,91.7,partial
industrial_output,region,2012,20,15,15,5,75.0,partial
industrial_output,district,2012,204,186,186,18,91.2,partial
industrial_output,region,2013,20,15,15,5,75.0,partial
industrial_output,district,2013,204,187,187,17,91.7,partial
industrial_output,region,2014,20,15,15,5,75.0,partial
industrial_output,district,2014,204,187,187,17,91.7,partial
industrial_output,region,2015,20,15,15,5,75.0,partial
industrial_output,district,2015,204,187,187,17,91.7,partial
industrial_output,region,2016,20,15,15,5,75.0,partial
industrial_output,district,2016,204,187,187,17,91.7,partial
industrial_output,region,2017,20,15,15,5,75.0,partial
industrial_output,district,2017,204,187,187,17,91.7,partial
industrial_output,region,2018,20,17,17,3,85.0,partial
industrial_output,district,2018,204,190,190,14,93.1,partial
industrial_output,region,2019,20,17,17,3,85.0,partial
industrial_output,district,2019,204,190,190,14,93.1,partial
industrial_output,region,2020,20,17,17,3,85.0,partial
industrial_output,district,2020,204,190,190,14,93.1,partial
industrial_output,region,2021,20,17,17,3,85.0,partial
industrial_output,district,2021,204,191,191,13,93.6,partial
industrial_output,region,2022,20,20,20,0,100.0,ok
industrial_output,district,2022,204,193,193,11,94.6,partial
industrial_output,region,2023,20,20,20,0,100.0,ok
industrial_output,district,2023,204,193,193,11,94.6,partial
industrial_production_index,region,2009,20,15,15,5,75.0,partial
industrial_production_index,district,2009,204,185,185,19,90.7,partial
industrial_production_index,region,2010,20,15,15,5,75.0,partial
industrial_production_index,district,2010,204,186,186,18,91.2,partial
industrial_production_index,region,2011,20,15,15,5,75.0,partial
industrial_production_index,district,2011,204,186,186,18,91.2,partial
industrial_production_index,region,2012,20,15,15,5,75.0,partial
industrial_production_index,district,2012,204,186,186,18,91.2,partial
industrial_production_index,region,2013,20,15,15,5,75.0,partial
industrial_production_index,district,2013,204,186,186,18,91.2,partial
industrial_production_index,region,2014,20,15,15,5,75.0,partial
industrial_production_index,district,2014,204,187,187,17,91.7,partial
industrial_production_index,region,2015,20,15,15,5,75.0,partial
industrial_production_index,district,2015,204,187,187,17,91.7,partial
industrial_production_index,region,2016,20,15,15,5,75.0,partial
industrial_production_index,district,2016,204,187,187,17,91.7,partial
industrial_production_index,region,2017,20,15,15,5,75.0,partial
industrial_production_index,district,2017,204,187,187,17,91.7,partial
industrial_production_index,region,2018,20,17,17,3,85.0,partial
industrial_production_index,district,2018,204,190,190,14,93.1,partial
industrial_production_index,region,2019,20,17,17,3,85.0,partial
industrial_production_index,district,2019,204,190,190,14,93.1,partial
industrial_production_index,region,2020,20,17,17,3,85.0,partial
industrial_production_index,district,2020,204,190,190,14,93.1,partial
industrial_production_index,region,2021,20,17,17,3,85.0,partial
industrial_production_index,district,2021,204,191,191,13,93.6,partial
industrial_production_index,region,2022,20,20,20,0,100.0,ok
industrial_production_index,district,2022,204,193,193,11,94.6,partial
industrial_production_index,region,2023,20,20,20,0,100.0,ok
industrial_production_index,district,2023,204,193,193,11,94.6,partial
fixed_capital_investment,region,2016,20,15,15,5,75.0,partial
fixed_capital_investment,district,2016,204,187,187,17,91.7,partial
fixed_capital_investment,region,2017,20,15,15,5,75.0,partial
fixed_capital_investment,district,2017,204,187,187,17,91.7,partial
fixed_capital_investment,region,2018,20,17,17,3,85.0,partial
fixed_capital_investment,district,2018,204,190,190,14,93.1,partial
construction_output,region,2016,20,15,15,5,75.0,partial
construction_output,district,2016,204,183,183,21,89.7,partial
construction_output,region,2017,20,15,15,5,75.0,partial
construction_output,district,2017,204,184,184,20,90.2,partial
construction_output,region,2018,20,17,17,3,85.0,partial
construction_output,district,2018,204,187,187,17,91.7,partial
construction_output,region,2019,20,17,17,3,85.0,partial
construction_output,district,2019,204,187,187,17,91.7,partial
construction_output,region,2020,20,17,17,3,85.0,partial
construction_output,district,2020,204,186,186,18,91.2,partial
construction_output,region,2021,20,17,17,3,85.0,partial
construction_output,district,2021,204,188,188,16,92.2,partial
construction_output,region,2022,20,20,20,0,100.0,ok
construction_output,district,2022,204,188,188,16,92.2,partial
housing_commissioned,region,2014,20,15,15,5,75.0,partial
housing_commissioned,district,2014,204,178,178,26,87.3,partial
housing_commissioned,region,2015,20,15,15,5,75.0,partial
housing_commissioned,district,2015,204,182,182,22,89.2,partial
housing_commissioned,region,2016,20,15,15,5,75.0,partial
housing_commissioned,district,2016,204,183,183,21,89.7,partial
housing_commissioned,region,2017,20,15,15,5,75.0,partial
housing_commissioned,district,2017,204,182,182,22,89.2,partial
housing_commissioned,region,2018,20,17,17,3,85.0,partial
housing_commissioned,district,2018,204,187,187,17,91.7,partial
housing_commissioned,region,2019,20,17,17,3,85.0,partial
housing_commissioned,district,2019,204,185,185,19,90.7,partial
housing_commissioned,region,2020,20,17,17,3,85.0,partial
housing_commissioned,district,2020,204,185,185,19,90.7,partial
housing_commissioned,region,2021,20,17,17,3,85.0,partial
housing_commissioned,district,2021,204,187,187,17,91.7,partial
housing_commissioned,region,2022,20,20,20,0,100.0,ok
housing_commissioned,district,2022,204,187,187,17,91.7,partial
population_change_pct,region,2001,20,15,15,5,75.0,partial
population_change_pct,district,2001,204,0,0,204,0.0,partial
population_change_pct,region,2002,20,15,15,5,75.0,partial
population_change_pct,district,2002,204,0,0,204,0.0,partial
population_change_pct,region,2003,20,15,15,5,75.0,partial
population_change_pct,district,2003,204,0,0,204,0.0,partial
population_change_pct,region,2004,20,15,15,5,75.0,partial
population_change_pct,district,2004,204,0,0,204,0.0,partial
population_change_pct,region,2005,20,15,15,5,75.0,partial
population_change_pct,district,2005,204,0,0,204,0.0,partial
population_change_pct,region,2006,20,15,15,5,75.0,partial
population_change_pct,district,2006,204,0,0,204,0.0,partial
population_change_pct,region,2007,20,15,15,5,75.0,partial
population_change_pct,district,2007,204,0,0,204,0.0,partial
population_change_pct,region,2008,20,15,15,5,75.0,partial
population_change_pct,district,2008,204,0,0,204,0.0,partial
population_change_pct,region,2009,20,15,15,5,75.0,partial
population_change_pct,district,2009,204,0,0,204,0.0,partial
population_change_pct,region,2010,20,15,15,5,75.0,partial
population_change_pct,district,2010,204,187,187,17,91.7,partial
population_change_pct,region,2011,20,15,15,5,75.0,partial
population_change_pct,district,2011,204,187,187,17,91.7,partial
population_change_pct,region,2012,20,15,15,5,75.0,partial
population_change_pct,district,2012,204,187,187,17,91.7,partial
population_change_pct,region,2013,20,15,15,5,75.0,partial
population_change_pct,district,2013,204,187,187,17,91.7,partial
population_change_pct,region,2014,20,15,15,5,75.0,partial
population_change_pct,district,2014,204,187,187,17,91.7,partial
population_change_pct,region,2015,20,15,15,5,75.0,partial
population_change_pct,district,2015,204,187,187,17,91.7,partial
population_change_pct,region,2016,20,15,15,5,75.0,partial
population_change_pct,district,2016,204,187,187,17,91.7,partial
population_change_pct,region,2017,20,15,15,5,75.0,partial
population_change_pct,district,2017,204,187,187,17,91.7,partial
population_change_pct,region,2018,20,15,15,5,75.0,partial
population_change_pct,district,2018,204,165,165,39,80.9,partial
population_change_pct,region,2019,20,17,17,3,85.0,partial
population_change_pct,district,2019,204,190,190,14,93.1,partial
population_change_pct,region,2020,20,17,17,3,85.0,partial
population_change_pct,district,2020,204,190,190,14,93.1,partial
population_change_pct,region,2021,20,17,17,3,85.0,partial
population_change_pct,district,2021,204,168,168,36,82.4,partial
population_change_pct,region,2022,20,17,17,3,85.0,partial
population_change_pct,district,2022,204,190,190,14,93.1,partial
population_change_pct,region,2023,20,20,20,0,100.0,ok
population_change_pct,district,2023,204,193,193,11,94.6,partial
population_change_pct,region,2024,20,20,20,0,100.0,ok
population_change_pct,district,2024,204,193,193,11,94.6,partial
population_change_pct,region,2025,20,20,20,0,100.0,ok
population_change_pct,district,2025,204,193,193,11,94.6,partial
population_density,region,2000,20,15,15,5,75.0,partial
population_density,district,2000,204,0,0,204,0.0,partial
population_density,region,2001,20,15,15,5,75.0,partial
population_density,district,2001,204,0,0,204,0.0,partial
population_density,region,2002,20,15,15,5,75.0,partial
population_density,district,2002,204,0,0,204,0.0,partial
population_density,region,2003,20,15,15,5,75.0,partial
population_density,district,2003,204,0,0,204,0.0,partial
population_density,region,2004,20,15,15,5,75.0,partial
population_density,district,2004,204,0,0,204,0.0,partial
population_density,region,2005,20,15,15,5,75.0,partial
population_density,district,2005,204,0,0,204,0.0,partial
population_density,region,2006,20,15,15,5,75.0,partial
population_density,district,2006,204,0,0,204,0.0,partial
population_density,region,2007,20,15,15,5,75.0,partial
population_density,district,2007,204,0,0,204,0.0,partial
population_density,region,2008,20,15,15,5,75.0,partial
population_density,district,2008,204,0,0,204,0.0,partial
population_density,region,2009,20,15,15,5,75.0,partial
population_density,district,2009,204,187,187,17,91.7,partial
population_density,region,2010,20,15,15,5,75.0,partial
population_density,district,2010,204,187,187,17,91.7,partial
population_density,region,2011,20,15,15,5,75.0,partial
population_density,district,2011,204,187,187,17,91.7,partial
population_density,region,2012,20,15,15,5,75.0,partial
population_density,district,2012,204,187,187,17,91.7,partial
population_density,region,2013,20,15,15,5,75.0,partial
population_density,district,2013,204,187,187,17,91.7,partial
population_density,region,2014,20,15,15,5,75.0,partial
population_density,district,2014,204,187,187,17,91.7,partial
population_density,region,2015,20,15,15,5,75.0,partial
population_density,district,2015,204,187,187,17,91.7,partial
population_density,region,2016,20,15,15,5,75.0,partial
population_density,district,2016,204,187,187,17,91.7,partial
population_density,region,2017,20,15,15,5,75.0,partial
population_density,district,2017,204,187,187,17,91.7,partial
population_density,region,2018,20,17,17,3,85.0,partial
population_density,district,2018,204,168,168,36,82.4,partial
population_density,region,2019,20,17,17,3,85.0,partial
population_density,district,2019,204,190,190,14,93.1,partial
population_density,region,2020,20,17,17,3,85.0,partial
population_density,district,2020,204,190,190,14,93.1,partial
population_density,region,2021,20,17,17,3,85.0,partial
population_density,district,2021,204,168,168,36,82.4,partial
population_density,region,2022,20,20,20,0,100.0,ok
population_density,district,2022,204,193,193,11,94.6,partial
population_density,region,2023,20,20,20,0,100.0,ok
population_density,district,2023,204,193,193,11,94.6,partial
population_density,region,2024,20,20,20,0,100.0,ok
population_density,district,2024,204,193,193,11,94.6,partial
population_density,region,2025,20,20,20,0,100.0,ok
population_density,district,2025,204,194,194,10,95.1,partial
fixed_capital_investment_per_capita,region,2016,20,15,15,5,75.0,partial
fixed_capital_investment_per_capita,district,2016,204,187,187,17,91.7,partial
fixed_capital_investment_per_capita,region,2017,20,15,15,5,75.0,partial
fixed_capital_investment_per_capita,district,2017,204,187,187,17,91.7,partial
fixed_capital_investment_per_capita,region,2018,20,17,17,3,85.0,partial
fixed_capital_investment_per_capita,district,2018,204,168,168,36,82.4,partial
