status,source_name,source_id,candidates,decision
matched,Семей,KZ101000,101000000,exact_code
unmatched_geometry,Жанасемейский,KZ101010,,review_required
matched,Курчатов,KZ101800,101800000,exact_code
matched,Абайский,KZ103200,103200000,exact_code
matched,Аксуатский,KZ103400,103400000,exact_code
matched,Аягозский,KZ103600,103600000,exact_code
matched,Бескарагайский,KZ103800,103800000,exact_code
matched,Бородулихинский,KZ104000,104000000,exact_code
matched,Жарминский,KZ104200,104200000,exact_code
matched,Кокпектинский,KZ104400,104400000,exact_code
matched,Маканчинский,KZ104500,104500000,exact_code
matched,Урджарский,KZ104600,104600000,exact_code
matched,Кокшетау,KZ111000,111000000,exact_code
matched,Косшы,KZ111600,111600000,exact_code
matched,Степногорск,KZ111800,111800000,exact_code
matched,Аккольский,KZ113200,113200000,exact_code
matched,Aршалинский,KZ113400,113400000,exact_code
matched,Астраханский,KZ113600,113600000,exact_code
matched,Атбасарский,KZ113800,113800000,exact_code
matched,Буландынский,KZ114000,114000000,exact_code
matched,Егиндыкольский,KZ114400,114400000,exact_code
matched,Биржан сал,KZ114500,114500000,exact_code
matched,Ерейментауский,KZ114600,114600000,exact_code
matched,Есильский,KZ114800,114800000,exact_code
matched,Жаксынский,KZ115200,115200000,exact_code
matched,Жаркаинский,KZ115400,115400000,exact_code
matched,Зерендинский,KZ115600,115600000,exact_code
matched,Коргалжынский,KZ116000,116000000,exact_code
matched,Сандыктауский,KZ116400,116400000,exact_code
matched,Целиноградский,KZ116600,116600000,exact_code
matched,Шортандинский,KZ116800,116800000,exact_code
matched,Бурабайский,KZ117000,117000000,exact_code
matched,Актобе,KZ151000,151000000,exact_code
matched,Алгинский,KZ153200,153200000,exact_code
matched,Айтекебийский,KZ153400,153400000,exact_code
matched,Байганинский,KZ153600,153600000,exact_code
matched,Каргалинский,KZ154000,154000000,exact_code
matched,Хобдинский,KZ154200,154200000,exact_code
matched,Мартукский,KZ154600,154600000,exact_code
matched,Мугалжарский,KZ154800,154800000,exact_code
matched,Уилский,KZ155200,155200000,exact_code
matched,Темирский,KZ155600,155600000,exact_code
matched,Хромтауский,KZ156000,156000000,exact_code
matched,Шалкарский,KZ156400,156400000,exact_code
matched,Иргизский,KZ156800,156800000,exact_code
matched,Конаев,KZ191000,191000000,exact_code
matched,Алатау,KZ191800,191800000,exact_code
matched,Балхашский,KZ193600,193600000,exact_code
matched,Енбекшиказахский,KZ194000,194000000,exact_code
matched,Жамбылский,KZ194200,194200000,exact_code
matched,Кегенский,KZ194400,194400000,exact_code
matched,Карасайский,KZ195200,195200000,exact_code
matched,Райымбекский,KZ195800,195800000,exact_code
matched,Талгарский,KZ196200,196200000,exact_code
matched,Уйгурский,KZ196600,196600000,exact_code
matched,Илийский,KZ196800,196800000,exact_code
matched,Атырау,KZ231000,231000000,exact_code
matched,Жылыойский,KZ233600,233600000,exact_code
matched,Индерский,KZ234000,234000000,exact_code
matched,Исатайский,KZ234200,234200000,exact_code
matched,Курмангазинский,KZ234600,234600000,exact_code
matched,Кзылкогинский,KZ234800,234800000,exact_code
matched,Макатский,KZ235200,235200000,exact_code
matched,Махамбетский,KZ235600,235600000,exact_code
matched,Уральск,KZ271000,271000000,exact_code
matched,Акжаикский,KZ273200,273200000,exact_code
matched,Бурлинский,KZ273600,273600000,exact_code
matched,Жангалинский,KZ274000,274000000,exact_code
matched,Жанибекский,KZ274200,274200000,exact_code
matched,Байтерек,KZ274400,274400000,exact_code
matched,Казталовский,KZ274800,274800000,exact_code
matched,Каратобеский,KZ275000,275000000,exact_code
matched,Бокейординский,KZ275400,275400000,exact_code
matched,Сырымский,KZ275800,275800000,exact_code
matched,Таскалинский,KZ276000,276000000,exact_code
matched,Теректинский,KZ276200,276200000,exact_code
matched,Чингирлауский,KZ276600,276600000,exact_code
matched,Тараз,KZ311000,311000000,exact_code
matched,Байзакский,KZ313600,313600000,exact_code
matched,Жамбылский,KZ314000,314000000,exact_code
matched,Жуалынский,KZ314200,314200000,exact_code
matched,Кордайский,KZ314800,314800000,exact_code
matched,Турар Рыскулов,KZ315000,315000000,exact_code
matched,Меркенский,KZ315400,315400000,exact_code
matched,Мойынкумский,KZ315600,315600000,exact_code
matched,Сарысуский,KZ316000,316000000,exact_code
matched,Таласский,KZ316200,316200000,exact_code
matched,Шуский,KZ316600,316600000,exact_code
matched,Талдықорған,KZ331000,331000000,exact_code
matched,Текели,KZ331800,331800000,exact_code
matched,Аксуский,KZ333200,333200000,exact_code
matched,Алакольский,KZ333400,333400000,exact_code
matched,Ескельдинский,KZ333600,333600000,exact_code
matched,Кербулакский,KZ334000,334000000,exact_code
matched,Коксуский,KZ334200,334200000,exact_code
matched,Каратальский,KZ334400,334400000,exact_code
matched,Панфиловский,KZ334600,334600000,exact_code
matched,Сарканский,KZ334800,334800000,exact_code
matched,Караганда,KZ351000,351000000,exact_code
matched,Балхаш,KZ351600,351600000,exact_code
matched,Приозерск,KZ352100,352100000,exact_code
matched,Сарань,KZ352200,352200000,exact_code
matched,Темиртау,KZ352400,352400000,exact_code
matched,Шахтинск,KZ352800,352800000,exact_code
matched,Абайский,KZ353200,353200000,exact_code
matched,Актогайский,KZ353600,353600000,exact_code
matched,Бухар-Жырауский,KZ354000,354000000,exact_code
matched,Каркаралинский,KZ354800,354800000,exact_code
matched,Нуринский,KZ355200,355200000,exact_code
matched,Осакаровский,KZ355600,355600000,exact_code
matched,Шетский,KZ356400,356400000,exact_code
matched,Костанай,KZ391000,391000000,exact_code
matched,Аркалык,KZ391600,391600000,exact_code
matched,Лисаковск,KZ392000,392000000,exact_code
matched,Рудный,KZ392400,392400000,exact_code
matched,Алтынсаринский,KZ393200,393200000,exact_code
matched,Амангельдинский,KZ393400,393400000,exact_code
matched,Аулиекольский,KZ393600,393600000,exact_code
matched,Денисовский,KZ394000,394000000,exact_code
matched,Джангельдинский,KZ394200,394200000,exact_code
matched,Житикаринский,KZ394400,394400000,exact_code
matched,Камыстинский,KZ394800,394800000,exact_code
matched,Карабалыкский,KZ395000,395000000,exact_code
matched,Карасуский,KZ395200,395200000,exact_code
matched,Костанайский,KZ395400,395400000,exact_code
matched,Мендыкаринский,KZ395600,395600000,exact_code
matched,Наурзумский,KZ395800,395800000,exact_code
matched,Сарыкольский,KZ396200,396200000,exact_code
matched,Беимбет Майлин,KZ396400,396400000,exact_code
matched,Узункольский,KZ396600,396600000,exact_code
matched,Федоровский,KZ396800,396800000,exact_code
matched,Кызылорда,KZ431000,431000000,exact_code
matched,Байконыр,KZ431900,431900000,exact_code
matched,Аральский,KZ433200,433200000,exact_code
matched,Жалагашский,KZ433600,433600000,exact_code
matched,Жанакорганский,KZ434000,434000000,exact_code
matched,Казалинский,KZ434400,434400000,exact_code
matched,Кармакшинский,KZ434600,434600000,exact_code
matched,Сырдарьинский,KZ434800,434800000,exact_code
matched,Чиилийский,KZ435200,435200000,exact_code
matched,Актау,KZ471000,471000000,exact_code
matched,Жанаозен,KZ471800,471800000,exact_code
matched,Бейнеуский,KZ473600,473600000,exact_code
matched,Каракиянский,KZ474200,474200000,exact_code
matched,Мангистауский,KZ474600,474600000,exact_code
matched,Мунайлинский,KZ475000,475000000,exact_code
matched,Тупкараганский,KZ475200,475200000,exact_code
matched,Павлодар,KZ551000,551000000,exact_code
matched,Аксу,KZ551600,551600000,exact_code
matched,Экибастуз,KZ552200,552200000,exact_code
matched,Актогайский,KZ553200,553200000,exact_code
matched,Баянаульский,KZ553600,553600000,exact_code
matched,Железинский,KZ554200,554200000,exact_code
matched,Иртышский,KZ554600,554600000,exact_code
matched,Теренкол,KZ554800,554800000,exact_code
matched,Аккулы,KZ555200,555200000,exact_code
matched,Майский,KZ555600,555600000,exact_code
matched,Павлодарский,KZ556000,556000000,exact_code
matched,Успенский,KZ556400,556400000,exact_code
matched,Щербактинский,KZ556800,556800000,exact_code
matched,Петропавловск,KZ591000,591000000,exact_code
matched,Айыртауский,KZ593200,593200000,exact_code
matched,Акжарский,KZ593400,593400000,exact_code
matched,Магжан Жумабаев,KZ593600,593600000,exact_code
matched,Есильский,KZ594200,594200000,exact_code
matched,Жамбылский,KZ594600,594600000,exact_code
matched,Кызылжарский,KZ595000,595000000,exact_code
matched,Мамлютский,KZ595200,595200000,exact_code
matched,Шал акын,KZ595600,595600000,exact_code
matched,Аккайынский,KZ595800,595800000,exact_code
matched,Тайыншинский,KZ596000,596000000,exact_code
matched,Тимирязевский,KZ596200,596200000,exact_code
matched,Уалихановский,KZ596400,596400000,exact_code
matched,Габит Мусрепов,KZ596600,596600000,exact_code
matched,Туркестан,KZ611000,611000000,exact_code
matched,Арысь,KZ611600,611600000,exact_code
matched,Кентау,KZ612000,612000000,exact_code
matched,Байдибек,KZ613600,613600000,exact_code
matched,Жетисайский,KZ613800,613800000,exact_code
matched,Келесский,KZ613900,613900000,exact_code
matched,Казыгуртский,KZ614000,614000000,exact_code
matched,Мактааральский,KZ614400,614400000,exact_code
matched,Ордабасынский,KZ614600,614600000,exact_code
matched,Отрарский,KZ614800,614800000,exact_code
matched,Сайрамский,KZ615200,615200000,exact_code
matched,Сарыагашский,KZ615400,615400000,exact_code
matched,Сузакский,KZ615600,615600000,exact_code
matched,Толебийский,KZ615800,615800000,exact_code
matched,Тюлькубасский,KZ616000,616000000,exact_code
matched,Шардаринский,KZ616400,616400000,exact_code
matched,Жезказган,KZ621000,621000000,exact_code
matched,Каражал,KZ621800,621800000,exact_code
unmatched_geometry,Сатпаев,KZ622010,,review_required
matched,Жанааркинский,KZ623600,623600000,exact_code
matched,Улытауский,KZ623800,623800000,exact_code
matched,Усть-Каменогорск,KZ631000,631000000,exact_code
matched,Риддер,KZ632400,632400000,exact_code
matched,Глубоковский,KZ634000,634000000,exact_code
matched,Зайсанский,KZ634600,634600000,exact_code
matched,Алтайский,KZ634800,634800000,exact_code
matched,Курчумский,KZ635200,635200000,exact_code
matched,Катон-Карагайский,KZ635400,635400000,exact_code
matched,Самарский,KZ635600,635600000,exact_code
matched,Тарбагатайский,KZ635800,635800000,exact_code
matched,Уланский,KZ636200,636200000,exact_code
matched,Шемонаихинский,KZ636800,636800000,exact_code
unmatched_geometry,Алматинский,KZ711110,,review_required
unmatched_geometry,Есильский,KZ711210,,review_required
unmatched_geometry,Сарыаркинский,KZ711310,,review_required
unmatched_geometry,Байконырский,KZ711410,,review_required
matched,Нуринский,KZ711510,355200000,exact_normalized_name_parent
unmatched_geometry,Алмалинский,KZ751110,,review_required
unmatched_geometry,Алатауский,KZ751210,,review_required
unmatched_geometry,Ауэзовский,KZ751310,,review_required
unmatched_geometry,Бостандыкский,KZ751410,,review_required
unmatched_geometry,Жетысуский,KZ751510,,review_required
unmatched_geometry,Медеуский,KZ751710,,review_required
unmatched_geometry,Наурызбайский,KZ751810,,review_required
unmatched_geometry,Турксибский,KZ751910,,review_required
unmatched_geometry,Абайский,KZ791110,,review_required
unmatched_geometry,Аль-Фарабиский,KZ791310,,review_required
unmatched_geometry,Енбекшинскийский,KZ791510,,review_required
unmatched_geometry,Каратаускийский,KZ791710,,review_required
unmatched_geometry,Туранский,KZ791910,,review_required
unmatched_kato,,,104100000,review_required
unmatched_kato,,,615500000,review_required
unmatched_kato,,,622000000,review_required
unmatched_kato,,,635500000,review_required
unmatched_kato,,,636300000,review_required
