level,status,source_name,source_id,candidates,decision
1,matched,Абайская,KZ10,100000000,exact_code
1,matched,Акмолинская,KZ11,110000000,exact_code
1,matched,Актюбинская,KZ15,150000000,exact_code
1,matched,Алматинская,KZ19,190000000,exact_code
1,matched,Атырауская,KZ23,230000000,exact_code
1,matched,Западно-Казахстанская,KZ27,270000000,exact_code
1,matched,Жамбылская,KZ31,310000000,exact_code
1,matched,Жетысуская,KZ33,330000000,exact_code
1,matched,Карагандинская,KZ35,350000000,exact_code
1,matched,Костанайская,KZ39,390000000,exact_code
1,matched,Кызылординская,KZ43,430000000,exact_code
1,matched,Мангистауская,KZ47,470000000,exact_code
1,matched,Павлодарская,KZ55,550000000,exact_code
1,matched,Северо-Казахстанская,KZ59,590000000,exact_code
1,matched,Туркестанская,KZ61,610000000,exact_code
1,matched,Улытауская,KZ62,620000000,exact_code
1,matched,Восточно-Казахстанская,KZ63,630000000,exact_code
1,matched,Астана,KZ71,710000000,exact_code
1,matched,Алматы,KZ75,750000000,exact_code
1,matched,Чимкент,KZ79,790000000,exact_code
2,matched,Семей,KZ101000,101000000,exact_code
2,unmatched_geometry,Жанасемейский,KZ101010,,review_required
2,matched,Курчатов,KZ101800,101800000,exact_code
2,matched,Абайский,KZ103200,103200000,exact_code
2,matched,Аксуатский,KZ103400,103400000,exact_code
2,matched,Аягозский,KZ103600,103600000,exact_code
2,matched,Бескарагайский,KZ103800,103800000,exact_code
2,matched,Бородулихинский,KZ104000,104000000,exact_code
2,matched,Жарминский,KZ104200,104200000,exact_code
2,matched,Кокпектинский,KZ104400,104400000,exact_code
2,matched,Маканчинский,KZ104500,104500000,exact_code
2,matched,Урджарский,KZ104600,104600000,exact_code
2,matched,Кокшетау,KZ111000,111000000,exact_code
2,matched,Косшы,KZ111600,111600000,exact_code
2,matched,Степногорск,KZ111800,111800000,exact_code
2,matched,Аккольский,KZ113200,113200000,exact_code
2,matched,Aршалинский,KZ113400,113400000,exact_code
2,matched,Астраханский,KZ113600,113600000,exact_code
2,matched,Атбасарский,KZ113800,113800000,exact_code
2,matched,Буландынский,KZ114000,114000000,exact_code
2,matched,Егиндыкольский,KZ114400,114400000,exact_code
2,matched,Биржан сал,KZ114500,114500000,exact_code
2,matched,Ерейментауский,KZ114600,114600000,exact_code
2,matched,Есильский,KZ114800,114800000,exact_code
2,matched,Жаксынский,KZ115200,115200000,exact_code
2,matched,Жаркаинский,KZ115400,115400000,exact_code
2,matched,Зерендинский,KZ115600,115600000,exact_code
2,matched,Коргалжынский,KZ116000,116000000,exact_code
2,matched,Сандыктауский,KZ116400,116400000,exact_code
2,matched,Целиноградский,KZ116600,116600000,exact_code
2,matched,Шортандинский,KZ116800,116800000,exact_code
2,matched,Бурабайский,KZ117000,117000000,exact_code
2,matched,Актобе,KZ151000,151000000,exact_code
2,matched,Алгинский,KZ153200,153200000,exact_code
2,matched,Айтекебийский,KZ153400,153400000,exact_code
2,matched,Байганинский,KZ153600,153600000,exact_code
2,matched,Каргалинский,KZ154000,154000000,exact_code
2,matched,Хобдинский,KZ154200,154200000,exact_code
2,matched,Мартукский,KZ154600,154600000,exact_code
2,matched,Мугалжарский,KZ154800,154800000,exact_code
2,matched,Уилский,KZ155200,155200000,exact_code
2,matched,Темирский,KZ155600,155600000,exact_code
2,matched,Хромтауский,KZ156000,156000000,exact_code
2,matched,Шалкарский,KZ156400,156400000,exact_code
2,matched,Иргизский,KZ156800,156800000,exact_code
2,matched,Конаев,KZ191000,191000000,exact_code
2,matched,Алатау,KZ191800,191800000,exact_code
2,matched,Балхашский,KZ193600,193600000,exact_code
2,matched,Енбекшиказахский,KZ194000,194000000,exact_code
2,matched,Жамбылский,KZ194200,194200000,exact_code
2,matched,Кегенский,KZ194400,194400000,exact_code
2,matched,Карасайский,KZ195200,195200000,exact_code
2,matched,Райымбекский,KZ195800,195800000,exact_code
2,matched,Талгарский,KZ196200,196200000,exact_code
2,matched,Уйгурский,KZ196600,196600000,exact_code
2,matched,Илийский,KZ196800,196800000,exact_code
2,matched,Атырау,KZ231000,231000000,exact_code
2,matched,Жылыойский,KZ233600,233600000,exact_code
2,matched,Индерский,KZ234000,234000000,exact_code
2,matched,Исатайский,KZ234200,234200000,exact_code
2,matched,Курмангазинский,KZ234600,234600000,exact_code
2,matched,Кзылкогинский,KZ234800,234800000,exact_code
2,matched,Макатский,KZ235200,235200000,exact_code
2,matched,Махамбетский,KZ235600,235600000,exact_code
2,matched,Уральск,KZ271000,271000000,exact_code
2,matched,Акжаикский,KZ273200,273200000,exact_code
2,matched,Бурлинский,KZ273600,273600000,exact_code
2,matched,Жангалинский,KZ274000,274000000,exact_code
2,matched,Жанибекский,KZ274200,274200000,exact_code
2,matched,Байтерек,KZ274400,274400000,exact_code
2,matched,Казталовский,KZ274800,274800000,exact_code
2,matched,Каратобеский,KZ275000,275000000,exact_code
2,matched,Бокейординский,KZ275400,275400000,exact_code
2,matched,Сырымский,KZ275800,275800000,exact_code
2,matched,Таскалинский,KZ276000,276000000,exact_code
2,matched,Теректинский,KZ276200,276200000,exact_code
2,matched,Чингирлауский,KZ276600,276600000,exact_code
2,matched,Тараз,KZ311000,311000000,exact_code
2,matched,Байзакский,KZ313600,313600000,exact_code
2,matched,Жамбылский,KZ314000,314000000,exact_code
2,matched,Жуалынский,KZ314200,314200000,exact_code
2,matched,Кордайский,KZ314800,314800000,exact_code
2,matched,Турар Рыскулов,KZ315000,315000000,exact_code
2,matched,Меркенский,KZ315400,315400000,exact_code
2,matched,Мойынкумский,KZ315600,315600000,exact_code
2,matched,Сарысуский,KZ316000,316000000,exact_code
2,matched,Таласский,KZ316200,316200000,exact_code
2,matched,Шуский,KZ316600,316600000,exact_code
2,matched,Талдықорған,KZ331000,331000000,exact_code
2,matched,Текели,KZ331800,331800000,exact_code
2,matched,Аксуский,KZ333200,333200000,exact_code
2,matched,Алакольский,KZ333400,333400000,exact_code
2,matched,Ескельдинский,KZ333600,333600000,exact_code
2,matched,Кербулакский,KZ334000,334000000,exact_code
2,matched,Коксуский,KZ334200,334200000,exact_code
2,matched,Каратальский,KZ334400,334400000,exact_code
2,matched,Панфиловский,KZ334600,334600000,exact_code
2,matched,Сарканский,KZ334800,334800000,exact_code
2,matched,Караганда,KZ351000,351000000,exact_code
2,matched,Балхаш,KZ351600,351600000,exact_code
2,matched,Приозерск,KZ352100,352100000,exact_code
2,matched,Сарань,KZ352200,352200000,exact_code
2,matched,Темиртау,KZ352400,352400000,exact_code
2,matched,Шахтинск,KZ352800,352800000,exact_code
2,matched,Абайский,KZ353200,353200000,exact_code
2,matched,Актогайский,KZ353600,353600000,exact_code
2,matched,Бухар-Жырауский,KZ354000,354000000,exact_code
2,matched,Каркаралинский,KZ354800,354800000,exact_code
2,matched,Нуринский,KZ355200,355200000,exact_code
2,matched,Осакаровский,KZ355600,355600000,exact_code
2,matched,Шетский,KZ356400,356400000,exact_code
2,matched,Костанай,KZ391000,391000000,exact_code
2,matched,Аркалык,KZ391600,391600000,exact_code
2,matched,Лисаковск,KZ392000,392000000,exact_code
2,matched,Рудный,KZ392400,392400000,exact_code
2,matched,Алтынсаринский,KZ393200,393200000,exact_code
2,matched,Амангельдинский,KZ393400,393400000,exact_code
2,matched,Аулиекольский,KZ393600,393600000,exact_code
2,matched,Денисовский,KZ394000,394000000,exact_code
2,matched,Джангельдинский,KZ394200,394200000,exact_code
2,matched,Житикаринский,KZ394400,394400000,exact_code
2,matched,Камыстинский,KZ394800,394800000,exact_code
2,matched,Карабалыкский,KZ395000,395000000,exact_code
2,matched,Карасуский,KZ395200,395200000,exact_code
2,matched,Костанайский,KZ395400,395400000,exact_code
2,matched,Мендыкаринский,KZ395600,395600000,exact_code
2,matched,Наурзумский,KZ395800,395800000,exact_code
2,matched,Сарыкольский,KZ396200,396200000,exact_code
2,matched,Беимбет Майлин,KZ396400,396400000,exact_code
2,matched,Узункольский,KZ396600,396600000,exact_code
2,matched,Федоровский,KZ396800,396800000,exact_code
2,matched,Кызылорда,KZ431000,431000000,exact_code
2,matched,Байконыр,KZ431900,431900000,exact_code
2,matched,Аральский,KZ433200,433200000,exact_code
2,matched,Жалагашский,KZ433600,433600000,exact_code
2,matched,Жанакорганский,KZ434000,434000000,exact_code
2,matched,Казалинский,KZ434400,434400000,exact_code
2,matched,Кармакшинский,KZ434600,434600000,exact_code
2,matched,Сырдарьинский,KZ434800,434800000,exact_code
2,matched,Чиилийский,KZ435200,435200000,exact_code
2,matched,Актау,KZ471000,471000000,exact_code
2,matched,Жанаозен,KZ471800,471800000,exact_code
2,matched,Бейнеуский,KZ473600,473600000,exact_code
2,matched,Каракиянский,KZ474200,474200000,exact_code
2,matched,Мангистауский,KZ474600,474600000,exact_code
2,matched,Мунайлинский,KZ475000,475000000,exact_code
2,matched,Тупкараганский,KZ475200,475200000,exact_code
2,matched,Павлодар,KZ551000,551000000,exact_code
2,matched,Аксу,KZ551600,551600000,exact_code
2,matched,Экибастуз,KZ552200,552200000,exact_code
2,matched,Актогайский,KZ553200,553200000,exact_code
2,matched,Баянаульский,KZ553600,553600000,exact_code
2,matched,Железинский,KZ554200,554200000,exact_code
2,matched,Иртышский,KZ554600,554600000,exact_code
2,matched,Теренкол,KZ554800,554800000,exact_code
2,matched,Аккулы,KZ555200,555200000,exact_code
2,matched,Майский,KZ555600,555600000,exact_code
2,matched,Павлодарский,KZ556000,556000000,exact_code
2,matched,Успенский,KZ556400,556400000,exact_code
2,matched,Щербактинский,KZ556800,556800000,exact_code
2,matched,Петропавловск,KZ591000,591000000,exact_code
2,matched,Айыртауский,KZ593200,593200000,exact_code
2,matched,Акжарский,KZ593400,593400000,exact_code
2,matched,Магжан Жумабаев,KZ593600,593600000,exact_code
2,matched,Есильский,KZ594200,594200000,exact_code
2,matched,Жамбылский,KZ594600,594600000,exact_code
2,matched,Кызылжарский,KZ595000,595000000,exact_code
2,matched,Мамлютский,KZ595200,595200000,exact_code
2,matched,Шал акын,KZ595600,595600000,exact_code
2,matched,Аккайынский,KZ595800,595800000,exact_code
2,matched,Тайыншинский,KZ596000,596000000,exact_code
2,matched,Тимирязевский,KZ596200,596200000,exact_code
2,matched,Уалихановский,KZ596400,596400000,exact_code
2,matched,Габит Мусрепов,KZ596600,596600000,exact_code
2,matched,Туркестан,KZ611000,611000000,exact_code
2,matched,Арысь,KZ611600,611600000,exact_code
2,matched,Кентау,KZ612000,612000000,exact_code
2,matched,Байдибек,KZ613600,613600000,exact_code
2,matched,Жетисайский,KZ613800,613800000,exact_code
2,matched,Келесский,KZ613900,613900000,exact_code
2,matched,Казыгуртский,KZ614000,614000000,exact_code
2,matched,Мактааральский,KZ614400,614400000,exact_code
2,matched,Ордабасынский,KZ614600,614600000,exact_code
2,matched,Отрарский,KZ614800,614800000,exact_code
2,matched,Сайрамский,KZ615200,615200000,exact_code
2,matched,Сарыагашский,KZ615400,615400000,exact_code
2,matched,Сузакский,KZ615600,615600000,exact_code
2,matched,Толебийский,KZ615800,615800000,exact_code
2,matched,Тюлькубасский,KZ616000,616000000,exact_code
2,matched,Шардаринский,KZ616400,616400000,exact_code
2,matched,Жезказган,KZ621000,621000000,exact_code
2,matched,Каражал,KZ621800,621800000,exact_code
2,unmatched_geometry,Сатпаев,KZ622010,,review_required
2,matched,Жанааркинский,KZ623600,623600000,exact_code
2,matched,Улытауский,KZ623800,623800000,exact_code
2,matched,Усть-Каменогорск,KZ631000,631000000,exact_code
2,matched,Риддер,KZ632400,632400000,exact_code
2,matched,Глубоковский,KZ634000,634000000,exact_code
2,matched,Зайсанский,KZ634600,634600000,exact_code
2,matched,Алтайский,KZ634800,634800000,exact_code
2,matched,Курчумский,KZ635200,635200000,exact_code
2,matched,Катон-Карагайский,KZ635400,635400000,exact_code
2,matched,Самарский,KZ635600,635600000,exact_code
2,matched,Тарбагатайский,KZ635800,635800000,exact_code
2,matched,Уланский,KZ636200,636200000,exact_code
2,matched,Шемонаихинский,KZ636800,636800000,exact_code
2,unmatched_geometry,Алматинский,KZ711110,,review_required
2,unmatched_geometry,Есильский,KZ711210,,review_required
2,unmatched_geometry,Сарыаркинский,KZ711310,,review_required
2,unmatched_geometry,Байконырский,KZ711410,,review_required
2,matched,Нуринский,KZ711510,355200000,exact_normalized_name_parent
2,unmatched_geometry,Алмалинский,KZ751110,,review_required
2,unmatched_geometry,Алатауский,KZ751210,,review_required
2,unmatched_geometry,Ауэзовский,KZ751310,,review_required
2,unmatched_geometry,Бостандыкский,KZ751410,,review_required
2,unmatched_geometry,Жетысуский,KZ751510,,review_required
2,unmatched_geometry,Медеуский,KZ751710,,review_required
2,unmatched_geometry,Наурызбайский,KZ751810,,review_required
2,unmatched_geometry,Турксибский,KZ751910,,review_required
2,unmatched_geometry,Абайский,KZ791110,,review_required
2,unmatched_geometry,Аль-Фарабиский,KZ791310,,review_required
2,unmatched_geometry,Енбекшинскийский,KZ791510,,review_required
2,unmatched_geometry,Каратаускийский,KZ791710,,review_required
2,unmatched_geometry,Туранский,KZ791910,,review_required
2,unmatched_kato,,,104100000,review_required
2,unmatched_kato,,,615500000,review_required
2,unmatched_kato,,,622000000,review_required
2,unmatched_kato,,,635500000,review_required
2,unmatched_kato,,,636300000,review_required
