КАТО(по каталогу),period
РЕСПУБЛИКА КАЗАХСТАН,2017
РЕСПУБЛИКА КАЗАХСТАН,2004
РЕСПУБЛИКА КАЗАХСТАН,2003
РЕСПУБЛИКА КАЗАХСТАН,2007
РЕСПУБЛИКА КАЗАХСТАН,2002
РЕСПУБЛИКА КАЗАХСТАН,2005
РЕСПУБЛИКА КАЗАХСТАН,2001
РЕСПУБЛИКА КАЗАХСТАН,2008
РЕСПУБЛИКА КАЗАХСТАН,2009
РЕСПУБЛИКА КАЗАХСТАН,2006
РЕСПУБЛИКА КАЗАХСТАН,2019
РЕСПУБЛИКА КАЗАХСТАН,2020
РЕСПУБЛИКА КАЗАХСТАН,2000
РЕСПУБЛИКА КАЗАХСТАН,2018
РЕСПУБЛИКА КАЗАХСТАН,2022
РЕСПУБЛИКА КАЗАХСТАН,2023
РЕСПУБЛИКА КАЗАХСТАН,2024
РЕСПУБЛИКА КАЗАХСТАН,2021
РЕСПУБЛИКА КАЗАХСТАН,2015
РЕСПУБЛИКА КАЗАХСТАН,2011
РЕСПУБЛИКА КАЗАХСТАН,2016
РЕСПУБЛИКА КАЗАХСТАН,2010
РЕСПУБЛИКА КАЗАХСТАН,2012
РЕСПУБЛИКА КАЗАХСТАН,2013
РЕСПУБЛИКА КАЗАХСТАН,2014
РЕСПУБЛИКА КАЗАХСТАН,2025
ЮЖНО-КАЗАХСТАНСКАЯ ОБЛАСТЬ,2017
ЮЖНО-КАЗАХСТАНСКАЯ ОБЛАСТЬ,2004
ЮЖНО-КАЗАХСТАНСКАЯ ОБЛАСТЬ,2003
ЮЖНО-КАЗАХСТАНСКАЯ ОБЛАСТЬ,2007
ЮЖНО-КАЗАХСТАНСКАЯ ОБЛАСТЬ,2002
ЮЖНО-КАЗАХСТАНСКАЯ ОБЛАСТЬ,2005
ЮЖНО-КАЗАХСТАНСКАЯ ОБЛАСТЬ,2001
ЮЖНО-КАЗАХСТАНСКАЯ ОБЛАСТЬ,2008
ЮЖНО-КАЗАХСТАНСКАЯ ОБЛАСТЬ,2009
ЮЖНО-КАЗАХСТАНСКАЯ ОБЛАСТЬ,2006
ЮЖНО-КАЗАХСТАНСКАЯ ОБЛАСТЬ,2000
ЮЖНО-КАЗАХСТАНСКАЯ ОБЛАСТЬ,2015
ЮЖНО-КАЗАХСТАНСКАЯ ОБЛАСТЬ,2011
ЮЖНО-КАЗАХСТАНСКАЯ ОБЛАСТЬ,2016
ЮЖНО-КАЗАХСТАНСКАЯ ОБЛАСТЬ,2010
ЮЖНО-КАЗАХСТАНСКАЯ ОБЛАСТЬ,2012
ЮЖНО-КАЗАХСТАНСКАЯ ОБЛАСТЬ,2013
ЮЖНО-КАЗАХСТАНСКАЯ ОБЛАСТЬ,2014
АЯГОЗ Г.А.,2009
УСТЬ-КАМЕНОГОРСК Г.А.,2017
УСТЬ-КАМЕНОГОРСК Г.А.,2009
УСТЬ-КАМЕНОГОРСК Г.А.,2019
УСТЬ-КАМЕНОГОРСК Г.А.,2020
УСТЬ-КАМЕНОГОРСК Г.А.,2018
УСТЬ-КАМЕНОГОРСК Г.А.,2022
УСТЬ-КАМЕНОГОРСК Г.А.,2023
УСТЬ-КАМЕНОГОРСК Г.А.,2024
УСТЬ-КАМЕНОГОРСК Г.А.,2021
УСТЬ-КАМЕНОГОРСК Г.А.,2015
УСТЬ-КАМЕНОГОРСК Г.А.,2011
УСТЬ-КАМЕНОГОРСК Г.А.,2016
УСТЬ-КАМЕНОГОРСК Г.А.,2010
УСТЬ-КАМЕНОГОРСК Г.А.,2012
УСТЬ-КАМЕНОГОРСК Г.А.,2013
УСТЬ-КАМЕНОГОРСК Г.А.,2014
УСТЬ-КАМЕНОГОРСК Г.А.,2025
РАЙОН ИМ.ГАБИТА МУСРЕПОВА,2017
РАЙОН ИМ.ГАБИТА МУСРЕПОВА,2009
РАЙОН ИМ.ГАБИТА МУСРЕПОВА,2019
РАЙОН ИМ.ГАБИТА МУСРЕПОВА,2020
РАЙОН ИМ.ГАБИТА МУСРЕПОВА,2018
РАЙОН ИМ.ГАБИТА МУСРЕПОВА,2022
РАЙОН ИМ.ГАБИТА МУСРЕПОВА,2023
РАЙОН ИМ.ГАБИТА МУСРЕПОВА,2024
РАЙОН ИМ.ГАБИТА МУСРЕПОВА,2021
РАЙОН ИМ.ГАБИТА МУСРЕПОВА,2015
РАЙОН ИМ.ГАБИТА МУСРЕПОВА,2011
РАЙОН ИМ.ГАБИТА МУСРЕПОВА,2016
РАЙОН ИМ.ГАБИТА МУСРЕПОВА,2010
РАЙОН ИМ.ГАБИТА МУСРЕПОВА,2012
РАЙОН ИМ.ГАБИТА МУСРЕПОВА,2013
РАЙОН ИМ.ГАБИТА МУСРЕПОВА,2014
РАЙОН ИМ.ГАБИТА МУСРЕПОВА,2025
УАЛИХАНОВСКИЙ РАЙОН,2017
УАЛИХАНОВСКИЙ РАЙОН,2009
УАЛИХАНОВСКИЙ РАЙОН,2019
УАЛИХАНОВСКИЙ РАЙОН,2020
УАЛИХАНОВСКИЙ РАЙОН,2018
УАЛИХАНОВСКИЙ РАЙОН,2022
УАЛИХАНОВСКИЙ РАЙОН,2023
УАЛИХАНОВСКИЙ РАЙОН,2024
УАЛИХАНОВСКИЙ РАЙОН,2021
УАЛИХАНОВСКИЙ РАЙОН,2015
УАЛИХАНОВСКИЙ РАЙОН,2011
УАЛИХАНОВСКИЙ РАЙОН,2016
УАЛИХАНОВСКИЙ РАЙОН,2010
УАЛИХАНОВСКИЙ РАЙОН,2012
УАЛИХАНОВСКИЙ РАЙОН,2013
УАЛИХАНОВСКИЙ РАЙОН,2014
УАЛИХАНОВСКИЙ РАЙОН,2025
ТИМИРЯЗЕВСКИЙ РАЙОН,2017
ТИМИРЯЗЕВСКИЙ РАЙОН,2009
ТИМИРЯЗЕВСКИЙ РАЙОН,2019
ТИМИРЯЗЕВСКИЙ РАЙОН,2020
ТИМИРЯЗЕВСКИЙ РАЙОН,2018
ТИМИРЯЗЕВСКИЙ РАЙОН,2022
ТИМИРЯЗЕВСКИЙ РАЙОН,2023
ТИМИРЯЗЕВСКИЙ РАЙОН,2024
ТИМИРЯЗЕВСКИЙ РАЙОН,2021
ТИМИРЯЗЕВСКИЙ РАЙОН,2015
ТИМИРЯЗЕВСКИЙ РАЙОН,2011
ТИМИРЯЗЕВСКИЙ РАЙОН,2016
ТИМИРЯЗЕВСКИЙ РАЙОН,2010
ТИМИРЯЗЕВСКИЙ РАЙОН,2012
ТИМИРЯЗЕВСКИЙ РАЙОН,2013
ТИМИРЯЗЕВСКИЙ РАЙОН,2014
ТИМИРЯЗЕВСКИЙ РАЙОН,2025
КАРАЖАЛ Г.А.,2017
КАРАЖАЛ Г.А.,2009
КАРАЖАЛ Г.А.,2019
КАРАЖАЛ Г.А.,2020
КАРАЖАЛ Г.А.,2022
КАРАЖАЛ Г.А.,2023
КАРАЖАЛ Г.А.,2024
КАРАЖАЛ Г.А.,2015
КАРАЖАЛ Г.А.,2011
КАРАЖАЛ Г.А.,2016
КАРАЖАЛ Г.А.,2010
КАРАЖАЛ Г.А.,2012
КАРАЖАЛ Г.А.,2013
КАРАЖАЛ Г.А.,2014
КАРАЖАЛ Г.А.,2025
ЖЕЗКАЗГАН Г.А.,2017
ЖЕЗКАЗГАН Г.А.,2009
ЖЕЗКАЗГАН Г.А.,2019
ЖЕЗКАЗГАН Г.А.,2020
ЖЕЗКАЗГАН Г.А.,2022
ЖЕЗКАЗГАН Г.А.,2023
ЖЕЗКАЗГАН Г.А.,2024
ЖЕЗКАЗГАН Г.А.,2015
ЖЕЗКАЗГАН Г.А.,2011
ЖЕЗКАЗГАН Г.А.,2016
ЖЕЗКАЗГАН Г.А.,2010
ЖЕЗКАЗГАН Г.А.,2012
ЖЕЗКАЗГАН Г.А.,2013
ЖЕЗКАЗГАН Г.А.,2014
ЖЕЗКАЗГАН Г.А.,2025
БАЛХАШ Г.А.,2017
БАЛХАШ Г.А.,2009
БАЛХАШ Г.А.,2019
БАЛХАШ Г.А.,2020
БАЛХАШ Г.А.,2018
БАЛХАШ Г.А.,2022
БАЛХАШ Г.А.,2023
БАЛХАШ Г.А.,2024
БАЛХАШ Г.А.,2021
БАЛХАШ Г.А.,2015
БАЛХАШ Г.А.,2011
БАЛХАШ Г.А.,2016
БАЛХАШ Г.А.,2010
БАЛХАШ Г.А.,2012
БАЛХАШ Г.А.,2013
БАЛХАШ Г.А.,2014
БАЛХАШ Г.А.,2025
КАРАГАНДА Г.А.,2017
КАРАГАНДА Г.А.,2009
КАРАГАНДА Г.А.,2019
КАРАГАНДА Г.А.,2020
КАРАГАНДА Г.А.,2018
КАРАГАНДА Г.А.,2022
КАРАГАНДА Г.А.,2023
КАРАГАНДА Г.А.,2024
КАРАГАНДА Г.А.,2021
КАРАГАНДА Г.А.,2015
КАРАГАНДА Г.А.,2011
КАРАГАНДА Г.А.,2016
КАРАГАНДА Г.А.,2010
КАРАГАНДА Г.А.,2012
КАРАГАНДА Г.А.,2013
КАРАГАНДА Г.А.,2014
КАРАГАНДА Г.А.,2025
ШУСКИЙ РАЙОН,2017
ШУСКИЙ РАЙОН,2009
ШУСКИЙ РАЙОН,2019
ШУСКИЙ РАЙОН,2020
ШУСКИЙ РАЙОН,2018
ШУСКИЙ РАЙОН,2022
ШУСКИЙ РАЙОН,2023
ШУСКИЙ РАЙОН,2024
ШУСКИЙ РАЙОН,2021
ШУСКИЙ РАЙОН,2015
ШУСКИЙ РАЙОН,2011
ШУСКИЙ РАЙОН,2016
ШУСКИЙ РАЙОН,2010
ШУСКИЙ РАЙОН,2012
ШУСКИЙ РАЙОН,2013
ШУСКИЙ РАЙОН,2014
ШУСКИЙ РАЙОН,2025
ТАЙЫНШИНСКИЙ РАЙОН,2017
ТАЙЫНШИНСКИЙ РАЙОН,2009
ТАЙЫНШИНСКИЙ РАЙОН,2019
ТАЙЫНШИНСКИЙ РАЙОН,2020
ТАЙЫНШИНСКИЙ РАЙОН,2018
ТАЙЫНШИНСКИЙ РАЙОН,2022
ТАЙЫНШИНСКИЙ РАЙОН,2023
ТАЙЫНШИНСКИЙ РАЙОН,2024
ТАЙЫНШИНСКИЙ РАЙОН,2021
ТАЙЫНШИНСКИЙ РАЙОН,2015
ТАЙЫНШИНСКИЙ РАЙОН,2011
ТАЙЫНШИНСКИЙ РАЙОН,2016
ТАЙЫНШИНСКИЙ РАЙОН,2010
ТАЙЫНШИНСКИЙ РАЙОН,2012
ТАЙЫНШИНСКИЙ РАЙОН,2013
ТАЙЫНШИНСКИЙ РАЙОН,2014
ТАЙЫНШИНСКИЙ РАЙОН,2025
АККАЙЫНСКИЙ РАЙОН,2017
АККАЙЫНСКИЙ РАЙОН,2009
АККАЙЫНСКИЙ РАЙОН,2019
АККАЙЫНСКИЙ РАЙОН,2020
АККАЙЫНСКИЙ РАЙОН,2018
АККАЙЫНСКИЙ РАЙОН,2022
АККАЙЫНСКИЙ РАЙОН,2023
АККАЙЫНСКИЙ РАЙОН,2024
АККАЙЫНСКИЙ РАЙОН,2021
АККАЙЫНСКИЙ РАЙОН,2015
АККАЙЫНСКИЙ РАЙОН,2011
АККАЙЫНСКИЙ РАЙОН,2016
АККАЙЫНСКИЙ РАЙОН,2010
АККАЙЫНСКИЙ РАЙОН,2012
АККАЙЫНСКИЙ РАЙОН,2013
АККАЙЫНСКИЙ РАЙОН,2014
АККАЙЫНСКИЙ РАЙОН,2025
РАЙОН ШАЛ АКЫНА,2017
РАЙОН ШАЛ АКЫНА,2009
РАЙОН ШАЛ АКЫНА,2019
РАЙОН ШАЛ АКЫНА,2020
РАЙОН ШАЛ АКЫНА,2018
РАЙОН ШАЛ АКЫНА,2022
РАЙОН ШАЛ АКЫНА,2023
РАЙОН ШАЛ АКЫНА,2024
РАЙОН ШАЛ АКЫНА,2021
РАЙОН ШАЛ АКЫНА,2015
РАЙОН ШАЛ АКЫНА,2011
РАЙОН ШАЛ АКЫНА,2016
РАЙОН ШАЛ АКЫНА,2010
РАЙОН ШАЛ АКЫНА,2012
РАЙОН ШАЛ АКЫНА,2013
РАЙОН ШАЛ АКЫНА,2014
РАЙОН ШАЛ АКЫНА,2025
МАМЛЮТСКИЙ РАЙОН,2017
МАМЛЮТСКИЙ РАЙОН,2009
МАМЛЮТСКИЙ РАЙОН,2019
МАМЛЮТСКИЙ РАЙОН,2020
МАМЛЮТСКИЙ РАЙОН,2018
МАМЛЮТСКИЙ РАЙОН,2022
МАМЛЮТСКИЙ РАЙОН,2023
МАМЛЮТСКИЙ РАЙОН,2024
МАМЛЮТСКИЙ РАЙОН,2021
МАМЛЮТСКИЙ РАЙОН,2015
МАМЛЮТСКИЙ РАЙОН,2011
МАМЛЮТСКИЙ РАЙОН,2016
МАМЛЮТСКИЙ РАЙОН,2010
МАМЛЮТСКИЙ РАЙОН,2012
МАМЛЮТСКИЙ РАЙОН,2013
МАМЛЮТСКИЙ РАЙОН,2014
МАМЛЮТСКИЙ РАЙОН,2025
КЫЗЫЛЖАРСКИЙ РАЙОН,2017
КЫЗЫЛЖАРСКИЙ РАЙОН,2009
КЫЗЫЛЖАРСКИЙ РАЙОН,2019
КЫЗЫЛЖАРСКИЙ РАЙОН,2020
КЫЗЫЛЖАРСКИЙ РАЙОН,2018
КЫЗЫЛЖАРСКИЙ РАЙОН,2022
КЫЗЫЛЖАРСКИЙ РАЙОН,2023
КЫЗЫЛЖАРСКИЙ РАЙОН,2024
КЫЗЫЛЖАРСКИЙ РАЙОН,2021
КЫЗЫЛЖАРСКИЙ РАЙОН,2015
КЫЗЫЛЖАРСКИЙ РАЙОН,2011
КЫЗЫЛЖАРСКИЙ РАЙОН,2016
КЫЗЫЛЖАРСКИЙ РАЙОН,2010
КЫЗЫЛЖАРСКИЙ РАЙОН,2012
КЫЗЫЛЖАРСКИЙ РАЙОН,2013
КЫЗЫЛЖАРСКИЙ РАЙОН,2014
КЫЗЫЛЖАРСКИЙ РАЙОН,2025
ЖАМБЫЛСКИЙ РАЙОН,2017
ЖАМБЫЛСКИЙ РАЙОН,2009
ЖАМБЫЛСКИЙ РАЙОН,2019
ЖАМБЫЛСКИЙ РАЙОН,2020
ЖАМБЫЛСКИЙ РАЙОН,2018
ЖАМБЫЛСКИЙ РАЙОН,2022
ЖАМБЫЛСКИЙ РАЙОН,2023
ЖАМБЫЛСКИЙ РАЙОН,2024
ЖАМБЫЛСКИЙ РАЙОН,2021
ЖАМБЫЛСКИЙ РАЙОН,2015
ЖАМБЫЛСКИЙ РАЙОН,2011
ЖАМБЫЛСКИЙ РАЙОН,2016
ЖАМБЫЛСКИЙ РАЙОН,2010
ЖАМБЫЛСКИЙ РАЙОН,2012
ЖАМБЫЛСКИЙ РАЙОН,2013
ЖАМБЫЛСКИЙ РАЙОН,2014
ЖАМБЫЛСКИЙ РАЙОН,2025
ЕСИЛЬСКИЙ РАЙОН,2017
ЕСИЛЬСКИЙ РАЙОН,2009
ЕСИЛЬСКИЙ РАЙОН,2019
ЕСИЛЬСКИЙ РАЙОН,2020
ЕСИЛЬСКИЙ РАЙОН,2018
ЕСИЛЬСКИЙ РАЙОН,2022
ЕСИЛЬСКИЙ РАЙОН,2023
ЕСИЛЬСКИЙ РАЙОН,2024
ЕСИЛЬСКИЙ РАЙОН,2021
ЕСИЛЬСКИЙ РАЙОН,2015
ЕСИЛЬСКИЙ РАЙОН,2011
ЕСИЛЬСКИЙ РАЙОН,2016
ЕСИЛЬСКИЙ РАЙОН,2010
ЕСИЛЬСКИЙ РАЙОН,2012
ЕСИЛЬСКИЙ РАЙОН,2013
ЕСИЛЬСКИЙ РАЙОН,2014
ЕСИЛЬСКИЙ РАЙОН,2025
ТАЛАССКИЙ РАЙОН,2017
ТАЛАССКИЙ РАЙОН,2009
ТАЛАССКИЙ РАЙОН,2019
ТАЛАССКИЙ РАЙОН,2020
ТАЛАССКИЙ РАЙОН,2018
ТАЛАССКИЙ РАЙОН,2022
ТАЛАССКИЙ РАЙОН,2023
ТАЛАССКИЙ РАЙОН,2024
ТАЛАССКИЙ РАЙОН,2021
ТАЛАССКИЙ РАЙОН,2015
ТАЛАССКИЙ РАЙОН,2011
ТАЛАССКИЙ РАЙОН,2016
ТАЛАССКИЙ РАЙОН,2010
ТАЛАССКИЙ РАЙОН,2012
ТАЛАССКИЙ РАЙОН,2013
ТАЛАССКИЙ РАЙОН,2014
ТАЛАССКИЙ РАЙОН,2025
САРЫСУСКИЙ РАЙОН,2017
САРЫСУСКИЙ РАЙОН,2009
САРЫСУСКИЙ РАЙОН,2019
САРЫСУСКИЙ РАЙОН,2020
САРЫСУСКИЙ РАЙОН,2018
САРЫСУСКИЙ РАЙОН,2022
САРЫСУСКИЙ РАЙОН,2023
САРЫСУСКИЙ РАЙОН,2024
САРЫСУСКИЙ РАЙОН,2021
САРЫСУСКИЙ РАЙОН,2015
САРЫСУСКИЙ РАЙОН,2011
САРЫСУСКИЙ РАЙОН,2016
САРЫСУСКИЙ РАЙОН,2010
САРЫСУСКИЙ РАЙОН,2012
САРЫСУСКИЙ РАЙОН,2013
САРЫСУСКИЙ РАЙОН,2014
САРЫСУСКИЙ РАЙОН,2025
МОЙЫНКУМСКИЙ РАЙОН,2017
МОЙЫНКУМСКИЙ РАЙОН,2009
МОЙЫНКУМСКИЙ РАЙОН,2019
МОЙЫНКУМСКИЙ РАЙОН,2020
МОЙЫНКУМСКИЙ РАЙОН,2018
МОЙЫНКУМСКИЙ РАЙОН,2022
МОЙЫНКУМСКИЙ РАЙОН,2023
МОЙЫНКУМСКИЙ РАЙОН,2024
МОЙЫНКУМСКИЙ РАЙОН,2021
МОЙЫНКУМСКИЙ РАЙОН,2015
МОЙЫНКУМСКИЙ РАЙОН,2011
МОЙЫНКУМСКИЙ РАЙОН,2016
МОЙЫНКУМСКИЙ РАЙОН,2010
МОЙЫНКУМСКИЙ РАЙОН,2012
МОЙЫНКУМСКИЙ РАЙОН,2013
МОЙЫНКУМСКИЙ РАЙОН,2014
МОЙЫНКУМСКИЙ РАЙОН,2025
МЕРКЕНСКИЙ РАЙОН,2017
МЕРКЕНСКИЙ РАЙОН,2009
МЕРКЕНСКИЙ РАЙОН,2019
МЕРКЕНСКИЙ РАЙОН,2020
МЕРКЕНСКИЙ РАЙОН,2018
МЕРКЕНСКИЙ РАЙОН,2022
МЕРКЕНСКИЙ РАЙОН,2023
МЕРКЕНСКИЙ РАЙОН,2024
МЕРКЕНСКИЙ РАЙОН,2021
МЕРКЕНСКИЙ РАЙОН,2015
МЕРКЕНСКИЙ РАЙОН,2011
МЕРКЕНСКИЙ РАЙОН,2016
МЕРКЕНСКИЙ РАЙОН,2010
МЕРКЕНСКИЙ РАЙОН,2012
МЕРКЕНСКИЙ РАЙОН,2013
МЕРКЕНСКИЙ РАЙОН,2014
МЕРКЕНСКИЙ РАЙОН,2025
РАЙОН ТУРАРА РЫСКУЛОВА,2017
РАЙОН ТУРАРА РЫСКУЛОВА,2009
РАЙОН ТУРАРА РЫСКУЛОВА,2019
РАЙОН ТУРАРА РЫСКУЛОВА,2020
РАЙОН ТУРАРА РЫСКУЛОВА,2018
РАЙОН ТУРАРА РЫСКУЛОВА,2022
РАЙОН ТУРАРА РЫСКУЛОВА,2023
РАЙОН ТУРАРА РЫСКУЛОВА,2024
РАЙОН ТУРАРА РЫСКУЛОВА,2021
РАЙОН ТУРАРА РЫСКУЛОВА,2015
РАЙОН ТУРАРА РЫСКУЛОВА,2011
РАЙОН ТУРАРА РЫСКУЛОВА,2016
РАЙОН ТУРАРА РЫСКУЛОВА,2010
РАЙОН ТУРАРА РЫСКУЛОВА,2012
РАЙОН ТУРАРА РЫСКУЛОВА,2013
РАЙОН ТУРАРА РЫСКУЛОВА,2014
РАЙОН ТУРАРА РЫСКУЛОВА,2025
КОРДАЙСКИЙ РАЙОН,2017
КОРДАЙСКИЙ РАЙОН,2009
КОРДАЙСКИЙ РАЙОН,2019
КОРДАЙСКИЙ РАЙОН,2020
КОРДАЙСКИЙ РАЙОН,2018
КОРДАЙСКИЙ РАЙОН,2022
КОРДАЙСКИЙ РАЙОН,2023
КОРДАЙСКИЙ РАЙОН,2024
КОРДАЙСКИЙ РАЙОН,2021
КОРДАЙСКИЙ РАЙОН,2015
КОРДАЙСКИЙ РАЙОН,2011
КОРДАЙСКИЙ РАЙОН,2016
КОРДАЙСКИЙ РАЙОН,2010
КОРДАЙСКИЙ РАЙОН,2012
КОРДАЙСКИЙ РАЙОН,2013
КОРДАЙСКИЙ РАЙОН,2014
КОРДАЙСКИЙ РАЙОН,2025
ЖУАЛЫНСКИЙ РАЙОН,2017
ЖУАЛЫНСКИЙ РАЙОН,2009
ЖУАЛЫНСКИЙ РАЙОН,2019
ЖУАЛЫНСКИЙ РАЙОН,2020
ЖУАЛЫНСКИЙ РАЙОН,2018
ЖУАЛЫНСКИЙ РАЙОН,2022
ЖУАЛЫНСКИЙ РАЙОН,2023
ЖУАЛЫНСКИЙ РАЙОН,2024
ЖУАЛЫНСКИЙ РАЙОН,2021
ЖУАЛЫНСКИЙ РАЙОН,2015
ЖУАЛЫНСКИЙ РАЙОН,2011
ЖУАЛЫНСКИЙ РАЙОН,2016
ЖУАЛЫНСКИЙ РАЙОН,2010
ЖУАЛЫНСКИЙ РАЙОН,2012
ЖУАЛЫНСКИЙ РАЙОН,2013
ЖУАЛЫНСКИЙ РАЙОН,2014
ЖУАЛЫНСКИЙ РАЙОН,2025
РАЙОН МАГЖАНА ЖУМАБАЕВА,2017
РАЙОН МАГЖАНА ЖУМАБАЕВА,2009
РАЙОН МАГЖАНА ЖУМАБАЕВА,2019
РАЙОН МАГЖАНА ЖУМАБАЕВА,2020
РАЙОН МАГЖАНА ЖУМАБАЕВА,2018
РАЙОН МАГЖАНА ЖУМАБАЕВА,2022
РАЙОН МАГЖАНА ЖУМАБАЕВА,2023
РАЙОН МАГЖАНА ЖУМАБАЕВА,2024
РАЙОН МАГЖАНА ЖУМАБАЕВА,2021
РАЙОН МАГЖАНА ЖУМАБАЕВА,2015
РАЙОН МАГЖАНА ЖУМАБАЕВА,2011
РАЙОН МАГЖАНА ЖУМАБАЕВА,2016
РАЙОН МАГЖАНА ЖУМАБАЕВА,2010
РАЙОН МАГЖАНА ЖУМАБАЕВА,2012
РАЙОН МАГЖАНА ЖУМАБАЕВА,2013
РАЙОН МАГЖАНА ЖУМАБАЕВА,2014
РАЙОН МАГЖАНА ЖУМАБАЕВА,2025
АКЖАРСКИЙ РАЙОН,2017
АКЖАРСКИЙ РАЙОН,2009
АКЖАРСКИЙ РАЙОН,2019
АКЖАРСКИЙ РАЙОН,2020
АКЖАРСКИЙ РАЙОН,2018
АКЖАРСКИЙ РАЙОН,2022
АКЖАРСКИЙ РАЙОН,2023
АКЖАРСКИЙ РАЙОН,2024
АКЖАРСКИЙ РАЙОН,2021
АКЖАРСКИЙ РАЙОН,2015
АКЖАРСКИЙ РАЙОН,2011
АКЖАРСКИЙ РАЙОН,2016
АКЖАРСКИЙ РАЙОН,2010
АКЖАРСКИЙ РАЙОН,2012
АКЖАРСКИЙ РАЙОН,2013
АКЖАРСКИЙ РАЙОН,2014
АКЖАРСКИЙ РАЙОН,2025
АЙЫРТАУСКИЙ РАЙОН,2017
АЙЫРТАУСКИЙ РАЙОН,2009
АЙЫРТАУСКИЙ РАЙОН,2019
АЙЫРТАУСКИЙ РАЙОН,2020
АЙЫРТАУСКИЙ РАЙОН,2018
АЙЫРТАУСКИЙ РАЙОН,2022
АЙЫРТАУСКИЙ РАЙОН,2023
АЙЫРТАУСКИЙ РАЙОН,2024
АЙЫРТАУСКИЙ РАЙОН,2021
АЙЫРТАУСКИЙ РАЙОН,2015
АЙЫРТАУСКИЙ РАЙОН,2011
АЙЫРТАУСКИЙ РАЙОН,2016
АЙЫРТАУСКИЙ РАЙОН,2010
АЙЫРТАУСКИЙ РАЙОН,2012
АЙЫРТАУСКИЙ РАЙОН,2013
АЙЫРТАУСКИЙ РАЙОН,2014
АЙЫРТАУСКИЙ РАЙОН,2025
ПЕТРОПАВЛОВСК Г.А.,2017
ПЕТРОПАВЛОВСК Г.А.,2009
ПЕТРОПАВЛОВСК Г.А.,2019
ПЕТРОПАВЛОВСК Г.А.,2020
ПЕТРОПАВЛОВСК Г.А.,2018
ПЕТРОПАВЛОВСК Г.А.,2022
ПЕТРОПАВЛОВСК Г.А.,2023
ПЕТРОПАВЛОВСК Г.А.,2024
ПЕТРОПАВЛОВСК Г.А.,2021
ПЕТРОПАВЛОВСК Г.А.,2015
ПЕТРОПАВЛОВСК Г.А.,2011
ПЕТРОПАВЛОВСК Г.А.,2016
ПЕТРОПАВЛОВСК Г.А.,2010
ПЕТРОПАВЛОВСК Г.А.,2012
ПЕТРОПАВЛОВСК Г.А.,2013
ПЕТРОПАВЛОВСК Г.А.,2014
ПЕТРОПАВЛОВСК Г.А.,2025
ЩЕРБАКТИНСКИЙ РАЙОН,2017
ЩЕРБАКТИНСКИЙ РАЙОН,2009
ЩЕРБАКТИНСКИЙ РАЙОН,2019
ЩЕРБАКТИНСКИЙ РАЙОН,2020
ЩЕРБАКТИНСКИЙ РАЙОН,2018
ЩЕРБАКТИНСКИЙ РАЙОН,2022
ЩЕРБАКТИНСКИЙ РАЙОН,2023
ЩЕРБАКТИНСКИЙ РАЙОН,2024
ЩЕРБАКТИНСКИЙ РАЙОН,2021
ЩЕРБАКТИНСКИЙ РАЙОН,2015
ЩЕРБАКТИНСКИЙ РАЙОН,2011
ЩЕРБАКТИНСКИЙ РАЙОН,2016
ЩЕРБАКТИНСКИЙ РАЙОН,2010
ЩЕРБАКТИНСКИЙ РАЙОН,2012
ЩЕРБАКТИНСКИЙ РАЙОН,2013
ЩЕРБАКТИНСКИЙ РАЙОН,2014
ЩЕРБАКТИНСКИЙ РАЙОН,2025
БАЙЗАКСКИЙ РАЙОН,2017
БАЙЗАКСКИЙ РАЙОН,2009
БАЙЗАКСКИЙ РАЙОН,2019
БАЙЗАКСКИЙ РАЙОН,2020
БАЙЗАКСКИЙ РАЙОН,2018
БАЙЗАКСКИЙ РАЙОН,2022
БАЙЗАКСКИЙ РАЙОН,2023
БАЙЗАКСКИЙ РАЙОН,2024
БАЙЗАКСКИЙ РАЙОН,2021
БАЙЗАКСКИЙ РАЙОН,2015
БАЙЗАКСКИЙ РАЙОН,2011
БАЙЗАКСКИЙ РАЙОН,2016
БАЙЗАКСКИЙ РАЙОН,2010
БАЙЗАКСКИЙ РАЙОН,2012
БАЙЗАКСКИЙ РАЙОН,2013
БАЙЗАКСКИЙ РАЙОН,2014
БАЙЗАКСКИЙ РАЙОН,2025
ТАРАЗ Г.А.,2017
ТАРАЗ Г.А.,2009
ТАРАЗ Г.А.,2019
ТАРАЗ Г.А.,2020
ТАРАЗ Г.А.,2018
ТАРАЗ Г.А.,2022
ТАРАЗ Г.А.,2023
ТАРАЗ Г.А.,2024
ТАРАЗ Г.А.,2021
ТАРАЗ Г.А.,2015
ТАРАЗ Г.А.,2011
ТАРАЗ Г.А.,2016
ТАРАЗ Г.А.,2010
ТАРАЗ Г.А.,2012
ТАРАЗ Г.А.,2013
ТАРАЗ Г.А.,2014
ТАРАЗ Г.А.,2025
ЧИНГИРЛАУСКИЙ РАЙОН,2017
ЧИНГИРЛАУСКИЙ РАЙОН,2009
ЧИНГИРЛАУСКИЙ РАЙОН,2019
ЧИНГИРЛАУСКИЙ РАЙОН,2020
ЧИНГИРЛАУСКИЙ РАЙОН,2018
ЧИНГИРЛАУСКИЙ РАЙОН,2022
ЧИНГИРЛАУСКИЙ РАЙОН,2023
ЧИНГИРЛАУСКИЙ РАЙОН,2024
ЧИНГИРЛАУСКИЙ РАЙОН,2021
ЧИНГИРЛАУСКИЙ РАЙОН,2015
ЧИНГИРЛАУСКИЙ РАЙОН,2011
ЧИНГИРЛАУСКИЙ РАЙОН,2016
ЧИНГИРЛАУСКИЙ РАЙОН,2010
ЧИНГИРЛАУСКИЙ РАЙОН,2012
ЧИНГИРЛАУСКИЙ РАЙОН,2013
ЧИНГИРЛАУСКИЙ РАЙОН,2014
ЧИНГИРЛАУСКИЙ РАЙОН,2025
ТЕРЕКТИНСКИЙ РАЙОН,2017
ТЕРЕКТИНСКИЙ РАЙОН,2009
ТЕРЕКТИНСКИЙ РАЙОН,2019
ТЕРЕКТИНСКИЙ РАЙОН,2020
ТЕРЕКТИНСКИЙ РАЙОН,2018
ТЕРЕКТИНСКИЙ РАЙОН,2022
ТЕРЕКТИНСКИЙ РАЙОН,2023
ТЕРЕКТИНСКИЙ РАЙОН,2024
ТЕРЕКТИНСКИЙ РАЙОН,2021
ТЕРЕКТИНСКИЙ РАЙОН,2015
ТЕРЕКТИНСКИЙ РАЙОН,2011
ТЕРЕКТИНСКИЙ РАЙОН,2016
ТЕРЕКТИНСКИЙ РАЙОН,2010
ТЕРЕКТИНСКИЙ РАЙОН,2012
ТЕРЕКТИНСКИЙ РАЙОН,2013
ТЕРЕКТИНСКИЙ РАЙОН,2014
ТЕРЕКТИНСКИЙ РАЙОН,2025
УСПЕНСКИЙ РАЙОН,2017
УСПЕНСКИЙ РАЙОН,2009
УСПЕНСКИЙ РАЙОН,2019
УСПЕНСКИЙ РАЙОН,2020
УСПЕНСКИЙ РАЙОН,2018
УСПЕНСКИЙ РАЙОН,2022
УСПЕНСКИЙ РАЙОН,2023
УСПЕНСКИЙ РАЙОН,2024
УСПЕНСКИЙ РАЙОН,2021
УСПЕНСКИЙ РАЙОН,2015
УСПЕНСКИЙ РАЙОН,2011
УСПЕНСКИЙ РАЙОН,2016
УСПЕНСКИЙ РАЙОН,2010
УСПЕНСКИЙ РАЙОН,2012
УСПЕНСКИЙ РАЙОН,2013
УСПЕНСКИЙ РАЙОН,2014
УСПЕНСКИЙ РАЙОН,2025
ПАВЛОДАРСКИЙ РАЙОН,2017
ПАВЛОДАРСКИЙ РАЙОН,2009
ПАВЛОДАРСКИЙ РАЙОН,2019
ПАВЛОДАРСКИЙ РАЙОН,2020
ПАВЛОДАРСКИЙ РАЙОН,2018
ПАВЛОДАРСКИЙ РАЙОН,2022
ПАВЛОДАРСКИЙ РАЙОН,2023
ПАВЛОДАРСКИЙ РАЙОН,2024
ПАВЛОДАРСКИЙ РАЙОН,2021
ПАВЛОДАРСКИЙ РАЙОН,2015
ПАВЛОДАРСКИЙ РАЙОН,2011
ПАВЛОДАРСКИЙ РАЙОН,2016
ПАВЛОДАРСКИЙ РАЙОН,2010
ПАВЛОДАРСКИЙ РАЙОН,2012
ПАВЛОДАРСКИЙ РАЙОН,2013
ПАВЛОДАРСКИЙ РАЙОН,2014
ПАВЛОДАРСКИЙ РАЙОН,2025
МАЙСКИЙ РАЙОН,2017
МАЙСКИЙ РАЙОН,2009
МАЙСКИЙ РАЙОН,2019
МАЙСКИЙ РАЙОН,2020
МАЙСКИЙ РАЙОН,2018
МАЙСКИЙ РАЙОН,2022
МАЙСКИЙ РАЙОН,2023
МАЙСКИЙ РАЙОН,2024
МАЙСКИЙ РАЙОН,2021
МАЙСКИЙ РАЙОН,2015
МАЙСКИЙ РАЙОН,2011
МАЙСКИЙ РАЙОН,2016
МАЙСКИЙ РАЙОН,2010
МАЙСКИЙ РАЙОН,2012
МАЙСКИЙ РАЙОН,2013
МАЙСКИЙ РАЙОН,2014
МАЙСКИЙ РАЙОН,2025
РАЙОН АҚҚУЛЫ,2017
РАЙОН АҚҚУЛЫ,2009
РАЙОН АҚҚУЛЫ,2019
РАЙОН АҚҚУЛЫ,2020
РАЙОН АҚҚУЛЫ,2018
РАЙОН АҚҚУЛЫ,2022
РАЙОН АҚҚУЛЫ,2023
РАЙОН АҚҚУЛЫ,2024
РАЙОН АҚҚУЛЫ,2021
РАЙОН АҚҚУЛЫ,2015
РАЙОН АҚҚУЛЫ,2011
РАЙОН АҚҚУЛЫ,2016
РАЙОН АҚҚУЛЫ,2010
РАЙОН АҚҚУЛЫ,2012
РАЙОН АҚҚУЛЫ,2013
РАЙОН АҚҚУЛЫ,2014
РАЙОН АҚҚУЛЫ,2025
РАЙОН ТЕРЕҢКӨЛ,2017
РАЙОН ТЕРЕҢКӨЛ,2009
РАЙОН ТЕРЕҢКӨЛ,2019
РАЙОН ТЕРЕҢКӨЛ,2020
РАЙОН ТЕРЕҢКӨЛ,2018
РАЙОН ТЕРЕҢКӨЛ,2022
РАЙОН ТЕРЕҢКӨЛ,2023
РАЙОН ТЕРЕҢКӨЛ,2024
РАЙОН ТЕРЕҢКӨЛ,2021
РАЙОН ТЕРЕҢКӨЛ,2015
РАЙОН ТЕРЕҢКӨЛ,2011
РАЙОН ТЕРЕҢКӨЛ,2016
РАЙОН ТЕРЕҢКӨЛ,2010
РАЙОН ТЕРЕҢКӨЛ,2012
РАЙОН ТЕРЕҢКӨЛ,2013
РАЙОН ТЕРЕҢКӨЛ,2014
РАЙОН ТЕРЕҢКӨЛ,2025
ИРТЫШСКИЙ РАЙОН,2017
ИРТЫШСКИЙ РАЙОН,2009
ИРТЫШСКИЙ РАЙОН,2019
ИРТЫШСКИЙ РАЙОН,2020
ИРТЫШСКИЙ РАЙОН,2018
ИРТЫШСКИЙ РАЙОН,2022
ИРТЫШСКИЙ РАЙОН,2023
ИРТЫШСКИЙ РАЙОН,2024
ИРТЫШСКИЙ РАЙОН,2021
ИРТЫШСКИЙ РАЙОН,2015
ИРТЫШСКИЙ РАЙОН,2011
ИРТЫШСКИЙ РАЙОН,2016
ИРТЫШСКИЙ РАЙОН,2010
ИРТЫШСКИЙ РАЙОН,2012
ИРТЫШСКИЙ РАЙОН,2013
ИРТЫШСКИЙ РАЙОН,2014
ИРТЫШСКИЙ РАЙОН,2025
ТАСКАЛИНСКИЙ РАЙОН,2017
ТАСКАЛИНСКИЙ РАЙОН,2009
ТАСКАЛИНСКИЙ РАЙОН,2019
ТАСКАЛИНСКИЙ РАЙОН,2020
ТАСКАЛИНСКИЙ РАЙОН,2018
ТАСКАЛИНСКИЙ РАЙОН,2022
ТАСКАЛИНСКИЙ РАЙОН,2023
ТАСКАЛИНСКИЙ РАЙОН,2024
ТАСКАЛИНСКИЙ РАЙОН,2021
ТАСКАЛИНСКИЙ РАЙОН,2015
ТАСКАЛИНСКИЙ РАЙОН,2011
ТАСКАЛИНСКИЙ РАЙОН,2016
ТАСКАЛИНСКИЙ РАЙОН,2010
ТАСКАЛИНСКИЙ РАЙОН,2012
ТАСКАЛИНСКИЙ РАЙОН,2013
ТАСКАЛИНСКИЙ РАЙОН,2014
ТАСКАЛИНСКИЙ РАЙОН,2025
СЫРЫМСКИЙ РАЙОН,2017
СЫРЫМСКИЙ РАЙОН,2009
СЫРЫМСКИЙ РАЙОН,2019
СЫРЫМСКИЙ РАЙОН,2020
СЫРЫМСКИЙ РАЙОН,2018
СЫРЫМСКИЙ РАЙОН,2022
СЫРЫМСКИЙ РАЙОН,2023
СЫРЫМСКИЙ РАЙОН,2024
СЫРЫМСКИЙ РАЙОН,2021
СЫРЫМСКИЙ РАЙОН,2015
СЫРЫМСКИЙ РАЙОН,2011
СЫРЫМСКИЙ РАЙОН,2016
СЫРЫМСКИЙ РАЙОН,2010
СЫРЫМСКИЙ РАЙОН,2012
СЫРЫМСКИЙ РАЙОН,2013
СЫРЫМСКИЙ РАЙОН,2014
СЫРЫМСКИЙ РАЙОН,2025
БОКЕЙОРДИНСКИЙ РАЙОН,2017
БОКЕЙОРДИНСКИЙ РАЙОН,2009
БОКЕЙОРДИНСКИЙ РАЙОН,2019
БОКЕЙОРДИНСКИЙ РАЙОН,2020
БОКЕЙОРДИНСКИЙ РАЙОН,2018
БОКЕЙОРДИНСКИЙ РАЙОН,2022
БОКЕЙОРДИНСКИЙ РАЙОН,2023
БОКЕЙОРДИНСКИЙ РАЙОН,2024
БОКЕЙОРДИНСКИЙ РАЙОН,2021
БОКЕЙОРДИНСКИЙ РАЙОН,2015
БОКЕЙОРДИНСКИЙ РАЙОН,2011
БОКЕЙОРДИНСКИЙ РАЙОН,2016
БОКЕЙОРДИНСКИЙ РАЙОН,2010
БОКЕЙОРДИНСКИЙ РАЙОН,2012
БОКЕЙОРДИНСКИЙ РАЙОН,2013
БОКЕЙОРДИНСКИЙ РАЙОН,2014
БОКЕЙОРДИНСКИЙ РАЙОН,2025
КАРАТОБИНСКИЙ РАЙОН,2017
КАРАТОБИНСКИЙ РАЙОН,2009
КАРАТОБИНСКИЙ РАЙОН,2019
КАРАТОБИНСКИЙ РАЙОН,2020
КАРАТОБИНСКИЙ РАЙОН,2018
КАРАТОБИНСКИЙ РАЙОН,2022
КАРАТОБИНСКИЙ РАЙОН,2023
КАРАТОБИНСКИЙ РАЙОН,2024
КАРАТОБИНСКИЙ РАЙОН,2021
КАРАТОБИНСКИЙ РАЙОН,2015
КАРАТОБИНСКИЙ РАЙОН,2011
КАРАТОБИНСКИЙ РАЙОН,2016
КАРАТОБИНСКИЙ РАЙОН,2010
КАРАТОБИНСКИЙ РАЙОН,2012
КАРАТОБИНСКИЙ РАЙОН,2013
КАРАТОБИНСКИЙ РАЙОН,2014
КАРАТОБИНСКИЙ РАЙОН,2025
КАЗТАЛОВСКИЙ РАЙОН,2017
КАЗТАЛОВСКИЙ РАЙОН,2009
КАЗТАЛОВСКИЙ РАЙОН,2019
КАЗТАЛОВСКИЙ РАЙОН,2020
КАЗТАЛОВСКИЙ РАЙОН,2018
КАЗТАЛОВСКИЙ РАЙОН,2022
КАЗТАЛОВСКИЙ РАЙОН,2023
КАЗТАЛОВСКИЙ РАЙОН,2024
КАЗТАЛОВСКИЙ РАЙОН,2021
КАЗТАЛОВСКИЙ РАЙОН,2015
КАЗТАЛОВСКИЙ РАЙОН,2011
КАЗТАЛОВСКИЙ РАЙОН,2016
КАЗТАЛОВСКИЙ РАЙОН,2010
КАЗТАЛОВСКИЙ РАЙОН,2012
КАЗТАЛОВСКИЙ РАЙОН,2013
КАЗТАЛОВСКИЙ РАЙОН,2014
КАЗТАЛОВСКИЙ РАЙОН,2025
РАЙОН БӘЙТЕРЕК,2017
РАЙОН БӘЙТЕРЕК,2009
РАЙОН БӘЙТЕРЕК,2019
РАЙОН БӘЙТЕРЕК,2020
РАЙОН БӘЙТЕРЕК,2018
РАЙОН БӘЙТЕРЕК,2022
РАЙОН БӘЙТЕРЕК,2023
РАЙОН БӘЙТЕРЕК,2024
РАЙОН БӘЙТЕРЕК,2021
РАЙОН БӘЙТЕРЕК,2015
РАЙОН БӘЙТЕРЕК,2011
РАЙОН БӘЙТЕРЕК,2016
РАЙОН БӘЙТЕРЕК,2010
РАЙОН БӘЙТЕРЕК,2012
РАЙОН БӘЙТЕРЕК,2013
РАЙОН БӘЙТЕРЕК,2014
РАЙОН БӘЙТЕРЕК,2025
ЖЕЛЕЗИНСКИЙ РАЙОН,2017
ЖЕЛЕЗИНСКИЙ РАЙОН,2009
ЖЕЛЕЗИНСКИЙ РАЙОН,2019
ЖЕЛЕЗИНСКИЙ РАЙОН,2020
ЖЕЛЕЗИНСКИЙ РАЙОН,2018
ЖЕЛЕЗИНСКИЙ РАЙОН,2022
ЖЕЛЕЗИНСКИЙ РАЙОН,2023
ЖЕЛЕЗИНСКИЙ РАЙОН,2024
ЖЕЛЕЗИНСКИЙ РАЙОН,2021
ЖЕЛЕЗИНСКИЙ РАЙОН,2015
ЖЕЛЕЗИНСКИЙ РАЙОН,2011
ЖЕЛЕЗИНСКИЙ РАЙОН,2016
ЖЕЛЕЗИНСКИЙ РАЙОН,2010
ЖЕЛЕЗИНСКИЙ РАЙОН,2012
ЖЕЛЕЗИНСКИЙ РАЙОН,2013
ЖЕЛЕЗИНСКИЙ РАЙОН,2014
ЖЕЛЕЗИНСКИЙ РАЙОН,2025
БАЯНАУЛЬСКИЙ РАЙОН,2017
БАЯНАУЛЬСКИЙ РАЙОН,2009
БАЯНАУЛЬСКИЙ РАЙОН,2019
БАЯНАУЛЬСКИЙ РАЙОН,2020
БАЯНАУЛЬСКИЙ РАЙОН,2018
БАЯНАУЛЬСКИЙ РАЙОН,2022
БАЯНАУЛЬСКИЙ РАЙОН,2023
БАЯНАУЛЬСКИЙ РАЙОН,2024
БАЯНАУЛЬСКИЙ РАЙОН,2021
БАЯНАУЛЬСКИЙ РАЙОН,2015
БАЯНАУЛЬСКИЙ РАЙОН,2011
БАЯНАУЛЬСКИЙ РАЙОН,2016
БАЯНАУЛЬСКИЙ РАЙОН,2010
БАЯНАУЛЬСКИЙ РАЙОН,2012
БАЯНАУЛЬСКИЙ РАЙОН,2013
БАЯНАУЛЬСКИЙ РАЙОН,2014
БАЯНАУЛЬСКИЙ РАЙОН,2025
АКТОГАЙСКИЙ РАЙОН,2017
АКТОГАЙСКИЙ РАЙОН,2009
АКТОГАЙСКИЙ РАЙОН,2019
АКТОГАЙСКИЙ РАЙОН,2020
АКТОГАЙСКИЙ РАЙОН,2018
АКТОГАЙСКИЙ РАЙОН,2022
АКТОГАЙСКИЙ РАЙОН,2023
АКТОГАЙСКИЙ РАЙОН,2024
АКТОГАЙСКИЙ РАЙОН,2021
АКТОГАЙСКИЙ РАЙОН,2015
АКТОГАЙСКИЙ РАЙОН,2011
АКТОГАЙСКИЙ РАЙОН,2016
АКТОГАЙСКИЙ РАЙОН,2010
АКТОГАЙСКИЙ РАЙОН,2012
АКТОГАЙСКИЙ РАЙОН,2013
АКТОГАЙСКИЙ РАЙОН,2014
АКТОГАЙСКИЙ РАЙОН,2025
ЭКИБАСТУЗ Г.А.,2017
ЭКИБАСТУЗ Г.А.,2009
ЭКИБАСТУЗ Г.А.,2019
ЭКИБАСТУЗ Г.А.,2020
ЭКИБАСТУЗ Г.А.,2018
ЭКИБАСТУЗ Г.А.,2022
ЭКИБАСТУЗ Г.А.,2023
ЭКИБАСТУЗ Г.А.,2024
ЭКИБАСТУЗ Г.А.,2021
ЭКИБАСТУЗ Г.А.,2015
ЭКИБАСТУЗ Г.А.,2011
ЭКИБАСТУЗ Г.А.,2016
ЭКИБАСТУЗ Г.А.,2010
ЭКИБАСТУЗ Г.А.,2012
ЭКИБАСТУЗ Г.А.,2013
ЭКИБАСТУЗ Г.А.,2014
ЭКИБАСТУЗ Г.А.,2025
АКСУ Г.А.,2017
АКСУ Г.А.,2009
АКСУ Г.А.,2019
АКСУ Г.А.,2020
АКСУ Г.А.,2018
АКСУ Г.А.,2022
АКСУ Г.А.,2023
АКСУ Г.А.,2024
АКСУ Г.А.,2021
АКСУ Г.А.,2015
АКСУ Г.А.,2011
АКСУ Г.А.,2016
АКСУ Г.А.,2010
АКСУ Г.А.,2012
АКСУ Г.А.,2013
АКСУ Г.А.,2014
АКСУ Г.А.,2025
ПАВЛОДАР Г.А.,2017
ПАВЛОДАР Г.А.,2009
ПАВЛОДАР Г.А.,2019
ПАВЛОДАР Г.А.,2020
ПАВЛОДАР Г.А.,2018
ПАВЛОДАР Г.А.,2022
ПАВЛОДАР Г.А.,2023
ПАВЛОДАР Г.А.,2024
ПАВЛОДАР Г.А.,2021
ПАВЛОДАР Г.А.,2015
ПАВЛОДАР Г.А.,2011
ПАВЛОДАР Г.А.,2016
ПАВЛОДАР Г.А.,2010
ПАВЛОДАР Г.А.,2012
ПАВЛОДАР Г.А.,2013
ПАВЛОДАР Г.А.,2014
ПАВЛОДАР Г.А.,2025
ЖАНИБЕКСКИЙ РАЙОН,2017
ЖАНИБЕКСКИЙ РАЙОН,2009
ЖАНИБЕКСКИЙ РАЙОН,2019
ЖАНИБЕКСКИЙ РАЙОН,2020
ЖАНИБЕКСКИЙ РАЙОН,2018
ЖАНИБЕКСКИЙ РАЙОН,2022
ЖАНИБЕКСКИЙ РАЙОН,2023
ЖАНИБЕКСКИЙ РАЙОН,2024
ЖАНИБЕКСКИЙ РАЙОН,2021
ЖАНИБЕКСКИЙ РАЙОН,2015
ЖАНИБЕКСКИЙ РАЙОН,2011
ЖАНИБЕКСКИЙ РАЙОН,2016
ЖАНИБЕКСКИЙ РАЙОН,2010
ЖАНИБЕКСКИЙ РАЙОН,2012
ЖАНИБЕКСКИЙ РАЙОН,2013
ЖАНИБЕКСКИЙ РАЙОН,2014
ЖАНИБЕКСКИЙ РАЙОН,2025
ЖАНГАЛИНСКИЙ РАЙОН,2017
ЖАНГАЛИНСКИЙ РАЙОН,2009
ЖАНГАЛИНСКИЙ РАЙОН,2019
ЖАНГАЛИНСКИЙ РАЙОН,2020
ЖАНГАЛИНСКИЙ РАЙОН,2018
ЖАНГАЛИНСКИЙ РАЙОН,2022
ЖАНГАЛИНСКИЙ РАЙОН,2023
ЖАНГАЛИНСКИЙ РАЙОН,2024
ЖАНГАЛИНСКИЙ РАЙОН,2021
ЖАНГАЛИНСКИЙ РАЙОН,2015
ЖАНГАЛИНСКИЙ РАЙОН,2011
ЖАНГАЛИНСКИЙ РАЙОН,2016
ЖАНГАЛИНСКИЙ РАЙОН,2010
ЖАНГАЛИНСКИЙ РАЙОН,2012
ЖАНГАЛИНСКИЙ РАЙОН,2013
ЖАНГАЛИНСКИЙ РАЙОН,2014
ЖАНГАЛИНСКИЙ РАЙОН,2025
БУРЛИНСКИЙ РАЙОН,2017
БУРЛИНСКИЙ РАЙОН,2009
БУРЛИНСКИЙ РАЙОН,2019
БУРЛИНСКИЙ РАЙОН,2020
БУРЛИНСКИЙ РАЙОН,2018
БУРЛИНСКИЙ РАЙОН,2022
БУРЛИНСКИЙ РАЙОН,2023
БУРЛИНСКИЙ РАЙОН,2024
БУРЛИНСКИЙ РАЙОН,2021
БУРЛИНСКИЙ РАЙОН,2015
БУРЛИНСКИЙ РАЙОН,2011
БУРЛИНСКИЙ РАЙОН,2016
БУРЛИНСКИЙ РАЙОН,2010
БУРЛИНСКИЙ РАЙОН,2012
БУРЛИНСКИЙ РАЙОН,2013
БУРЛИНСКИЙ РАЙОН,2014
БУРЛИНСКИЙ РАЙОН,2025
АКЖАИКСКИЙ РАЙОН,2017
АКЖАИКСКИЙ РАЙОН,2009
АКЖАИКСКИЙ РАЙОН,2019
АКЖАИКСКИЙ РАЙОН,2020
АКЖАИКСКИЙ РАЙОН,2018
АКЖАИКСКИЙ РАЙОН,2022
АКЖАИКСКИЙ РАЙОН,2023
АКЖАИКСКИЙ РАЙОН,2024
АКЖАИКСКИЙ РАЙОН,2021
АКЖАИКСКИЙ РАЙОН,2015
АКЖАИКСКИЙ РАЙОН,2011
АКЖАИКСКИЙ РАЙОН,2016
АКЖАИКСКИЙ РАЙОН,2010
АКЖАИКСКИЙ РАЙОН,2012
АКЖАИКСКИЙ РАЙОН,2013
АКЖАИКСКИЙ РАЙОН,2014
АКЖАИКСКИЙ РАЙОН,2025
УРАЛЬСК Г.А.,2017
УРАЛЬСК Г.А.,2009
УРАЛЬСК Г.А.,2019
УРАЛЬСК Г.А.,2020
УРАЛЬСК Г.А.,2018
УРАЛЬСК Г.А.,2022
УРАЛЬСК Г.А.,2023
УРАЛЬСК Г.А.,2024
УРАЛЬСК Г.А.,2021
УРАЛЬСК Г.А.,2015
УРАЛЬСК Г.А.,2011
УРАЛЬСК Г.А.,2016
УРАЛЬСК Г.А.,2010
УРАЛЬСК Г.А.,2012
УРАЛЬСК Г.А.,2013
УРАЛЬСК Г.А.,2014
УРАЛЬСК Г.А.,2025
МАХАМБЕТСКИЙ РАЙОН,2017
МАХАМБЕТСКИЙ РАЙОН,2009
МАХАМБЕТСКИЙ РАЙОН,2019
МАХАМБЕТСКИЙ РАЙОН,2020
МАХАМБЕТСКИЙ РАЙОН,2018
МАХАМБЕТСКИЙ РАЙОН,2022
МАХАМБЕТСКИЙ РАЙОН,2023
МАХАМБЕТСКИЙ РАЙОН,2024
МАХАМБЕТСКИЙ РАЙОН,2021
МАХАМБЕТСКИЙ РАЙОН,2015
МАХАМБЕТСКИЙ РАЙОН,2011
МАХАМБЕТСКИЙ РАЙОН,2016
МАХАМБЕТСКИЙ РАЙОН,2010
МАХАМБЕТСКИЙ РАЙОН,2012
МАХАМБЕТСКИЙ РАЙОН,2013
МАХАМБЕТСКИЙ РАЙОН,2014
МАХАМБЕТСКИЙ РАЙОН,2025
ШАРДАРИНСКИЙ РАЙОН,2017
ШАРДАРИНСКИЙ РАЙОН,2009
ШАРДАРИНСКИЙ РАЙОН,2015
ШАРДАРИНСКИЙ РАЙОН,2011
ШАРДАРИНСКИЙ РАЙОН,2016
ШАРДАРИНСКИЙ РАЙОН,2010
ШАРДАРИНСКИЙ РАЙОН,2012
ШАРДАРИНСКИЙ РАЙОН,2013
ШАРДАРИНСКИЙ РАЙОН,2014
ТЮЛЬКУБАССКИЙ РАЙОН,2017
ТЮЛЬКУБАССКИЙ РАЙОН,2009
ТЮЛЬКУБАССКИЙ РАЙОН,2015
ТЮЛЬКУБАССКИЙ РАЙОН,2011
ТЮЛЬКУБАССКИЙ РАЙОН,2016
ТЮЛЬКУБАССКИЙ РАЙОН,2010
ТЮЛЬКУБАССКИЙ РАЙОН,2012
ТЮЛЬКУБАССКИЙ РАЙОН,2013
ТЮЛЬКУБАССКИЙ РАЙОН,2014
ТОЛЕБИЙСКИЙ РАЙОН,2017
ТОЛЕБИЙСКИЙ РАЙОН,2009
ТОЛЕБИЙСКИЙ РАЙОН,2015
ТОЛЕБИЙСКИЙ РАЙОН,2011
ТОЛЕБИЙСКИЙ РАЙОН,2016
ТОЛЕБИЙСКИЙ РАЙОН,2010
ТОЛЕБИЙСКИЙ РАЙОН,2012
ТОЛЕБИЙСКИЙ РАЙОН,2013
ТОЛЕБИЙСКИЙ РАЙОН,2014
СУЗАКСКИЙ РАЙОН,2017
СУЗАКСКИЙ РАЙОН,2009
СУЗАКСКИЙ РАЙОН,2015
СУЗАКСКИЙ РАЙОН,2011
СУЗАКСКИЙ РАЙОН,2016
СУЗАКСКИЙ РАЙОН,2010
СУЗАКСКИЙ РАЙОН,2012
СУЗАКСКИЙ РАЙОН,2013
СУЗАКСКИЙ РАЙОН,2014
САРЫАГАШСКИЙ РАЙОН,2017
САРЫАГАШСКИЙ РАЙОН,2009
САРЫАГАШСКИЙ РАЙОН,2015
САРЫАГАШСКИЙ РАЙОН,2011
САРЫАГАШСКИЙ РАЙОН,2016
САРЫАГАШСКИЙ РАЙОН,2010
САРЫАГАШСКИЙ РАЙОН,2012
САРЫАГАШСКИЙ РАЙОН,2013
САРЫАГАШСКИЙ РАЙОН,2014
САЙРАМСКИЙ РАЙОН,2017
САЙРАМСКИЙ РАЙОН,2009
САЙРАМСКИЙ РАЙОН,2015
САЙРАМСКИЙ РАЙОН,2011
САЙРАМСКИЙ РАЙОН,2016
САЙРАМСКИЙ РАЙОН,2010
САЙРАМСКИЙ РАЙОН,2012
САЙРАМСКИЙ РАЙОН,2013
САЙРАМСКИЙ РАЙОН,2014
МАКАТСКИЙ РАЙОН,2017
МАКАТСКИЙ РАЙОН,2009
МАКАТСКИЙ РАЙОН,2019
МАКАТСКИЙ РАЙОН,2020
МАКАТСКИЙ РАЙОН,2018
МАКАТСКИЙ РАЙОН,2022
МАКАТСКИЙ РАЙОН,2023
МАКАТСКИЙ РАЙОН,2024
МАКАТСКИЙ РАЙОН,2021
МАКАТСКИЙ РАЙОН,2015
МАКАТСКИЙ РАЙОН,2011
МАКАТСКИЙ РАЙОН,2016
МАКАТСКИЙ РАЙОН,2010
МАКАТСКИЙ РАЙОН,2012
МАКАТСКИЙ РАЙОН,2013
МАКАТСКИЙ РАЙОН,2014
МАКАТСКИЙ РАЙОН,2025
КЗЫЛКОГИНСКИЙ РАЙОН,2017
КЗЫЛКОГИНСКИЙ РАЙОН,2009
КЗЫЛКОГИНСКИЙ РАЙОН,2019
КЗЫЛКОГИНСКИЙ РАЙОН,2020
КЗЫЛКОГИНСКИЙ РАЙОН,2018
КЗЫЛКОГИНСКИЙ РАЙОН,2022
КЗЫЛКОГИНСКИЙ РАЙОН,2023
КЗЫЛКОГИНСКИЙ РАЙОН,2024
КЗЫЛКОГИНСКИЙ РАЙОН,2021
КЗЫЛКОГИНСКИЙ РАЙОН,2015
КЗЫЛКОГИНСКИЙ РАЙОН,2011
КЗЫЛКОГИНСКИЙ РАЙОН,2016
КЗЫЛКОГИНСКИЙ РАЙОН,2010
КЗЫЛКОГИНСКИЙ РАЙОН,2012
КЗЫЛКОГИНСКИЙ РАЙОН,2013
КЗЫЛКОГИНСКИЙ РАЙОН,2014
КЗЫЛКОГИНСКИЙ РАЙОН,2025
КУРМАНГАЗИНСКИЙ РАЙОН,2017
КУРМАНГАЗИНСКИЙ РАЙОН,2009
КУРМАНГАЗИНСКИЙ РАЙОН,2019
КУРМАНГАЗИНСКИЙ РАЙОН,2020
КУРМАНГАЗИНСКИЙ РАЙОН,2018
КУРМАНГАЗИНСКИЙ РАЙОН,2022
КУРМАНГАЗИНСКИЙ РАЙОН,2023
КУРМАНГАЗИНСКИЙ РАЙОН,2024
КУРМАНГАЗИНСКИЙ РАЙОН,2021
КУРМАНГАЗИНСКИЙ РАЙОН,2015
КУРМАНГАЗИНСКИЙ РАЙОН,2011
КУРМАНГАЗИНСКИЙ РАЙОН,2016
КУРМАНГАЗИНСКИЙ РАЙОН,2010
КУРМАНГАЗИНСКИЙ РАЙОН,2012
КУРМАНГАЗИНСКИЙ РАЙОН,2013
КУРМАНГАЗИНСКИЙ РАЙОН,2014
КУРМАНГАЗИНСКИЙ РАЙОН,2025
ИСАТАЙСКИЙ РАЙОН,2017
ИСАТАЙСКИЙ РАЙОН,2009
ИСАТАЙСКИЙ РАЙОН,2019
ИСАТАЙСКИЙ РАЙОН,2020
ИСАТАЙСКИЙ РАЙОН,2018
ИСАТАЙСКИЙ РАЙОН,2022
ИСАТАЙСКИЙ РАЙОН,2023
ИСАТАЙСКИЙ РАЙОН,2024
ИСАТАЙСКИЙ РАЙОН,2021
ИСАТАЙСКИЙ РАЙОН,2015
ИСАТАЙСКИЙ РАЙОН,2011
ИСАТАЙСКИЙ РАЙОН,2016
ИСАТАЙСКИЙ РАЙОН,2010
ИСАТАЙСКИЙ РАЙОН,2012
ИСАТАЙСКИЙ РАЙОН,2013
ИСАТАЙСКИЙ РАЙОН,2014
ИСАТАЙСКИЙ РАЙОН,2025
ИНДЕРСКИЙ РАЙОН,2017
ИНДЕРСКИЙ РАЙОН,2009
ИНДЕРСКИЙ РАЙОН,2019
ИНДЕРСКИЙ РАЙОН,2020
ИНДЕРСКИЙ РАЙОН,2018
ИНДЕРСКИЙ РАЙОН,2022
ИНДЕРСКИЙ РАЙОН,2023
ИНДЕРСКИЙ РАЙОН,2024
ИНДЕРСКИЙ РАЙОН,2021
ИНДЕРСКИЙ РАЙОН,2015
ИНДЕРСКИЙ РАЙОН,2011
ИНДЕРСКИЙ РАЙОН,2016
ИНДЕРСКИЙ РАЙОН,2010
ИНДЕРСКИЙ РАЙОН,2012
ИНДЕРСКИЙ РАЙОН,2013
ИНДЕРСКИЙ РАЙОН,2014
ИНДЕРСКИЙ РАЙОН,2025
ЖЫЛЫОЙСКИЙ РАЙОН,2017
ЖЫЛЫОЙСКИЙ РАЙОН,2009
ЖЫЛЫОЙСКИЙ РАЙОН,2019
ЖЫЛЫОЙСКИЙ РАЙОН,2020
ЖЫЛЫОЙСКИЙ РАЙОН,2018
ЖЫЛЫОЙСКИЙ РАЙОН,2022
ЖЫЛЫОЙСКИЙ РАЙОН,2023
ЖЫЛЫОЙСКИЙ РАЙОН,2024
ЖЫЛЫОЙСКИЙ РАЙОН,2021
ЖЫЛЫОЙСКИЙ РАЙОН,2015
ЖЫЛЫОЙСКИЙ РАЙОН,2011
ЖЫЛЫОЙСКИЙ РАЙОН,2016
ЖЫЛЫОЙСКИЙ РАЙОН,2010
ЖЫЛЫОЙСКИЙ РАЙОН,2012
ЖЫЛЫОЙСКИЙ РАЙОН,2013
ЖЫЛЫОЙСКИЙ РАЙОН,2014
ЖЫЛЫОЙСКИЙ РАЙОН,2025
ОТРАРСКИЙ РАЙОН,2017
ОТРАРСКИЙ РАЙОН,2009
ОТРАРСКИЙ РАЙОН,2015
ОТРАРСКИЙ РАЙОН,2011
ОТРАРСКИЙ РАЙОН,2016
ОТРАРСКИЙ РАЙОН,2010
ОТРАРСКИЙ РАЙОН,2012
ОТРАРСКИЙ РАЙОН,2013
ОТРАРСКИЙ РАЙОН,2014
ОРДАБАСЫНСКИЙ РАЙОН,2017
ОРДАБАСЫНСКИЙ РАЙОН,2009
ОРДАБАСЫНСКИЙ РАЙОН,2015
ОРДАБАСЫНСКИЙ РАЙОН,2011
ОРДАБАСЫНСКИЙ РАЙОН,2016
ОРДАБАСЫНСКИЙ РАЙОН,2010
ОРДАБАСЫНСКИЙ РАЙОН,2012
ОРДАБАСЫНСКИЙ РАЙОН,2013
ОРДАБАСЫНСКИЙ РАЙОН,2014
МАКТААРАЛЬСКИЙ РАЙОН,2017
МАКТААРАЛЬСКИЙ РАЙОН,2009
МАКТААРАЛЬСКИЙ РАЙОН,2015
МАКТААРАЛЬСКИЙ РАЙОН,2011
МАКТААРАЛЬСКИЙ РАЙОН,2016
МАКТААРАЛЬСКИЙ РАЙОН,2010
МАКТААРАЛЬСКИЙ РАЙОН,2012
МАКТААРАЛЬСКИЙ РАЙОН,2013
МАКТААРАЛЬСКИЙ РАЙОН,2014
КАЗЫГУРТСКИЙ РАЙОН,2017
КАЗЫГУРТСКИЙ РАЙОН,2009
КАЗЫГУРТСКИЙ РАЙОН,2015
КАЗЫГУРТСКИЙ РАЙОН,2011
КАЗЫГУРТСКИЙ РАЙОН,2016
КАЗЫГУРТСКИЙ РАЙОН,2010
КАЗЫГУРТСКИЙ РАЙОН,2012
КАЗЫГУРТСКИЙ РАЙОН,2013
КАЗЫГУРТСКИЙ РАЙОН,2014
РАЙОН БАЙДИБЕКА,2017
РАЙОН БАЙДИБЕКА,2009
РАЙОН БАЙДИБЕКА,2015
РАЙОН БАЙДИБЕКА,2011
РАЙОН БАЙДИБЕКА,2016
РАЙОН БАЙДИБЕКА,2010
РАЙОН БАЙДИБЕКА,2012
РАЙОН БАЙДИБЕКА,2013
РАЙОН БАЙДИБЕКА,2014
ТУРКЕСТАН Г.А.,2017
ТУРКЕСТАН Г.А.,2009
ТУРКЕСТАН Г.А.,2015
ТУРКЕСТАН Г.А.,2011
ТУРКЕСТАН Г.А.,2016
ТУРКЕСТАН Г.А.,2010
ТУРКЕСТАН Г.А.,2012
ТУРКЕСТАН Г.А.,2013
ТУРКЕСТАН Г.А.,2014
АТЫРАУ Г.А.,2017
АТЫРАУ Г.А.,2009
АТЫРАУ Г.А.,2019
АТЫРАУ Г.А.,2020
АТЫРАУ Г.А.,2018
АТЫРАУ Г.А.,2022
АТЫРАУ Г.А.,2023
АТЫРАУ Г.А.,2024
АТЫРАУ Г.А.,2021
АТЫРАУ Г.А.,2015
АТЫРАУ Г.А.,2011
АТЫРАУ Г.А.,2016
АТЫРАУ Г.А.,2010
АТЫРАУ Г.А.,2012
АТЫРАУ Г.А.,2013
АТЫРАУ Г.А.,2014
АТЫРАУ Г.А.,2025
ИЛИЙСКИЙ РАЙОН,2017
ИЛИЙСКИЙ РАЙОН,2009
ИЛИЙСКИЙ РАЙОН,2019
ИЛИЙСКИЙ РАЙОН,2020
ИЛИЙСКИЙ РАЙОН,2018
ИЛИЙСКИЙ РАЙОН,2022
ИЛИЙСКИЙ РАЙОН,2023
ИЛИЙСКИЙ РАЙОН,2024
ИЛИЙСКИЙ РАЙОН,2021
ИЛИЙСКИЙ РАЙОН,2015
ИЛИЙСКИЙ РАЙОН,2011
ИЛИЙСКИЙ РАЙОН,2016
ИЛИЙСКИЙ РАЙОН,2010
ИЛИЙСКИЙ РАЙОН,2012
ИЛИЙСКИЙ РАЙОН,2013
ИЛИЙСКИЙ РАЙОН,2014
ИЛИЙСКИЙ РАЙОН,2025
УЙГУРСКИЙ РАЙОН,2017
УЙГУРСКИЙ РАЙОН,2009
УЙГУРСКИЙ РАЙОН,2019
УЙГУРСКИЙ РАЙОН,2020
УЙГУРСКИЙ РАЙОН,2018
УЙГУРСКИЙ РАЙОН,2022
УЙГУРСКИЙ РАЙОН,2023
УЙГУРСКИЙ РАЙОН,2024
УЙГУРСКИЙ РАЙОН,2021
УЙГУРСКИЙ РАЙОН,2015
УЙГУРСКИЙ РАЙОН,2011
УЙГУРСКИЙ РАЙОН,2016
УЙГУРСКИЙ РАЙОН,2010
УЙГУРСКИЙ РАЙОН,2012
УЙГУРСКИЙ РАЙОН,2013
УЙГУРСКИЙ РАЙОН,2014
УЙГУРСКИЙ РАЙОН,2025
ЕСКЕЛЬДИНСКИЙ РАЙОН,2017
ЕСКЕЛЬДИНСКИЙ РАЙОН,2009
ЕСКЕЛЬДИНСКИЙ РАЙОН,2019
ЕСКЕЛЬДИНСКИЙ РАЙОН,2020
ЕСКЕЛЬДИНСКИЙ РАЙОН,2022
ЕСКЕЛЬДИНСКИЙ РАЙОН,2023
ЕСКЕЛЬДИНСКИЙ РАЙОН,2024
ЕСКЕЛЬДИНСКИЙ РАЙОН,2015
ЕСКЕЛЬДИНСКИЙ РАЙОН,2011
ЕСКЕЛЬДИНСКИЙ РАЙОН,2016
ЕСКЕЛЬДИНСКИЙ РАЙОН,2010
ЕСКЕЛЬДИНСКИЙ РАЙОН,2012
ЕСКЕЛЬДИНСКИЙ РАЙОН,2013
ЕСКЕЛЬДИНСКИЙ РАЙОН,2014
ЕСКЕЛЬДИНСКИЙ РАЙОН,2025
ТАЛГАРСКИЙ РАЙОН,2017
ТАЛГАРСКИЙ РАЙОН,2009
ТАЛГАРСКИЙ РАЙОН,2019
ТАЛГАРСКИЙ РАЙОН,2020
ТАЛГАРСКИЙ РАЙОН,2018
ТАЛГАРСКИЙ РАЙОН,2022
ТАЛГАРСКИЙ РАЙОН,2023
ТАЛГАРСКИЙ РАЙОН,2024
ТАЛГАРСКИЙ РАЙОН,2021
ТАЛГАРСКИЙ РАЙОН,2015
ТАЛГАРСКИЙ РАЙОН,2011
ТАЛГАРСКИЙ РАЙОН,2016
ТАЛГАРСКИЙ РАЙОН,2010
ТАЛГАРСКИЙ РАЙОН,2012
ТАЛГАРСКИЙ РАЙОН,2013
ТАЛГАРСКИЙ РАЙОН,2014
ТАЛГАРСКИЙ РАЙОН,2025
КЕНТАУ Г.А.,2017
КЕНТАУ Г.А.,2009
КЕНТАУ Г.А.,2015
КЕНТАУ Г.А.,2011
КЕНТАУ Г.А.,2016
КЕНТАУ Г.А.,2010
КЕНТАУ Г.А.,2012
КЕНТАУ Г.А.,2013
КЕНТАУ Г.А.,2014
АРЫСЬ Г.А.,2017
АРЫСЬ Г.А.,2009
АРЫСЬ Г.А.,2015
АРЫСЬ Г.А.,2011
АРЫСЬ Г.А.,2016
АРЫСЬ Г.А.,2010
АРЫСЬ Г.А.,2012
АРЫСЬ Г.А.,2013
АРЫСЬ Г.А.,2014
ШЫМКЕНТ Г.А.,2017
ШЫМКЕНТ Г.А.,2009
ШЫМКЕНТ Г.А.,2015
ШЫМКЕНТ Г.А.,2011
ШЫМКЕНТ Г.А.,2016
ШЫМКЕНТ Г.А.,2010
ШЫМКЕНТ Г.А.,2012
ШЫМКЕНТ Г.А.,2013
ШЫМКЕНТ Г.А.,2014
ТУПКАРАГАНСКИЙ РАЙОН,2017
ТУПКАРАГАНСКИЙ РАЙОН,2009
ТУПКАРАГАНСКИЙ РАЙОН,2019
ТУПКАРАГАНСКИЙ РАЙОН,2020
ТУПКАРАГАНСКИЙ РАЙОН,2018
ТУПКАРАГАНСКИЙ РАЙОН,2022
ТУПКАРАГАНСКИЙ РАЙОН,2023
ТУПКАРАГАНСКИЙ РАЙОН,2024
ТУПКАРАГАНСКИЙ РАЙОН,2021
ТУПКАРАГАНСКИЙ РАЙОН,2015
ТУПКАРАГАНСКИЙ РАЙОН,2011
ТУПКАРАГАНСКИЙ РАЙОН,2016
ТУПКАРАГАНСКИЙ РАЙОН,2010
ТУПКАРАГАНСКИЙ РАЙОН,2012
ТУПКАРАГАНСКИЙ РАЙОН,2013
ТУПКАРАГАНСКИЙ РАЙОН,2014
ТУПКАРАГАНСКИЙ РАЙОН,2025
МУНАЙЛИНСКИЙ РАЙОН,2017
МУНАЙЛИНСКИЙ РАЙОН,2009
МУНАЙЛИНСКИЙ РАЙОН,2019
МУНАЙЛИНСКИЙ РАЙОН,2020
МУНАЙЛИНСКИЙ РАЙОН,2018
МУНАЙЛИНСКИЙ РАЙОН,2022
МУНАЙЛИНСКИЙ РАЙОН,2023
МУНАЙЛИНСКИЙ РАЙОН,2024
МУНАЙЛИНСКИЙ РАЙОН,2021
МУНАЙЛИНСКИЙ РАЙОН,2015
МУНАЙЛИНСКИЙ РАЙОН,2011
МУНАЙЛИНСКИЙ РАЙОН,2016
МУНАЙЛИНСКИЙ РАЙОН,2010
МУНАЙЛИНСКИЙ РАЙОН,2012
МУНАЙЛИНСКИЙ РАЙОН,2013
МУНАЙЛИНСКИЙ РАЙОН,2014
МУНАЙЛИНСКИЙ РАЙОН,2025
САРКАНСКИЙ РАЙОН,2017
САРКАНСКИЙ РАЙОН,2009
САРКАНСКИЙ РАЙОН,2019
САРКАНСКИЙ РАЙОН,2020
САРКАНСКИЙ РАЙОН,2022
САРКАНСКИЙ РАЙОН,2023
САРКАНСКИЙ РАЙОН,2024
САРКАНСКИЙ РАЙОН,2015
САРКАНСКИЙ РАЙОН,2011
САРКАНСКИЙ РАЙОН,2016
САРКАНСКИЙ РАЙОН,2010
САРКАНСКИЙ РАЙОН,2012
САРКАНСКИЙ РАЙОН,2013
САРКАНСКИЙ РАЙОН,2014
САРКАНСКИЙ РАЙОН,2025
РАЙЫМБЕКСКИЙ РАЙОН,2017
РАЙЫМБЕКСКИЙ РАЙОН,2009
РАЙЫМБЕКСКИЙ РАЙОН,2019
РАЙЫМБЕКСКИЙ РАЙОН,2020
РАЙЫМБЕКСКИЙ РАЙОН,2018
РАЙЫМБЕКСКИЙ РАЙОН,2022
РАЙЫМБЕКСКИЙ РАЙОН,2023
РАЙЫМБЕКСКИЙ РАЙОН,2024
РАЙЫМБЕКСКИЙ РАЙОН,2021
РАЙЫМБЕКСКИЙ РАЙОН,2015
РАЙЫМБЕКСКИЙ РАЙОН,2011
РАЙЫМБЕКСКИЙ РАЙОН,2016
РАЙЫМБЕКСКИЙ РАЙОН,2010
РАЙЫМБЕКСКИЙ РАЙОН,2012
РАЙЫМБЕКСКИЙ РАЙОН,2013
РАЙЫМБЕКСКИЙ РАЙОН,2014
РАЙЫМБЕКСКИЙ РАЙОН,2025
ПАНФИЛОВСКИЙ РАЙОН,2017
ПАНФИЛОВСКИЙ РАЙОН,2009
ПАНФИЛОВСКИЙ РАЙОН,2019
ПАНФИЛОВСКИЙ РАЙОН,2020
ПАНФИЛОВСКИЙ РАЙОН,2022
ПАНФИЛОВСКИЙ РАЙОН,2023
ПАНФИЛОВСКИЙ РАЙОН,2024
ПАНФИЛОВСКИЙ РАЙОН,2015
ПАНФИЛОВСКИЙ РАЙОН,2011
ПАНФИЛОВСКИЙ РАЙОН,2016
ПАНФИЛОВСКИЙ РАЙОН,2010
ПАНФИЛОВСКИЙ РАЙОН,2012
ПАНФИЛОВСКИЙ РАЙОН,2013
ПАНФИЛОВСКИЙ РАЙОН,2014
ПАНФИЛОВСКИЙ РАЙОН,2025
КАРАСАЙСКИЙ РАЙОН,2017
КАРАСАЙСКИЙ РАЙОН,2009
КАРАСАЙСКИЙ РАЙОН,2019
КАРАСАЙСКИЙ РАЙОН,2020
КАРАСАЙСКИЙ РАЙОН,2018
КАРАСАЙСКИЙ РАЙОН,2022
КАРАСАЙСКИЙ РАЙОН,2023
КАРАСАЙСКИЙ РАЙОН,2024
КАРАСАЙСКИЙ РАЙОН,2021
КАРАСАЙСКИЙ РАЙОН,2015
КАРАСАЙСКИЙ РАЙОН,2011
КАРАСАЙСКИЙ РАЙОН,2016
КАРАСАЙСКИЙ РАЙОН,2010
КАРАСАЙСКИЙ РАЙОН,2012
КАРАСАЙСКИЙ РАЙОН,2013
КАРАСАЙСКИЙ РАЙОН,2014
КАРАСАЙСКИЙ РАЙОН,2025
КАРАТАЛЬСКИЙ РАЙОН,2017
КАРАТАЛЬСКИЙ РАЙОН,2009
КАРАТАЛЬСКИЙ РАЙОН,2019
КАРАТАЛЬСКИЙ РАЙОН,2020
КАРАТАЛЬСКИЙ РАЙОН,2022
КАРАТАЛЬСКИЙ РАЙОН,2023
КАРАТАЛЬСКИЙ РАЙОН,2024
КАРАТАЛЬСКИЙ РАЙОН,2015
КАРАТАЛЬСКИЙ РАЙОН,2011
КАРАТАЛЬСКИЙ РАЙОН,2016
КАРАТАЛЬСКИЙ РАЙОН,2010
КАРАТАЛЬСКИЙ РАЙОН,2012
КАРАТАЛЬСКИЙ РАЙОН,2013
КАРАТАЛЬСКИЙ РАЙОН,2014
КАРАТАЛЬСКИЙ РАЙОН,2025
КОКСУСКИЙ РАЙОН,2017
КОКСУСКИЙ РАЙОН,2009
КОКСУСКИЙ РАЙОН,2019
КОКСУСКИЙ РАЙОН,2020
КОКСУСКИЙ РАЙОН,2022
КОКСУСКИЙ РАЙОН,2023
КОКСУСКИЙ РАЙОН,2024
КОКСУСКИЙ РАЙОН,2015
КОКСУСКИЙ РАЙОН,2011
КОКСУСКИЙ РАЙОН,2016
КОКСУСКИЙ РАЙОН,2010
КОКСУСКИЙ РАЙОН,2012
КОКСУСКИЙ РАЙОН,2013
КОКСУСКИЙ РАЙОН,2014
КОКСУСКИЙ РАЙОН,2025
МАНГИСТАУСКИЙ РАЙОН,2017
МАНГИСТАУСКИЙ РАЙОН,2009
МАНГИСТАУСКИЙ РАЙОН,2019
МАНГИСТАУСКИЙ РАЙОН,2020
МАНГИСТАУСКИЙ РАЙОН,2018
МАНГИСТАУСКИЙ РАЙОН,2022
МАНГИСТАУСКИЙ РАЙОН,2023
МАНГИСТАУСКИЙ РАЙОН,2024
МАНГИСТАУСКИЙ РАЙОН,2021
МАНГИСТАУСКИЙ РАЙОН,2015
МАНГИСТАУСКИЙ РАЙОН,2011
МАНГИСТАУСКИЙ РАЙОН,2016
МАНГИСТАУСКИЙ РАЙОН,2010
МАНГИСТАУСКИЙ РАЙОН,2012
МАНГИСТАУСКИЙ РАЙОН,2013
МАНГИСТАУСКИЙ РАЙОН,2014
МАНГИСТАУСКИЙ РАЙОН,2025
КАРАКИЯНСКИЙ РАЙОН,2017
КАРАКИЯНСКИЙ РАЙОН,2009
КАРАКИЯНСКИЙ РАЙОН,2019
КАРАКИЯНСКИЙ РАЙОН,2020
КАРАКИЯНСКИЙ РАЙОН,2018
КАРАКИЯНСКИЙ РАЙОН,2022
КАРАКИЯНСКИЙ РАЙОН,2023
КАРАКИЯНСКИЙ РАЙОН,2024
КАРАКИЯНСКИЙ РАЙОН,2021
КАРАКИЯНСКИЙ РАЙОН,2015
КАРАКИЯНСКИЙ РАЙОН,2011
КАРАКИЯНСКИЙ РАЙОН,2016
КАРАКИЯНСКИЙ РАЙОН,2010
КАРАКИЯНСКИЙ РАЙОН,2012
КАРАКИЯНСКИЙ РАЙОН,2013
КАРАКИЯНСКИЙ РАЙОН,2014
КАРАКИЯНСКИЙ РАЙОН,2025
БЕЙНЕУСКИЙ РАЙОН,2017
БЕЙНЕУСКИЙ РАЙОН,2009
БЕЙНЕУСКИЙ РАЙОН,2019
БЕЙНЕУСКИЙ РАЙОН,2020
БЕЙНЕУСКИЙ РАЙОН,2018
БЕЙНЕУСКИЙ РАЙОН,2022
БЕЙНЕУСКИЙ РАЙОН,2023
БЕЙНЕУСКИЙ РАЙОН,2024
БЕЙНЕУСКИЙ РАЙОН,2021
БЕЙНЕУСКИЙ РАЙОН,2015
БЕЙНЕУСКИЙ РАЙОН,2011
БЕЙНЕУСКИЙ РАЙОН,2016
БЕЙНЕУСКИЙ РАЙОН,2010
БЕЙНЕУСКИЙ РАЙОН,2012
БЕЙНЕУСКИЙ РАЙОН,2013
БЕЙНЕУСКИЙ РАЙОН,2014
БЕЙНЕУСКИЙ РАЙОН,2025
ЖАНАОЗЕН Г.А.,2017
ЖАНАОЗЕН Г.А.,2009
ЖАНАОЗЕН Г.А.,2019
ЖАНАОЗЕН Г.А.,2020
ЖАНАОЗЕН Г.А.,2018
ЖАНАОЗЕН Г.А.,2022
ЖАНАОЗЕН Г.А.,2023
ЖАНАОЗЕН Г.А.,2024
ЖАНАОЗЕН Г.А.,2021
ЖАНАОЗЕН Г.А.,2015
ЖАНАОЗЕН Г.А.,2011
ЖАНАОЗЕН Г.А.,2016
ЖАНАОЗЕН Г.А.,2010
ЖАНАОЗЕН Г.А.,2012
ЖАНАОЗЕН Г.А.,2013
ЖАНАОЗЕН Г.А.,2014
ЖАНАОЗЕН Г.А.,2025
АКТАУ Г.А.,2017
АКТАУ Г.А.,2009
АКТАУ Г.А.,2019
АКТАУ Г.А.,2020
АКТАУ Г.А.,2018
АКТАУ Г.А.,2022
АКТАУ Г.А.,2023
АКТАУ Г.А.,2024
АКТАУ Г.А.,2021
АКТАУ Г.А.,2015
АКТАУ Г.А.,2011
АКТАУ Г.А.,2016
АКТАУ Г.А.,2010
АКТАУ Г.А.,2012
АКТАУ Г.А.,2013
АКТАУ Г.А.,2014
АКТАУ Г.А.,2025
ШИЕЛИЙСКИЙ РАЙОН,2017
ШИЕЛИЙСКИЙ РАЙОН,2009
ШИЕЛИЙСКИЙ РАЙОН,2019
ШИЕЛИЙСКИЙ РАЙОН,2020
ШИЕЛИЙСКИЙ РАЙОН,2018
ШИЕЛИЙСКИЙ РАЙОН,2022
ШИЕЛИЙСКИЙ РАЙОН,2023
ШИЕЛИЙСКИЙ РАЙОН,2024
ШИЕЛИЙСКИЙ РАЙОН,2021
ШИЕЛИЙСКИЙ РАЙОН,2015
ШИЕЛИЙСКИЙ РАЙОН,2011
ШИЕЛИЙСКИЙ РАЙОН,2016
ШИЕЛИЙСКИЙ РАЙОН,2010
ШИЕЛИЙСКИЙ РАЙОН,2012
ШИЕЛИЙСКИЙ РАЙОН,2013
ШИЕЛИЙСКИЙ РАЙОН,2014
ШИЕЛИЙСКИЙ РАЙОН,2025
КЕРБУЛАКСКИЙ РАЙОН,2017
КЕРБУЛАКСКИЙ РАЙОН,2009
КЕРБУЛАКСКИЙ РАЙОН,2019
КЕРБУЛАКСКИЙ РАЙОН,2020
КЕРБУЛАКСКИЙ РАЙОН,2022
КЕРБУЛАКСКИЙ РАЙОН,2023
КЕРБУЛАКСКИЙ РАЙОН,2024
КЕРБУЛАКСКИЙ РАЙОН,2015
КЕРБУЛАКСКИЙ РАЙОН,2011
КЕРБУЛАКСКИЙ РАЙОН,2016
КЕРБУЛАКСКИЙ РАЙОН,2010
КЕРБУЛАКСКИЙ РАЙОН,2012
КЕРБУЛАКСКИЙ РАЙОН,2013
КЕРБУЛАКСКИЙ РАЙОН,2014
КЕРБУЛАКСКИЙ РАЙОН,2025
ЕНБЕКШИКАЗАХСКИЙ РАЙОН,2017
ЕНБЕКШИКАЗАХСКИЙ РАЙОН,2009
ЕНБЕКШИКАЗАХСКИЙ РАЙОН,2019
ЕНБЕКШИКАЗАХСКИЙ РАЙОН,2020
ЕНБЕКШИКАЗАХСКИЙ РАЙОН,2018
ЕНБЕКШИКАЗАХСКИЙ РАЙОН,2022
ЕНБЕКШИКАЗАХСКИЙ РАЙОН,2023
ЕНБЕКШИКАЗАХСКИЙ РАЙОН,2024
ЕНБЕКШИКАЗАХСКИЙ РАЙОН,2021
ЕНБЕКШИКАЗАХСКИЙ РАЙОН,2015
ЕНБЕКШИКАЗАХСКИЙ РАЙОН,2011
ЕНБЕКШИКАЗАХСКИЙ РАЙОН,2016
ЕНБЕКШИКАЗАХСКИЙ РАЙОН,2010
ЕНБЕКШИКАЗАХСКИЙ РАЙОН,2012
ЕНБЕКШИКАЗАХСКИЙ РАЙОН,2013
ЕНБЕКШИКАЗАХСКИЙ РАЙОН,2014
ЕНБЕКШИКАЗАХСКИЙ РАЙОН,2025
БАЛХАШСКИЙ РАЙОН,2017
БАЛХАШСКИЙ РАЙОН,2009
БАЛХАШСКИЙ РАЙОН,2019
БАЛХАШСКИЙ РАЙОН,2020
БАЛХАШСКИЙ РАЙОН,2018
БАЛХАШСКИЙ РАЙОН,2022
БАЛХАШСКИЙ РАЙОН,2023
БАЛХАШСКИЙ РАЙОН,2024
БАЛХАШСКИЙ РАЙОН,2021
БАЛХАШСКИЙ РАЙОН,2015
БАЛХАШСКИЙ РАЙОН,2011
БАЛХАШСКИЙ РАЙОН,2016
БАЛХАШСКИЙ РАЙОН,2010
БАЛХАШСКИЙ РАЙОН,2012
БАЛХАШСКИЙ РАЙОН,2013
БАЛХАШСКИЙ РАЙОН,2014
БАЛХАШСКИЙ РАЙОН,2025
АЛАКОЛЬСКИЙ РАЙОН,2017
АЛАКОЛЬСКИЙ РАЙОН,2009
АЛАКОЛЬСКИЙ РАЙОН,2019
АЛАКОЛЬСКИЙ РАЙОН,2020
АЛАКОЛЬСКИЙ РАЙОН,2022
АЛАКОЛЬСКИЙ РАЙОН,2023
АЛАКОЛЬСКИЙ РАЙОН,2024
АЛАКОЛЬСКИЙ РАЙОН,2015
АЛАКОЛЬСКИЙ РАЙОН,2011
АЛАКОЛЬСКИЙ РАЙОН,2016
АЛАКОЛЬСКИЙ РАЙОН,2010
АЛАКОЛЬСКИЙ РАЙОН,2012
АЛАКОЛЬСКИЙ РАЙОН,2013
АЛАКОЛЬСКИЙ РАЙОН,2014
АЛАКОЛЬСКИЙ РАЙОН,2025
АКСУСКИЙ РАЙОН,2017
АКСУСКИЙ РАЙОН,2009
АКСУСКИЙ РАЙОН,2019
АКСУСКИЙ РАЙОН,2020
АКСУСКИЙ РАЙОН,2022
АКСУСКИЙ РАЙОН,2023
АКСУСКИЙ РАЙОН,2024
АКСУСКИЙ РАЙОН,2015
АКСУСКИЙ РАЙОН,2011
АКСУСКИЙ РАЙОН,2016
АКСУСКИЙ РАЙОН,2010
АКСУСКИЙ РАЙОН,2012
АКСУСКИЙ РАЙОН,2013
АКСУСКИЙ РАЙОН,2014
АКСУСКИЙ РАЙОН,2025
ТЕКЕЛИ Г.А.,2017
ТЕКЕЛИ Г.А.,2009
ТЕКЕЛИ Г.А.,2019
ТЕКЕЛИ Г.А.,2020
ТЕКЕЛИ Г.А.,2022
ТЕКЕЛИ Г.А.,2023
ТЕКЕЛИ Г.А.,2024
ТЕКЕЛИ Г.А.,2015
ТЕКЕЛИ Г.А.,2011
ТЕКЕЛИ Г.А.,2016
ТЕКЕЛИ Г.А.,2010
ТЕКЕЛИ Г.А.,2012
ТЕКЕЛИ Г.А.,2013
ТЕКЕЛИ Г.А.,2014
ТЕКЕЛИ Г.А.,2025
СЫРДАРЬИНСКИЙ РАЙОН,2017
СЫРДАРЬИНСКИЙ РАЙОН,2009
СЫРДАРЬИНСКИЙ РАЙОН,2019
СЫРДАРЬИНСКИЙ РАЙОН,2020
СЫРДАРЬИНСКИЙ РАЙОН,2018
СЫРДАРЬИНСКИЙ РАЙОН,2022
СЫРДАРЬИНСКИЙ РАЙОН,2023
СЫРДАРЬИНСКИЙ РАЙОН,2024
СЫРДАРЬИНСКИЙ РАЙОН,2021
СЫРДАРЬИНСКИЙ РАЙОН,2015
СЫРДАРЬИНСКИЙ РАЙОН,2011
СЫРДАРЬИНСКИЙ РАЙОН,2016
СЫРДАРЬИНСКИЙ РАЙОН,2010
СЫРДАРЬИНСКИЙ РАЙОН,2012
СЫРДАРЬИНСКИЙ РАЙОН,2013
СЫРДАРЬИНСКИЙ РАЙОН,2014
СЫРДАРЬИНСКИЙ РАЙОН,2025
КАРМАКШИНСКИЙ РАЙОН,2017
КАРМАКШИНСКИЙ РАЙОН,2009
КАРМАКШИНСКИЙ РАЙОН,2019
КАРМАКШИНСКИЙ РАЙОН,2020
КАРМАКШИНСКИЙ РАЙОН,2018
КАРМАКШИНСКИЙ РАЙОН,2022
КАРМАКШИНСКИЙ РАЙОН,2023
КАРМАКШИНСКИЙ РАЙОН,2024
КАРМАКШИНСКИЙ РАЙОН,2021
КАРМАКШИНСКИЙ РАЙОН,2015
КАРМАКШИНСКИЙ РАЙОН,2011
КАРМАКШИНСКИЙ РАЙОН,2016
КАРМАКШИНСКИЙ РАЙОН,2010
КАРМАКШИНСКИЙ РАЙОН,2012
КАРМАКШИНСКИЙ РАЙОН,2013
КАРМАКШИНСКИЙ РАЙОН,2014
КАРМАКШИНСКИЙ РАЙОН,2025
КАЗАЛИНСКИЙ РАЙОН,2017
КАЗАЛИНСКИЙ РАЙОН,2009
КАЗАЛИНСКИЙ РАЙОН,2019
КАЗАЛИНСКИЙ РАЙОН,2020
КАЗАЛИНСКИЙ РАЙОН,2018
КАЗАЛИНСКИЙ РАЙОН,2022
КАЗАЛИНСКИЙ РАЙОН,2023
КАЗАЛИНСКИЙ РАЙОН,2024
КАЗАЛИНСКИЙ РАЙОН,2021
КАЗАЛИНСКИЙ РАЙОН,2015
КАЗАЛИНСКИЙ РАЙОН,2011
КАЗАЛИНСКИЙ РАЙОН,2016
КАЗАЛИНСКИЙ РАЙОН,2010
КАЗАЛИНСКИЙ РАЙОН,2012
КАЗАЛИНСКИЙ РАЙОН,2013
КАЗАЛИНСКИЙ РАЙОН,2014
КАЗАЛИНСКИЙ РАЙОН,2025
ЖАНАКОРГАНСКИЙ РАЙОН,2017
ЖАНАКОРГАНСКИЙ РАЙОН,2009
ЖАНАКОРГАНСКИЙ РАЙОН,2019
ЖАНАКОРГАНСКИЙ РАЙОН,2020
ЖАНАКОРГАНСКИЙ РАЙОН,2018
ЖАНАКОРГАНСКИЙ РАЙОН,2022
ЖАНАКОРГАНСКИЙ РАЙОН,2023
ЖАНАКОРГАНСКИЙ РАЙОН,2024
ЖАНАКОРГАНСКИЙ РАЙОН,2021
ЖАНАКОРГАНСКИЙ РАЙОН,2015
ЖАНАКОРГАНСКИЙ РАЙОН,2011
ЖАНАКОРГАНСКИЙ РАЙОН,2016
ЖАНАКОРГАНСКИЙ РАЙОН,2010
ЖАНАКОРГАНСКИЙ РАЙОН,2012
ЖАНАКОРГАНСКИЙ РАЙОН,2013
ЖАНАКОРГАНСКИЙ РАЙОН,2014
ЖАНАКОРГАНСКИЙ РАЙОН,2025
ЖАЛАГАШСКИЙ РАЙОН,2017
ЖАЛАГАШСКИЙ РАЙОН,2009
ЖАЛАГАШСКИЙ РАЙОН,2019
ЖАЛАГАШСКИЙ РАЙОН,2020
ЖАЛАГАШСКИЙ РАЙОН,2018
ЖАЛАГАШСКИЙ РАЙОН,2022
ЖАЛАГАШСКИЙ РАЙОН,2023
ЖАЛАГАШСКИЙ РАЙОН,2024
ЖАЛАГАШСКИЙ РАЙОН,2021
ЖАЛАГАШСКИЙ РАЙОН,2015
ЖАЛАГАШСКИЙ РАЙОН,2011
ЖАЛАГАШСКИЙ РАЙОН,2016
ЖАЛАГАШСКИЙ РАЙОН,2010
ЖАЛАГАШСКИЙ РАЙОН,2012
ЖАЛАГАШСКИЙ РАЙОН,2013
ЖАЛАГАШСКИЙ РАЙОН,2014
ЖАЛАГАШСКИЙ РАЙОН,2025
АРАЛЬСКИЙ РАЙОН,2017
АРАЛЬСКИЙ РАЙОН,2009
АРАЛЬСКИЙ РАЙОН,2019
АРАЛЬСКИЙ РАЙОН,2020
АРАЛЬСКИЙ РАЙОН,2018
АРАЛЬСКИЙ РАЙОН,2022
АРАЛЬСКИЙ РАЙОН,2023
АРАЛЬСКИЙ РАЙОН,2024
АРАЛЬСКИЙ РАЙОН,2021
АРАЛЬСКИЙ РАЙОН,2015
АРАЛЬСКИЙ РАЙОН,2011
АРАЛЬСКИЙ РАЙОН,2016
АРАЛЬСКИЙ РАЙОН,2010
АРАЛЬСКИЙ РАЙОН,2012
АРАЛЬСКИЙ РАЙОН,2013
АРАЛЬСКИЙ РАЙОН,2014
АРАЛЬСКИЙ РАЙОН,2025
ҚОНАЕВ Г.А.,2017
ҚОНАЕВ Г.А.,2009
ҚОНАЕВ Г.А.,2019
ҚОНАЕВ Г.А.,2020
ҚОНАЕВ Г.А.,2022
ҚОНАЕВ Г.А.,2023
ҚОНАЕВ Г.А.,2024
ҚОНАЕВ Г.А.,2015
ҚОНАЕВ Г.А.,2011
ҚОНАЕВ Г.А.,2016
ҚОНАЕВ Г.А.,2010
ҚОНАЕВ Г.А.,2012
ҚОНАЕВ Г.А.,2013
ҚОНАЕВ Г.А.,2014
ҚОНАЕВ Г.А.,2025
ТАЛДЫКОРГАН Г.А.,2017
ТАЛДЫКОРГАН Г.А.,2009
ТАЛДЫКОРГАН Г.А.,2019
ТАЛДЫКОРГАН Г.А.,2020
ТАЛДЫКОРГАН Г.А.,2018
ТАЛДЫКОРГАН Г.А.,2022
ТАЛДЫКОРГАН Г.А.,2023
ТАЛДЫКОРГАН Г.А.,2024
ТАЛДЫКОРГАН Г.А.,2021
ТАЛДЫКОРГАН Г.А.,2015
ТАЛДЫКОРГАН Г.А.,2011
ТАЛДЫКОРГАН Г.А.,2016
ТАЛДЫКОРГАН Г.А.,2010
ТАЛДЫКОРГАН Г.А.,2012
ТАЛДЫКОРГАН Г.А.,2013
ТАЛДЫКОРГАН Г.А.,2014
ТАЛДЫКОРГАН Г.А.,2025
ИРГИЗСКИЙ РАЙОН,2017
ИРГИЗСКИЙ РАЙОН,2009
ИРГИЗСКИЙ РАЙОН,2019
ИРГИЗСКИЙ РАЙОН,2020
ИРГИЗСКИЙ РАЙОН,2018
ИРГИЗСКИЙ РАЙОН,2022
ИРГИЗСКИЙ РАЙОН,2023
ИРГИЗСКИЙ РАЙОН,2024
ИРГИЗСКИЙ РАЙОН,2021
ИРГИЗСКИЙ РАЙОН,2015
ИРГИЗСКИЙ РАЙОН,2011
ИРГИЗСКИЙ РАЙОН,2016
ИРГИЗСКИЙ РАЙОН,2010
ИРГИЗСКИЙ РАЙОН,2012
ИРГИЗСКИЙ РАЙОН,2013
ИРГИЗСКИЙ РАЙОН,2014
ИРГИЗСКИЙ РАЙОН,2025
ШАЛКАРСКИЙ РАЙОН,2017
ШАЛКАРСКИЙ РАЙОН,2009
ШАЛКАРСКИЙ РАЙОН,2019
ШАЛКАРСКИЙ РАЙОН,2020
ШАЛКАРСКИЙ РАЙОН,2018
ШАЛКАРСКИЙ РАЙОН,2022
ШАЛКАРСКИЙ РАЙОН,2023
ШАЛКАРСКИЙ РАЙОН,2024
ШАЛКАРСКИЙ РАЙОН,2021
ШАЛКАРСКИЙ РАЙОН,2015
ШАЛКАРСКИЙ РАЙОН,2011
ШАЛКАРСКИЙ РАЙОН,2016
ШАЛКАРСКИЙ РАЙОН,2010
ШАЛКАРСКИЙ РАЙОН,2012
ШАЛКАРСКИЙ РАЙОН,2013
ШАЛКАРСКИЙ РАЙОН,2014
ШАЛКАРСКИЙ РАЙОН,2025
ХРОМТАУСКИЙ РАЙОН,2017
ХРОМТАУСКИЙ РАЙОН,2009
ХРОМТАУСКИЙ РАЙОН,2019
ХРОМТАУСКИЙ РАЙОН,2020
ХРОМТАУСКИЙ РАЙОН,2018
ХРОМТАУСКИЙ РАЙОН,2022
ХРОМТАУСКИЙ РАЙОН,2023
ХРОМТАУСКИЙ РАЙОН,2024
ХРОМТАУСКИЙ РАЙОН,2021
ХРОМТАУСКИЙ РАЙОН,2015
ХРОМТАУСКИЙ РАЙОН,2011
ХРОМТАУСКИЙ РАЙОН,2016
ХРОМТАУСКИЙ РАЙОН,2010
ХРОМТАУСКИЙ РАЙОН,2012
ХРОМТАУСКИЙ РАЙОН,2013
ХРОМТАУСКИЙ РАЙОН,2014
ХРОМТАУСКИЙ РАЙОН,2025
БАЙКОНЫР Г.А.,2017
БАЙКОНЫР Г.А.,2009
БАЙКОНЫР Г.А.,2019
БАЙКОНЫР Г.А.,2020
БАЙКОНЫР Г.А.,2018
БАЙКОНЫР Г.А.,2022
БАЙКОНЫР Г.А.,2023
БАЙКОНЫР Г.А.,2024
БАЙКОНЫР Г.А.,2021
БАЙКОНЫР Г.А.,2015
БАЙКОНЫР Г.А.,2011
БАЙКОНЫР Г.А.,2016
БАЙКОНЫР Г.А.,2010
БАЙКОНЫР Г.А.,2012
БАЙКОНЫР Г.А.,2013
БАЙКОНЫР Г.А.,2014
БАЙКОНЫР Г.А.,2025
КЫЗЫЛОРДА Г.А.,2017
КЫЗЫЛОРДА Г.А.,2009
КЫЗЫЛОРДА Г.А.,2019
КЫЗЫЛОРДА Г.А.,2020
КЫЗЫЛОРДА Г.А.,2018
КЫЗЫЛОРДА Г.А.,2022
КЫЗЫЛОРДА Г.А.,2023
КЫЗЫЛОРДА Г.А.,2024
КЫЗЫЛОРДА Г.А.,2021
КЫЗЫЛОРДА Г.А.,2015
КЫЗЫЛОРДА Г.А.,2011
КЫЗЫЛОРДА Г.А.,2016
КЫЗЫЛОРДА Г.А.,2010
КЫЗЫЛОРДА Г.А.,2012
КЫЗЫЛОРДА Г.А.,2013
КЫЗЫЛОРДА Г.А.,2014
КЫЗЫЛОРДА Г.А.,2025
ФЕДОРОВСКИЙ РАЙОН,2017
ФЕДОРОВСКИЙ РАЙОН,2009
ФЕДОРОВСКИЙ РАЙОН,2019
ФЕДОРОВСКИЙ РАЙОН,2020
ФЕДОРОВСКИЙ РАЙОН,2018
ФЕДОРОВСКИЙ РАЙОН,2022
ФЕДОРОВСКИЙ РАЙОН,2023
ФЕДОРОВСКИЙ РАЙОН,2024
ФЕДОРОВСКИЙ РАЙОН,2021
ФЕДОРОВСКИЙ РАЙОН,2015
ФЕДОРОВСКИЙ РАЙОН,2011
ФЕДОРОВСКИЙ РАЙОН,2016
ФЕДОРОВСКИЙ РАЙОН,2010
ФЕДОРОВСКИЙ РАЙОН,2012
ФЕДОРОВСКИЙ РАЙОН,2013
ФЕДОРОВСКИЙ РАЙОН,2014
ФЕДОРОВСКИЙ РАЙОН,2025
УЗУНКОЛЬСКИЙ РАЙОН,2017
УЗУНКОЛЬСКИЙ РАЙОН,2009
УЗУНКОЛЬСКИЙ РАЙОН,2019
УЗУНКОЛЬСКИЙ РАЙОН,2020
УЗУНКОЛЬСКИЙ РАЙОН,2018
УЗУНКОЛЬСКИЙ РАЙОН,2022
УЗУНКОЛЬСКИЙ РАЙОН,2023
УЗУНКОЛЬСКИЙ РАЙОН,2024
УЗУНКОЛЬСКИЙ РАЙОН,2021
УЗУНКОЛЬСКИЙ РАЙОН,2015
УЗУНКОЛЬСКИЙ РАЙОН,2011
УЗУНКОЛЬСКИЙ РАЙОН,2016
УЗУНКОЛЬСКИЙ РАЙОН,2010
УЗУНКОЛЬСКИЙ РАЙОН,2012
УЗУНКОЛЬСКИЙ РАЙОН,2013
УЗУНКОЛЬСКИЙ РАЙОН,2014
УЗУНКОЛЬСКИЙ РАЙОН,2025
РАЙОН БЕИМБЕТА МАЙЛИНА,2017
РАЙОН БЕИМБЕТА МАЙЛИНА,2009
РАЙОН БЕИМБЕТА МАЙЛИНА,2019
РАЙОН БЕИМБЕТА МАЙЛИНА,2020
РАЙОН БЕИМБЕТА МАЙЛИНА,2018
РАЙОН БЕИМБЕТА МАЙЛИНА,2022
РАЙОН БЕИМБЕТА МАЙЛИНА,2023
РАЙОН БЕИМБЕТА МАЙЛИНА,2024
РАЙОН БЕИМБЕТА МАЙЛИНА,2021
РАЙОН БЕИМБЕТА МАЙЛИНА,2015
РАЙОН БЕИМБЕТА МАЙЛИНА,2011
РАЙОН БЕИМБЕТА МАЙЛИНА,2016
РАЙОН БЕИМБЕТА МАЙЛИНА,2010
РАЙОН БЕИМБЕТА МАЙЛИНА,2012
РАЙОН БЕИМБЕТА МАЙЛИНА,2013
РАЙОН БЕИМБЕТА МАЙЛИНА,2014
РАЙОН БЕИМБЕТА МАЙЛИНА,2025
ТЕМИРСКИЙ РАЙОН,2017
ТЕМИРСКИЙ РАЙОН,2009
ТЕМИРСКИЙ РАЙОН,2019
ТЕМИРСКИЙ РАЙОН,2020
ТЕМИРСКИЙ РАЙОН,2018
ТЕМИРСКИЙ РАЙОН,2022
ТЕМИРСКИЙ РАЙОН,2023
ТЕМИРСКИЙ РАЙОН,2024
ТЕМИРСКИЙ РАЙОН,2021
ТЕМИРСКИЙ РАЙОН,2015
ТЕМИРСКИЙ РАЙОН,2011
ТЕМИРСКИЙ РАЙОН,2016
ТЕМИРСКИЙ РАЙОН,2010
ТЕМИРСКИЙ РАЙОН,2012
ТЕМИРСКИЙ РАЙОН,2013
ТЕМИРСКИЙ РАЙОН,2014
ТЕМИРСКИЙ РАЙОН,2025
УИЛСКИЙ РАЙОН,2017
УИЛСКИЙ РАЙОН,2009
УИЛСКИЙ РАЙОН,2019
УИЛСКИЙ РАЙОН,2020
УИЛСКИЙ РАЙОН,2018
УИЛСКИЙ РАЙОН,2022
УИЛСКИЙ РАЙОН,2023
УИЛСКИЙ РАЙОН,2024
УИЛСКИЙ РАЙОН,2021
УИЛСКИЙ РАЙОН,2015
УИЛСКИЙ РАЙОН,2011
УИЛСКИЙ РАЙОН,2016
УИЛСКИЙ РАЙОН,2010
УИЛСКИЙ РАЙОН,2012
УИЛСКИЙ РАЙОН,2013
УИЛСКИЙ РАЙОН,2014
УИЛСКИЙ РАЙОН,2025
МУГАЛЖАРСКИЙ РАЙОН,2017
МУГАЛЖАРСКИЙ РАЙОН,2009
МУГАЛЖАРСКИЙ РАЙОН,2019
МУГАЛЖАРСКИЙ РАЙОН,2020
МУГАЛЖАРСКИЙ РАЙОН,2018
МУГАЛЖАРСКИЙ РАЙОН,2022
МУГАЛЖАРСКИЙ РАЙОН,2023
МУГАЛЖАРСКИЙ РАЙОН,2024
МУГАЛЖАРСКИЙ РАЙОН,2021
МУГАЛЖАРСКИЙ РАЙОН,2015
МУГАЛЖАРСКИЙ РАЙОН,2011
МУГАЛЖАРСКИЙ РАЙОН,2016
МУГАЛЖАРСКИЙ РАЙОН,2010
МУГАЛЖАРСКИЙ РАЙОН,2012
МУГАЛЖАРСКИЙ РАЙОН,2013
МУГАЛЖАРСКИЙ РАЙОН,2014
МУГАЛЖАРСКИЙ РАЙОН,2025
МАРТУКСКИЙ РАЙОН,2017
МАРТУКСКИЙ РАЙОН,2009
МАРТУКСКИЙ РАЙОН,2019
МАРТУКСКИЙ РАЙОН,2020
МАРТУКСКИЙ РАЙОН,2018
МАРТУКСКИЙ РАЙОН,2022
МАРТУКСКИЙ РАЙОН,2023
МАРТУКСКИЙ РАЙОН,2024
МАРТУКСКИЙ РАЙОН,2021
МАРТУКСКИЙ РАЙОН,2015
МАРТУКСКИЙ РАЙОН,2011
МАРТУКСКИЙ РАЙОН,2016
МАРТУКСКИЙ РАЙОН,2010
МАРТУКСКИЙ РАЙОН,2012
МАРТУКСКИЙ РАЙОН,2013
МАРТУКСКИЙ РАЙОН,2014
МАРТУКСКИЙ РАЙОН,2025
ХОБДИНСКИЙ РАЙОН,2017
ХОБДИНСКИЙ РАЙОН,2009
ХОБДИНСКИЙ РАЙОН,2019
ХОБДИНСКИЙ РАЙОН,2020
ХОБДИНСКИЙ РАЙОН,2018
ХОБДИНСКИЙ РАЙОН,2022
ХОБДИНСКИЙ РАЙОН,2023
ХОБДИНСКИЙ РАЙОН,2024
ХОБДИНСКИЙ РАЙОН,2021
ХОБДИНСКИЙ РАЙОН,2015
ХОБДИНСКИЙ РАЙОН,2011
ХОБДИНСКИЙ РАЙОН,2016
ХОБДИНСКИЙ РАЙОН,2010
ХОБДИНСКИЙ РАЙОН,2012
ХОБДИНСКИЙ РАЙОН,2013
ХОБДИНСКИЙ РАЙОН,2014
ХОБДИНСКИЙ РАЙОН,2025
КАРГАЛИНСКИЙ РАЙОН,2017
КАРГАЛИНСКИЙ РАЙОН,2009
КАРГАЛИНСКИЙ РАЙОН,2019
КАРГАЛИНСКИЙ РАЙОН,2020
КАРГАЛИНСКИЙ РАЙОН,2018
КАРГАЛИНСКИЙ РАЙОН,2022
КАРГАЛИНСКИЙ РАЙОН,2023
КАРГАЛИНСКИЙ РАЙОН,2024
КАРГАЛИНСКИЙ РАЙОН,2021
КАРГАЛИНСКИЙ РАЙОН,2015
КАРГАЛИНСКИЙ РАЙОН,2011
КАРГАЛИНСКИЙ РАЙОН,2016
КАРГАЛИНСКИЙ РАЙОН,2010
КАРГАЛИНСКИЙ РАЙОН,2012
КАРГАЛИНСКИЙ РАЙОН,2013
КАРГАЛИНСКИЙ РАЙОН,2014
КАРГАЛИНСКИЙ РАЙОН,2025
ТУРКСИБСКИЙ РАЙОН,2017
ТУРКСИБСКИЙ РАЙОН,2009
ТУРКСИБСКИЙ РАЙОН,2019
ТУРКСИБСКИЙ РАЙОН,2020
ТУРКСИБСКИЙ РАЙОН,2018
ТУРКСИБСКИЙ РАЙОН,2022
ТУРКСИБСКИЙ РАЙОН,2023
ТУРКСИБСКИЙ РАЙОН,2024
ТУРКСИБСКИЙ РАЙОН,2021
ТУРКСИБСКИЙ РАЙОН,2015
ТУРКСИБСКИЙ РАЙОН,2011
ТУРКСИБСКИЙ РАЙОН,2016
ТУРКСИБСКИЙ РАЙОН,2010
ТУРКСИБСКИЙ РАЙОН,2012
ТУРКСИБСКИЙ РАЙОН,2013
ТУРКСИБСКИЙ РАЙОН,2014
ТУРКСИБСКИЙ РАЙОН,2025
МЕДЕУСКИЙ РАЙОН,2017
МЕДЕУСКИЙ РАЙОН,2009
МЕДЕУСКИЙ РАЙОН,2019
МЕДЕУСКИЙ РАЙОН,2020
МЕДЕУСКИЙ РАЙОН,2018
МЕДЕУСКИЙ РАЙОН,2022
МЕДЕУСКИЙ РАЙОН,2023
МЕДЕУСКИЙ РАЙОН,2024
МЕДЕУСКИЙ РАЙОН,2021
МЕДЕУСКИЙ РАЙОН,2015
МЕДЕУСКИЙ РАЙОН,2011
МЕДЕУСКИЙ РАЙОН,2016
МЕДЕУСКИЙ РАЙОН,2010
МЕДЕУСКИЙ РАЙОН,2012
МЕДЕУСКИЙ РАЙОН,2013
МЕДЕУСКИЙ РАЙОН,2014
МЕДЕУСКИЙ РАЙОН,2025
ЖЕТЫСУСКИЙ РАЙОН,2017
ЖЕТЫСУСКИЙ РАЙОН,2009
ЖЕТЫСУСКИЙ РАЙОН,2019
ЖЕТЫСУСКИЙ РАЙОН,2020
ЖЕТЫСУСКИЙ РАЙОН,2018
ЖЕТЫСУСКИЙ РАЙОН,2022
ЖЕТЫСУСКИЙ РАЙОН,2023
ЖЕТЫСУСКИЙ РАЙОН,2024
ЖЕТЫСУСКИЙ РАЙОН,2021
ЖЕТЫСУСКИЙ РАЙОН,2015
ЖЕТЫСУСКИЙ РАЙОН,2011
ЖЕТЫСУСКИЙ РАЙОН,2016
ЖЕТЫСУСКИЙ РАЙОН,2010
ЖЕТЫСУСКИЙ РАЙОН,2012
ЖЕТЫСУСКИЙ РАЙОН,2013
ЖЕТЫСУСКИЙ РАЙОН,2014
ЖЕТЫСУСКИЙ РАЙОН,2025
БОСТАНДЫКСКИЙ РАЙОН,2017
БОСТАНДЫКСКИЙ РАЙОН,2009
БОСТАНДЫКСКИЙ РАЙОН,2019
БОСТАНДЫКСКИЙ РАЙОН,2020
БОСТАНДЫКСКИЙ РАЙОН,2018
БОСТАНДЫКСКИЙ РАЙОН,2022
БОСТАНДЫКСКИЙ РАЙОН,2023
БОСТАНДЫКСКИЙ РАЙОН,2024
БОСТАНДЫКСКИЙ РАЙОН,2021
БОСТАНДЫКСКИЙ РАЙОН,2015
БОСТАНДЫКСКИЙ РАЙОН,2011
БОСТАНДЫКСКИЙ РАЙОН,2016
БОСТАНДЫКСКИЙ РАЙОН,2010
БОСТАНДЫКСКИЙ РАЙОН,2012
БОСТАНДЫКСКИЙ РАЙОН,2013
БОСТАНДЫКСКИЙ РАЙОН,2014
БОСТАНДЫКСКИЙ РАЙОН,2025
АУЭЗОВСКИЙ РАЙОН,2017
АУЭЗОВСКИЙ РАЙОН,2009
АУЭЗОВСКИЙ РАЙОН,2019
АУЭЗОВСКИЙ РАЙОН,2020
АУЭЗОВСКИЙ РАЙОН,2018
АУЭЗОВСКИЙ РАЙОН,2022
АУЭЗОВСКИЙ РАЙОН,2023
АУЭЗОВСКИЙ РАЙОН,2024
АУЭЗОВСКИЙ РАЙОН,2021
АУЭЗОВСКИЙ РАЙОН,2015
АУЭЗОВСКИЙ РАЙОН,2011
АУЭЗОВСКИЙ РАЙОН,2016
АУЭЗОВСКИЙ РАЙОН,2010
АУЭЗОВСКИЙ РАЙОН,2012
АУЭЗОВСКИЙ РАЙОН,2013
АУЭЗОВСКИЙ РАЙОН,2014
АУЭЗОВСКИЙ РАЙОН,2025
АЛАТАУСКИЙ РАЙОН,2017
АЛАТАУСКИЙ РАЙОН,2009
АЛАТАУСКИЙ РАЙОН,2019
АЛАТАУСКИЙ РАЙОН,2020
АЛАТАУСКИЙ РАЙОН,2018
АЛАТАУСКИЙ РАЙОН,2022
АЛАТАУСКИЙ РАЙОН,2023
АЛАТАУСКИЙ РАЙОН,2024
АЛАТАУСКИЙ РАЙОН,2021
АЛАТАУСКИЙ РАЙОН,2015
АЛАТАУСКИЙ РАЙОН,2011
АЛАТАУСКИЙ РАЙОН,2016
АЛАТАУСКИЙ РАЙОН,2010
АЛАТАУСКИЙ РАЙОН,2012
АЛАТАУСКИЙ РАЙОН,2013
АЛАТАУСКИЙ РАЙОН,2014
АЛАТАУСКИЙ РАЙОН,2025
САРЫКОЛЬСКИЙ РАЙОН,2017
САРЫКОЛЬСКИЙ РАЙОН,2009
САРЫКОЛЬСКИЙ РАЙОН,2019
САРЫКОЛЬСКИЙ РАЙОН,2020
САРЫКОЛЬСКИЙ РАЙОН,2018
САРЫКОЛЬСКИЙ РАЙОН,2022
САРЫКОЛЬСКИЙ РАЙОН,2023
САРЫКОЛЬСКИЙ РАЙОН,2024
САРЫКОЛЬСКИЙ РАЙОН,2021
САРЫКОЛЬСКИЙ РАЙОН,2015
САРЫКОЛЬСКИЙ РАЙОН,2011
САРЫКОЛЬСКИЙ РАЙОН,2016
САРЫКОЛЬСКИЙ РАЙОН,2010
САРЫКОЛЬСКИЙ РАЙОН,2012
САРЫКОЛЬСКИЙ РАЙОН,2013
САРЫКОЛЬСКИЙ РАЙОН,2014
САРЫКОЛЬСКИЙ РАЙОН,2025
НАУРЗУМСКИЙ РАЙОН,2017
НАУРЗУМСКИЙ РАЙОН,2009
НАУРЗУМСКИЙ РАЙОН,2019
НАУРЗУМСКИЙ РАЙОН,2020
НАУРЗУМСКИЙ РАЙОН,2018
НАУРЗУМСКИЙ РАЙОН,2022
НАУРЗУМСКИЙ РАЙОН,2023
НАУРЗУМСКИЙ РАЙОН,2024
НАУРЗУМСКИЙ РАЙОН,2021
НАУРЗУМСКИЙ РАЙОН,2015
НАУРЗУМСКИЙ РАЙОН,2011
НАУРЗУМСКИЙ РАЙОН,2016
НАУРЗУМСКИЙ РАЙОН,2010
НАУРЗУМСКИЙ РАЙОН,2012
НАУРЗУМСКИЙ РАЙОН,2013
НАУРЗУМСКИЙ РАЙОН,2014
НАУРЗУМСКИЙ РАЙОН,2025
МЕНДЫКАРИНСКИЙ РАЙОН,2017
МЕНДЫКАРИНСКИЙ РАЙОН,2009
МЕНДЫКАРИНСКИЙ РАЙОН,2019
МЕНДЫКАРИНСКИЙ РАЙОН,2020
МЕНДЫКАРИНСКИЙ РАЙОН,2018
МЕНДЫКАРИНСКИЙ РАЙОН,2022
МЕНДЫКАРИНСКИЙ РАЙОН,2023
МЕНДЫКАРИНСКИЙ РАЙОН,2024
МЕНДЫКАРИНСКИЙ РАЙОН,2021
МЕНДЫКАРИНСКИЙ РАЙОН,2015
МЕНДЫКАРИНСКИЙ РАЙОН,2011
МЕНДЫКАРИНСКИЙ РАЙОН,2016
МЕНДЫКАРИНСКИЙ РАЙОН,2010
МЕНДЫКАРИНСКИЙ РАЙОН,2012
МЕНДЫКАРИНСКИЙ РАЙОН,2013
МЕНДЫКАРИНСКИЙ РАЙОН,2014
МЕНДЫКАРИНСКИЙ РАЙОН,2025
КОСТАНАЙСКИЙ РАЙОН,2017
КОСТАНАЙСКИЙ РАЙОН,2009
КОСТАНАЙСКИЙ РАЙОН,2019
КОСТАНАЙСКИЙ РАЙОН,2020
КОСТАНАЙСКИЙ РАЙОН,2018
КОСТАНАЙСКИЙ РАЙОН,2022
КОСТАНАЙСКИЙ РАЙОН,2023
КОСТАНАЙСКИЙ РАЙОН,2024
КОСТАНАЙСКИЙ РАЙОН,2021
КОСТАНАЙСКИЙ РАЙОН,2015
КОСТАНАЙСКИЙ РАЙОН,2011
КОСТАНАЙСКИЙ РАЙОН,2016
КОСТАНАЙСКИЙ РАЙОН,2010
КОСТАНАЙСКИЙ РАЙОН,2012
КОСТАНАЙСКИЙ РАЙОН,2013
КОСТАНАЙСКИЙ РАЙОН,2014
КОСТАНАЙСКИЙ РАЙОН,2025
КАРАСУСКИЙ РАЙОН,2017
КАРАСУСКИЙ РАЙОН,2009
КАРАСУСКИЙ РАЙОН,2019
КАРАСУСКИЙ РАЙОН,2020
КАРАСУСКИЙ РАЙОН,2018
КАРАСУСКИЙ РАЙОН,2022
КАРАСУСКИЙ РАЙОН,2023
КАРАСУСКИЙ РАЙОН,2024
КАРАСУСКИЙ РАЙОН,2021
КАРАСУСКИЙ РАЙОН,2015
КАРАСУСКИЙ РАЙОН,2011
КАРАСУСКИЙ РАЙОН,2016
КАРАСУСКИЙ РАЙОН,2010
КАРАСУСКИЙ РАЙОН,2012
КАРАСУСКИЙ РАЙОН,2013
КАРАСУСКИЙ РАЙОН,2014
КАРАСУСКИЙ РАЙОН,2025
КАРАБАЛЫКСКИЙ РАЙОН,2017
КАРАБАЛЫКСКИЙ РАЙОН,2009
КАРАБАЛЫКСКИЙ РАЙОН,2019
КАРАБАЛЫКСКИЙ РАЙОН,2020
КАРАБАЛЫКСКИЙ РАЙОН,2018
КАРАБАЛЫКСКИЙ РАЙОН,2022
КАРАБАЛЫКСКИЙ РАЙОН,2023
КАРАБАЛЫКСКИЙ РАЙОН,2024
КАРАБАЛЫКСКИЙ РАЙОН,2021
КАРАБАЛЫКСКИЙ РАЙОН,2015
КАРАБАЛЫКСКИЙ РАЙОН,2011
КАРАБАЛЫКСКИЙ РАЙОН,2016
КАРАБАЛЫКСКИЙ РАЙОН,2010
КАРАБАЛЫКСКИЙ РАЙОН,2012
КАРАБАЛЫКСКИЙ РАЙОН,2013
КАРАБАЛЫКСКИЙ РАЙОН,2014
КАРАБАЛЫКСКИЙ РАЙОН,2025
КАМЫСТИНСКИЙ РАЙОН,2017
КАМЫСТИНСКИЙ РАЙОН,2009
КАМЫСТИНСКИЙ РАЙОН,2019
КАМЫСТИНСКИЙ РАЙОН,2020
КАМЫСТИНСКИЙ РАЙОН,2018
КАМЫСТИНСКИЙ РАЙОН,2022
КАМЫСТИНСКИЙ РАЙОН,2023
КАМЫСТИНСКИЙ РАЙОН,2024
КАМЫСТИНСКИЙ РАЙОН,2021
КАМЫСТИНСКИЙ РАЙОН,2015
КАМЫСТИНСКИЙ РАЙОН,2011
КАМЫСТИНСКИЙ РАЙОН,2016
КАМЫСТИНСКИЙ РАЙОН,2010
КАМЫСТИНСКИЙ РАЙОН,2012
КАМЫСТИНСКИЙ РАЙОН,2013
КАМЫСТИНСКИЙ РАЙОН,2014
КАМЫСТИНСКИЙ РАЙОН,2025
БАЙГАНИНСКИЙ РАЙОН,2017
БАЙГАНИНСКИЙ РАЙОН,2009
БАЙГАНИНСКИЙ РАЙОН,2019
БАЙГАНИНСКИЙ РАЙОН,2020
БАЙГАНИНСКИЙ РАЙОН,2018
БАЙГАНИНСКИЙ РАЙОН,2022
БАЙГАНИНСКИЙ РАЙОН,2023
БАЙГАНИНСКИЙ РАЙОН,2024
БАЙГАНИНСКИЙ РАЙОН,2021
БАЙГАНИНСКИЙ РАЙОН,2015
БАЙГАНИНСКИЙ РАЙОН,2011
БАЙГАНИНСКИЙ РАЙОН,2016
БАЙГАНИНСКИЙ РАЙОН,2010
БАЙГАНИНСКИЙ РАЙОН,2012
БАЙГАНИНСКИЙ РАЙОН,2013
БАЙГАНИНСКИЙ РАЙОН,2014
БАЙГАНИНСКИЙ РАЙОН,2025
АЙТЕКЕБИЙСКИЙ РАЙОН,2017
АЙТЕКЕБИЙСКИЙ РАЙОН,2009
АЙТЕКЕБИЙСКИЙ РАЙОН,2019
АЙТЕКЕБИЙСКИЙ РАЙОН,2020
АЙТЕКЕБИЙСКИЙ РАЙОН,2018
АЙТЕКЕБИЙСКИЙ РАЙОН,2022
АЙТЕКЕБИЙСКИЙ РАЙОН,2023
АЙТЕКЕБИЙСКИЙ РАЙОН,2024
АЙТЕКЕБИЙСКИЙ РАЙОН,2021
АЙТЕКЕБИЙСКИЙ РАЙОН,2015
АЙТЕКЕБИЙСКИЙ РАЙОН,2011
АЙТЕКЕБИЙСКИЙ РАЙОН,2016
АЙТЕКЕБИЙСКИЙ РАЙОН,2010
АЙТЕКЕБИЙСКИЙ РАЙОН,2012
АЙТЕКЕБИЙСКИЙ РАЙОН,2013
АЙТЕКЕБИЙСКИЙ РАЙОН,2014
АЙТЕКЕБИЙСКИЙ РАЙОН,2025
АЛГИНСКИЙ РАЙОН,2017
АЛГИНСКИЙ РАЙОН,2009
АЛГИНСКИЙ РАЙОН,2019
АЛГИНСКИЙ РАЙОН,2020
АЛГИНСКИЙ РАЙОН,2018
АЛГИНСКИЙ РАЙОН,2022
АЛГИНСКИЙ РАЙОН,2023
АЛГИНСКИЙ РАЙОН,2024
АЛГИНСКИЙ РАЙОН,2021
АЛГИНСКИЙ РАЙОН,2015
АЛГИНСКИЙ РАЙОН,2011
АЛГИНСКИЙ РАЙОН,2016
АЛГИНСКИЙ РАЙОН,2010
АЛГИНСКИЙ РАЙОН,2012
АЛГИНСКИЙ РАЙОН,2013
АЛГИНСКИЙ РАЙОН,2014
АЛГИНСКИЙ РАЙОН,2025
АКТОБЕ Г.А.,2017
АКТОБЕ Г.А.,2009
АКТОБЕ Г.А.,2019
АКТОБЕ Г.А.,2020
АКТОБЕ Г.А.,2018
АКТОБЕ Г.А.,2022
АКТОБЕ Г.А.,2023
АКТОБЕ Г.А.,2024
АКТОБЕ Г.А.,2021
АКТОБЕ Г.А.,2015
АКТОБЕ Г.А.,2011
АКТОБЕ Г.А.,2016
АКТОБЕ Г.А.,2010
АКТОБЕ Г.А.,2012
АКТОБЕ Г.А.,2013
АКТОБЕ Г.А.,2014
АКТОБЕ Г.А.,2025
БУРАБАЙСКИЙ РАЙОН,2017
БУРАБАЙСКИЙ РАЙОН,2009
БУРАБАЙСКИЙ РАЙОН,2019
БУРАБАЙСКИЙ РАЙОН,2020
БУРАБАЙСКИЙ РАЙОН,2018
БУРАБАЙСКИЙ РАЙОН,2022
БУРАБАЙСКИЙ РАЙОН,2023
БУРАБАЙСКИЙ РАЙОН,2024
БУРАБАЙСКИЙ РАЙОН,2021
БУРАБАЙСКИЙ РАЙОН,2015
БУРАБАЙСКИЙ РАЙОН,2011
БУРАБАЙСКИЙ РАЙОН,2016
БУРАБАЙСКИЙ РАЙОН,2010
БУРАБАЙСКИЙ РАЙОН,2012
БУРАБАЙСКИЙ РАЙОН,2013
БУРАБАЙСКИЙ РАЙОН,2014
БУРАБАЙСКИЙ РАЙОН,2025
ШОРТАНДИНСКИЙ РАЙОН,2017
ШОРТАНДИНСКИЙ РАЙОН,2009
ШОРТАНДИНСКИЙ РАЙОН,2019
ШОРТАНДИНСКИЙ РАЙОН,2020
ШОРТАНДИНСКИЙ РАЙОН,2018
ШОРТАНДИНСКИЙ РАЙОН,2022
ШОРТАНДИНСКИЙ РАЙОН,2023
ШОРТАНДИНСКИЙ РАЙОН,2024
ШОРТАНДИНСКИЙ РАЙОН,2021
ШОРТАНДИНСКИЙ РАЙОН,2015
ШОРТАНДИНСКИЙ РАЙОН,2011
ШОРТАНДИНСКИЙ РАЙОН,2016
ШОРТАНДИНСКИЙ РАЙОН,2010
ШОРТАНДИНСКИЙ РАЙОН,2012
ШОРТАНДИНСКИЙ РАЙОН,2013
ШОРТАНДИНСКИЙ РАЙОН,2014
ШОРТАНДИНСКИЙ РАЙОН,2025
АЛМАЛИНСКИЙ РАЙОН,2017
АЛМАЛИНСКИЙ РАЙОН,2009
АЛМАЛИНСКИЙ РАЙОН,2019
АЛМАЛИНСКИЙ РАЙОН,2020
АЛМАЛИНСКИЙ РАЙОН,2018
АЛМАЛИНСКИЙ РАЙОН,2022
АЛМАЛИНСКИЙ РАЙОН,2023
АЛМАЛИНСКИЙ РАЙОН,2024
АЛМАЛИНСКИЙ РАЙОН,2021
АЛМАЛИНСКИЙ РАЙОН,2015
АЛМАЛИНСКИЙ РАЙОН,2011
АЛМАЛИНСКИЙ РАЙОН,2016
АЛМАЛИНСКИЙ РАЙОН,2010
АЛМАЛИНСКИЙ РАЙОН,2012
АЛМАЛИНСКИЙ РАЙОН,2013
АЛМАЛИНСКИЙ РАЙОН,2014
АЛМАЛИНСКИЙ РАЙОН,2025
РАЙОН САРЫАРКА,2017
РАЙОН САРЫАРКА,2009
РАЙОН САРЫАРКА,2019
РАЙОН САРЫАРКА,2020
РАЙОН САРЫАРКА,2018
РАЙОН САРЫАРКА,2022
РАЙОН САРЫАРКА,2023
РАЙОН САРЫАРКА,2024
РАЙОН САРЫАРКА,2021
РАЙОН САРЫАРКА,2015
РАЙОН САРЫАРКА,2011
РАЙОН САРЫАРКА,2016
РАЙОН САРЫАРКА,2010
РАЙОН САРЫАРКА,2012
РАЙОН САРЫАРКА,2013
РАЙОН САРЫАРКА,2014
РАЙОН САРЫАРКА,2025
РАЙОН ЕСИЛЬ,2017
РАЙОН ЕСИЛЬ,2009
РАЙОН ЕСИЛЬ,2019
РАЙОН ЕСИЛЬ,2020
РАЙОН ЕСИЛЬ,2018
РАЙОН ЕСИЛЬ,2022
РАЙОН ЕСИЛЬ,2023
РАЙОН ЕСИЛЬ,2024
РАЙОН ЕСИЛЬ,2021
РАЙОН ЕСИЛЬ,2015
РАЙОН ЕСИЛЬ,2011
РАЙОН ЕСИЛЬ,2016
РАЙОН ЕСИЛЬ,2010
РАЙОН ЕСИЛЬ,2012
РАЙОН ЕСИЛЬ,2013
РАЙОН ЕСИЛЬ,2014
РАЙОН ЕСИЛЬ,2025
РАЙОН АЛМАТЫ,2017
РАЙОН АЛМАТЫ,2009
РАЙОН АЛМАТЫ,2019
РАЙОН АЛМАТЫ,2020
РАЙОН АЛМАТЫ,2018
РАЙОН АЛМАТЫ,2022
РАЙОН АЛМАТЫ,2023
РАЙОН АЛМАТЫ,2024
РАЙОН АЛМАТЫ,2021
РАЙОН АЛМАТЫ,2015
РАЙОН АЛМАТЫ,2011
РАЙОН АЛМАТЫ,2016
РАЙОН АЛМАТЫ,2010
РАЙОН АЛМАТЫ,2012
РАЙОН АЛМАТЫ,2013
РАЙОН АЛМАТЫ,2014
РАЙОН АЛМАТЫ,2025
ЖИТИКАРИНСКИЙ РАЙОН,2017
ЖИТИКАРИНСКИЙ РАЙОН,2009
ЖИТИКАРИНСКИЙ РАЙОН,2019
ЖИТИКАРИНСКИЙ РАЙОН,2020
ЖИТИКАРИНСКИЙ РАЙОН,2018
ЖИТИКАРИНСКИЙ РАЙОН,2022
ЖИТИКАРИНСКИЙ РАЙОН,2023
ЖИТИКАРИНСКИЙ РАЙОН,2024
ЖИТИКАРИНСКИЙ РАЙОН,2021
ЖИТИКАРИНСКИЙ РАЙОН,2015
ЖИТИКАРИНСКИЙ РАЙОН,2011
ЖИТИКАРИНСКИЙ РАЙОН,2016
ЖИТИКАРИНСКИЙ РАЙОН,2010
ЖИТИКАРИНСКИЙ РАЙОН,2012
ЖИТИКАРИНСКИЙ РАЙОН,2013
ЖИТИКАРИНСКИЙ РАЙОН,2014
ЖИТИКАРИНСКИЙ РАЙОН,2025
ЖАНГЕЛЬДИНСКИЙ РАЙОН,2017
ЖАНГЕЛЬДИНСКИЙ РАЙОН,2009
ЖАНГЕЛЬДИНСКИЙ РАЙОН,2019
ЖАНГЕЛЬДИНСКИЙ РАЙОН,2020
ЖАНГЕЛЬДИНСКИЙ РАЙОН,2018
ЖАНГЕЛЬДИНСКИЙ РАЙОН,2022
ЖАНГЕЛЬДИНСКИЙ РАЙОН,2023
ЖАНГЕЛЬДИНСКИЙ РАЙОН,2024
ЖАНГЕЛЬДИНСКИЙ РАЙОН,2021
ЖАНГЕЛЬДИНСКИЙ РАЙОН,2015
ЖАНГЕЛЬДИНСКИЙ РАЙОН,2011
ЖАНГЕЛЬДИНСКИЙ РАЙОН,2016
ЖАНГЕЛЬДИНСКИЙ РАЙОН,2010
ЖАНГЕЛЬДИНСКИЙ РАЙОН,2012
ЖАНГЕЛЬДИНСКИЙ РАЙОН,2013
ЖАНГЕЛЬДИНСКИЙ РАЙОН,2014
ЖАНГЕЛЬДИНСКИЙ РАЙОН,2025
ДЕНИСОВСКИЙ РАЙОН,2017
ДЕНИСОВСКИЙ РАЙОН,2009
ДЕНИСОВСКИЙ РАЙОН,2019
ДЕНИСОВСКИЙ РАЙОН,2020
ДЕНИСОВСКИЙ РАЙОН,2018
ДЕНИСОВСКИЙ РАЙОН,2022
ДЕНИСОВСКИЙ РАЙОН,2023
ДЕНИСОВСКИЙ РАЙОН,2024
ДЕНИСОВСКИЙ РАЙОН,2021
ДЕНИСОВСКИЙ РАЙОН,2015
ДЕНИСОВСКИЙ РАЙОН,2011
ДЕНИСОВСКИЙ РАЙОН,2016
ДЕНИСОВСКИЙ РАЙОН,2010
ДЕНИСОВСКИЙ РАЙОН,2012
ДЕНИСОВСКИЙ РАЙОН,2013
ДЕНИСОВСКИЙ РАЙОН,2014
ДЕНИСОВСКИЙ РАЙОН,2025
АУЛИЕКОЛЬСКИЙ РАЙОН,2017
АУЛИЕКОЛЬСКИЙ РАЙОН,2009
АУЛИЕКОЛЬСКИЙ РАЙОН,2019
АУЛИЕКОЛЬСКИЙ РАЙОН,2020
АУЛИЕКОЛЬСКИЙ РАЙОН,2018
АУЛИЕКОЛЬСКИЙ РАЙОН,2022
АУЛИЕКОЛЬСКИЙ РАЙОН,2023
АУЛИЕКОЛЬСКИЙ РАЙОН,2024
АУЛИЕКОЛЬСКИЙ РАЙОН,2021
АУЛИЕКОЛЬСКИЙ РАЙОН,2015
АУЛИЕКОЛЬСКИЙ РАЙОН,2011
АУЛИЕКОЛЬСКИЙ РАЙОН,2016
АУЛИЕКОЛЬСКИЙ РАЙОН,2010
АУЛИЕКОЛЬСКИЙ РАЙОН,2012
АУЛИЕКОЛЬСКИЙ РАЙОН,2013
АУЛИЕКОЛЬСКИЙ РАЙОН,2014
АУЛИЕКОЛЬСКИЙ РАЙОН,2025
АМАНГЕЛЬДИНСКИЙ РАЙОН,2017
АМАНГЕЛЬДИНСКИЙ РАЙОН,2009
АМАНГЕЛЬДИНСКИЙ РАЙОН,2019
АМАНГЕЛЬДИНСКИЙ РАЙОН,2020
АМАНГЕЛЬДИНСКИЙ РАЙОН,2018
АМАНГЕЛЬДИНСКИЙ РАЙОН,2022
АМАНГЕЛЬДИНСКИЙ РАЙОН,2023
АМАНГЕЛЬДИНСКИЙ РАЙОН,2024
АМАНГЕЛЬДИНСКИЙ РАЙОН,2021
АМАНГЕЛЬДИНСКИЙ РАЙОН,2015
АМАНГЕЛЬДИНСКИЙ РАЙОН,2011
АМАНГЕЛЬДИНСКИЙ РАЙОН,2016
АМАНГЕЛЬДИНСКИЙ РАЙОН,2010
АМАНГЕЛЬДИНСКИЙ РАЙОН,2012
АМАНГЕЛЬДИНСКИЙ РАЙОН,2013
АМАНГЕЛЬДИНСКИЙ РАЙОН,2014
АМАНГЕЛЬДИНСКИЙ РАЙОН,2025
АЛТЫНСАРИНСКИЙ РАЙОН,2017
АЛТЫНСАРИНСКИЙ РАЙОН,2009
АЛТЫНСАРИНСКИЙ РАЙОН,2019
АЛТЫНСАРИНСКИЙ РАЙОН,2020
АЛТЫНСАРИНСКИЙ РАЙОН,2018
АЛТЫНСАРИНСКИЙ РАЙОН,2022
АЛТЫНСАРИНСКИЙ РАЙОН,2023
АЛТЫНСАРИНСКИЙ РАЙОН,2024
АЛТЫНСАРИНСКИЙ РАЙОН,2021
АЛТЫНСАРИНСКИЙ РАЙОН,2015
АЛТЫНСАРИНСКИЙ РАЙОН,2011
АЛТЫНСАРИНСКИЙ РАЙОН,2016
АЛТЫНСАРИНСКИЙ РАЙОН,2010
АЛТЫНСАРИНСКИЙ РАЙОН,2012
АЛТЫНСАРИНСКИЙ РАЙОН,2013
АЛТЫНСАРИНСКИЙ РАЙОН,2014
АЛТЫНСАРИНСКИЙ РАЙОН,2025
ЦЕЛИНОГРАДСКИЙ РАЙОН,2017
ЦЕЛИНОГРАДСКИЙ РАЙОН,2009
ЦЕЛИНОГРАДСКИЙ РАЙОН,2019
ЦЕЛИНОГРАДСКИЙ РАЙОН,2020
ЦЕЛИНОГРАДСКИЙ РАЙОН,2018
ЦЕЛИНОГРАДСКИЙ РАЙОН,2022
ЦЕЛИНОГРАДСКИЙ РАЙОН,2023
ЦЕЛИНОГРАДСКИЙ РАЙОН,2024
ЦЕЛИНОГРАДСКИЙ РАЙОН,2021
ЦЕЛИНОГРАДСКИЙ РАЙОН,2015
ЦЕЛИНОГРАДСКИЙ РАЙОН,2011
ЦЕЛИНОГРАДСКИЙ РАЙОН,2016
ЦЕЛИНОГРАДСКИЙ РАЙОН,2010
ЦЕЛИНОГРАДСКИЙ РАЙОН,2012
ЦЕЛИНОГРАДСКИЙ РАЙОН,2013
ЦЕЛИНОГРАДСКИЙ РАЙОН,2014
ЦЕЛИНОГРАДСКИЙ РАЙОН,2025
САНДЫКТАУСКИЙ РАЙОН,2017
САНДЫКТАУСКИЙ РАЙОН,2009
САНДЫКТАУСКИЙ РАЙОН,2019
САНДЫКТАУСКИЙ РАЙОН,2020
САНДЫКТАУСКИЙ РАЙОН,2018
САНДЫКТАУСКИЙ РАЙОН,2022
САНДЫКТАУСКИЙ РАЙОН,2023
САНДЫКТАУСКИЙ РАЙОН,2024
САНДЫКТАУСКИЙ РАЙОН,2021
САНДЫКТАУСКИЙ РАЙОН,2015
САНДЫКТАУСКИЙ РАЙОН,2011
САНДЫКТАУСКИЙ РАЙОН,2016
САНДЫКТАУСКИЙ РАЙОН,2010
САНДЫКТАУСКИЙ РАЙОН,2012
САНДЫКТАУСКИЙ РАЙОН,2013
САНДЫКТАУСКИЙ РАЙОН,2014
САНДЫКТАУСКИЙ РАЙОН,2025
КОРГАЛЖЫНСКИЙ РАЙОН,2017
КОРГАЛЖЫНСКИЙ РАЙОН,2009
КОРГАЛЖЫНСКИЙ РАЙОН,2019
КОРГАЛЖЫНСКИЙ РАЙОН,2020
КОРГАЛЖЫНСКИЙ РАЙОН,2018
КОРГАЛЖЫНСКИЙ РАЙОН,2022
КОРГАЛЖЫНСКИЙ РАЙОН,2023
КОРГАЛЖЫНСКИЙ РАЙОН,2024
КОРГАЛЖЫНСКИЙ РАЙОН,2021
КОРГАЛЖЫНСКИЙ РАЙОН,2015
КОРГАЛЖЫНСКИЙ РАЙОН,2011
КОРГАЛЖЫНСКИЙ РАЙОН,2016
КОРГАЛЖЫНСКИЙ РАЙОН,2010
КОРГАЛЖЫНСКИЙ РАЙОН,2012
КОРГАЛЖЫНСКИЙ РАЙОН,2013
КОРГАЛЖЫНСКИЙ РАЙОН,2014
КОРГАЛЖЫНСКИЙ РАЙОН,2025
ЗЕРЕНДИНСКИЙ РАЙОН,2017
ЗЕРЕНДИНСКИЙ РАЙОН,2009
ЗЕРЕНДИНСКИЙ РАЙОН,2019
ЗЕРЕНДИНСКИЙ РАЙОН,2020
ЗЕРЕНДИНСКИЙ РАЙОН,2018
ЗЕРЕНДИНСКИЙ РАЙОН,2022
ЗЕРЕНДИНСКИЙ РАЙОН,2023
ЗЕРЕНДИНСКИЙ РАЙОН,2024
ЗЕРЕНДИНСКИЙ РАЙОН,2021
ЗЕРЕНДИНСКИЙ РАЙОН,2015
ЗЕРЕНДИНСКИЙ РАЙОН,2011
ЗЕРЕНДИНСКИЙ РАЙОН,2016
ЗЕРЕНДИНСКИЙ РАЙОН,2010
ЗЕРЕНДИНСКИЙ РАЙОН,2012
ЗЕРЕНДИНСКИЙ РАЙОН,2013
ЗЕРЕНДИНСКИЙ РАЙОН,2014
ЗЕРЕНДИНСКИЙ РАЙОН,2025
ЖАРКАИНСКИЙ РАЙОН,2017
ЖАРКАИНСКИЙ РАЙОН,2009
ЖАРКАИНСКИЙ РАЙОН,2019
ЖАРКАИНСКИЙ РАЙОН,2020
ЖАРКАИНСКИЙ РАЙОН,2018
ЖАРКАИНСКИЙ РАЙОН,2022
ЖАРКАИНСКИЙ РАЙОН,2023
ЖАРКАИНСКИЙ РАЙОН,2024
ЖАРКАИНСКИЙ РАЙОН,2021
ЖАРКАИНСКИЙ РАЙОН,2015
ЖАРКАИНСКИЙ РАЙОН,2011
ЖАРКАИНСКИЙ РАЙОН,2016
ЖАРКАИНСКИЙ РАЙОН,2010
ЖАРКАИНСКИЙ РАЙОН,2012
ЖАРКАИНСКИЙ РАЙОН,2013
ЖАРКАИНСКИЙ РАЙОН,2014
ЖАРКАИНСКИЙ РАЙОН,2025
ЖАКСЫНСКИЙ РАЙОН,2017
ЖАКСЫНСКИЙ РАЙОН,2009
ЖАКСЫНСКИЙ РАЙОН,2019
ЖАКСЫНСКИЙ РАЙОН,2020
ЖАКСЫНСКИЙ РАЙОН,2018
ЖАКСЫНСКИЙ РАЙОН,2022
ЖАКСЫНСКИЙ РАЙОН,2023
ЖАКСЫНСКИЙ РАЙОН,2024
ЖАКСЫНСКИЙ РАЙОН,2021
ЖАКСЫНСКИЙ РАЙОН,2015
ЖАКСЫНСКИЙ РАЙОН,2011
ЖАКСЫНСКИЙ РАЙОН,2016
ЖАКСЫНСКИЙ РАЙОН,2010
ЖАКСЫНСКИЙ РАЙОН,2012
ЖАКСЫНСКИЙ РАЙОН,2013
ЖАКСЫНСКИЙ РАЙОН,2014
ЖАКСЫНСКИЙ РАЙОН,2025
ШЕМОНАИХИНСКИЙ РАЙОН,2017
ШЕМОНАИХИНСКИЙ РАЙОН,2009
ШЕМОНАИХИНСКИЙ РАЙОН,2019
ШЕМОНАИХИНСКИЙ РАЙОН,2020
ШЕМОНАИХИНСКИЙ РАЙОН,2018
ШЕМОНАИХИНСКИЙ РАЙОН,2022
ШЕМОНАИХИНСКИЙ РАЙОН,2023
ШЕМОНАИХИНСКИЙ РАЙОН,2024
ШЕМОНАИХИНСКИЙ РАЙОН,2021
ШЕМОНАИХИНСКИЙ РАЙОН,2015
ШЕМОНАИХИНСКИЙ РАЙОН,2011
ШЕМОНАИХИНСКИЙ РАЙОН,2016
ШЕМОНАИХИНСКИЙ РАЙОН,2010
ШЕМОНАИХИНСКИЙ РАЙОН,2012
ШЕМОНАИХИНСКИЙ РАЙОН,2013
ШЕМОНАИХИНСКИЙ РАЙОН,2014
ШЕМОНАИХИНСКИЙ РАЙОН,2025
УРДЖАРСКИЙ РАЙОН,2017
УРДЖАРСКИЙ РАЙОН,2009
УРДЖАРСКИЙ РАЙОН,2019
УРДЖАРСКИЙ РАЙОН,2020
УРДЖАРСКИЙ РАЙОН,2022
УРДЖАРСКИЙ РАЙОН,2023
УРДЖАРСКИЙ РАЙОН,2024
УРДЖАРСКИЙ РАЙОН,2015
УРДЖАРСКИЙ РАЙОН,2011
УРДЖАРСКИЙ РАЙОН,2016
УРДЖАРСКИЙ РАЙОН,2010
УРДЖАРСКИЙ РАЙОН,2012
УРДЖАРСКИЙ РАЙОН,2013
УРДЖАРСКИЙ РАЙОН,2014
УРДЖАРСКИЙ РАЙОН,2025
УЛАНСКИЙ РАЙОН,2017
УЛАНСКИЙ РАЙОН,2009
УЛАНСКИЙ РАЙОН,2019
УЛАНСКИЙ РАЙОН,2020
УЛАНСКИЙ РАЙОН,2018
УЛАНСКИЙ РАЙОН,2022
УЛАНСКИЙ РАЙОН,2023
УЛАНСКИЙ РАЙОН,2024
УЛАНСКИЙ РАЙОН,2021
УЛАНСКИЙ РАЙОН,2015
УЛАНСКИЙ РАЙОН,2011
УЛАНСКИЙ РАЙОН,2016
УЛАНСКИЙ РАЙОН,2010
УЛАНСКИЙ РАЙОН,2012
УЛАНСКИЙ РАЙОН,2013
УЛАНСКИЙ РАЙОН,2014
УЛАНСКИЙ РАЙОН,2025
ТАРБАГАТАЙСКИЙ РАЙОН,2017
ТАРБАГАТАЙСКИЙ РАЙОН,2009
ТАРБАГАТАЙСКИЙ РАЙОН,2019
ТАРБАГАТАЙСКИЙ РАЙОН,2020
ТАРБАГАТАЙСКИЙ РАЙОН,2018
ТАРБАГАТАЙСКИЙ РАЙОН,2022
ТАРБАГАТАЙСКИЙ РАЙОН,2023
ТАРБАГАТАЙСКИЙ РАЙОН,2024
ТАРБАГАТАЙСКИЙ РАЙОН,2021
ТАРБАГАТАЙСКИЙ РАЙОН,2015
ТАРБАГАТАЙСКИЙ РАЙОН,2011
ТАРБАГАТАЙСКИЙ РАЙОН,2016
ТАРБАГАТАЙСКИЙ РАЙОН,2010
ТАРБАГАТАЙСКИЙ РАЙОН,2012
ТАРБАГАТАЙСКИЙ РАЙОН,2013
ТАРБАГАТАЙСКИЙ РАЙОН,2014
ТАРБАГАТАЙСКИЙ РАЙОН,2025
КАТОН-КАРАГАЙСКИЙ РАЙОН,2017
КАТОН-КАРАГАЙСКИЙ РАЙОН,2009
КАТОН-КАРАГАЙСКИЙ РАЙОН,2019
КАТОН-КАРАГАЙСКИЙ РАЙОН,2020
КАТОН-КАРАГАЙСКИЙ РАЙОН,2018
КАТОН-КАРАГАЙСКИЙ РАЙОН,2022
КАТОН-КАРАГАЙСКИЙ РАЙОН,2023
КАТОН-КАРАГАЙСКИЙ РАЙОН,2024
КАТОН-КАРАГАЙСКИЙ РАЙОН,2021
КАТОН-КАРАГАЙСКИЙ РАЙОН,2015
КАТОН-КАРАГАЙСКИЙ РАЙОН,2011
КАТОН-КАРАГАЙСКИЙ РАЙОН,2016
КАТОН-КАРАГАЙСКИЙ РАЙОН,2010
КАТОН-КАРАГАЙСКИЙ РАЙОН,2012
КАТОН-КАРАГАЙСКИЙ РАЙОН,2013
КАТОН-КАРАГАЙСКИЙ РАЙОН,2014
КАТОН-КАРАГАЙСКИЙ РАЙОН,2025
КУРЧУМСКИЙ РАЙОН,2017
КУРЧУМСКИЙ РАЙОН,2009
КУРЧУМСКИЙ РАЙОН,2019
КУРЧУМСКИЙ РАЙОН,2020
КУРЧУМСКИЙ РАЙОН,2018
КУРЧУМСКИЙ РАЙОН,2022
КУРЧУМСКИЙ РАЙОН,2023
КУРЧУМСКИЙ РАЙОН,2024
КУРЧУМСКИЙ РАЙОН,2021
КУРЧУМСКИЙ РАЙОН,2015
КУРЧУМСКИЙ РАЙОН,2011
КУРЧУМСКИЙ РАЙОН,2016
КУРЧУМСКИЙ РАЙОН,2010
КУРЧУМСКИЙ РАЙОН,2012
КУРЧУМСКИЙ РАЙОН,2013
КУРЧУМСКИЙ РАЙОН,2014
КУРЧУМСКИЙ РАЙОН,2025
КОКПЕКТИНСКИЙ РАЙОН,2017
КОКПЕКТИНСКИЙ РАЙОН,2009
КОКПЕКТИНСКИЙ РАЙОН,2019
КОКПЕКТИНСКИЙ РАЙОН,2020
КОКПЕКТИНСКИЙ РАЙОН,2022
КОКПЕКТИНСКИЙ РАЙОН,2023
КОКПЕКТИНСКИЙ РАЙОН,2024
КОКПЕКТИНСКИЙ РАЙОН,2015
КОКПЕКТИНСКИЙ РАЙОН,2011
КОКПЕКТИНСКИЙ РАЙОН,2016
КОКПЕКТИНСКИЙ РАЙОН,2010
КОКПЕКТИНСКИЙ РАЙОН,2012
КОКПЕКТИНСКИЙ РАЙОН,2013
КОКПЕКТИНСКИЙ РАЙОН,2014
КОКПЕКТИНСКИЙ РАЙОН,2025
РУДНЫЙ Г.А.,2017
РУДНЫЙ Г.А.,2009
РУДНЫЙ Г.А.,2019
РУДНЫЙ Г.А.,2020
РУДНЫЙ Г.А.,2018
РУДНЫЙ Г.А.,2022
РУДНЫЙ Г.А.,2023
РУДНЫЙ Г.А.,2024
РУДНЫЙ Г.А.,2021
РУДНЫЙ Г.А.,2015
РУДНЫЙ Г.А.,2011
РУДНЫЙ Г.А.,2016
РУДНЫЙ Г.А.,2010
РУДНЫЙ Г.А.,2012
РУДНЫЙ Г.А.,2013
РУДНЫЙ Г.А.,2014
РУДНЫЙ Г.А.,2025
ЛИСАКОВСК Г.А.,2017
ЛИСАКОВСК Г.А.,2009
ЛИСАКОВСК Г.А.,2019
ЛИСАКОВСК Г.А.,2020
ЛИСАКОВСК Г.А.,2018
ЛИСАКОВСК Г.А.,2022
ЛИСАКОВСК Г.А.,2023
ЛИСАКОВСК Г.А.,2024
ЛИСАКОВСК Г.А.,2021
ЛИСАКОВСК Г.А.,2015
ЛИСАКОВСК Г.А.,2011
ЛИСАКОВСК Г.А.,2016
ЛИСАКОВСК Г.А.,2010
ЛИСАКОВСК Г.А.,2012
ЛИСАКОВСК Г.А.,2013
ЛИСАКОВСК Г.А.,2014
ЛИСАКОВСК Г.А.,2025
АРКАЛЫК Г.А.,2017
АРКАЛЫК Г.А.,2009
АРКАЛЫК Г.А.,2019
АРКАЛЫК Г.А.,2020
АРКАЛЫК Г.А.,2018
АРКАЛЫК Г.А.,2022
АРКАЛЫК Г.А.,2023
АРКАЛЫК Г.А.,2024
АРКАЛЫК Г.А.,2021
АРКАЛЫК Г.А.,2015
АРКАЛЫК Г.А.,2011
АРКАЛЫК Г.А.,2016
АРКАЛЫК Г.А.,2010
АРКАЛЫК Г.А.,2012
АРКАЛЫК Г.А.,2013
АРКАЛЫК Г.А.,2014
АРКАЛЫК Г.А.,2025
КОСТАНАЙ Г.А.,2017
КОСТАНАЙ Г.А.,2009
КОСТАНАЙ Г.А.,2019
КОСТАНАЙ Г.А.,2020
КОСТАНАЙ Г.А.,2018
КОСТАНАЙ Г.А.,2022
КОСТАНАЙ Г.А.,2023
КОСТАНАЙ Г.А.,2024
КОСТАНАЙ Г.А.,2021
КОСТАНАЙ Г.А.,2015
КОСТАНАЙ Г.А.,2011
КОСТАНАЙ Г.А.,2016
КОСТАНАЙ Г.А.,2010
КОСТАНАЙ Г.А.,2012
КОСТАНАЙ Г.А.,2013
КОСТАНАЙ Г.А.,2014
КОСТАНАЙ Г.А.,2025
ШЕТСКИЙ РАЙОН,2017
ШЕТСКИЙ РАЙОН,2009
ШЕТСКИЙ РАЙОН,2019
ШЕТСКИЙ РАЙОН,2020
ШЕТСКИЙ РАЙОН,2018
ШЕТСКИЙ РАЙОН,2022
ШЕТСКИЙ РАЙОН,2023
ШЕТСКИЙ РАЙОН,2024
ШЕТСКИЙ РАЙОН,2021
ШЕТСКИЙ РАЙОН,2015
ШЕТСКИЙ РАЙОН,2011
ШЕТСКИЙ РАЙОН,2016
ШЕТСКИЙ РАЙОН,2010
ШЕТСКИЙ РАЙОН,2012
ШЕТСКИЙ РАЙОН,2013
ШЕТСКИЙ РАЙОН,2014
ШЕТСКИЙ РАЙОН,2025
ЕРЕЙМЕНТАУСКИЙ РАЙОН,2017
ЕРЕЙМЕНТАУСКИЙ РАЙОН,2009
ЕРЕЙМЕНТАУСКИЙ РАЙОН,2019
ЕРЕЙМЕНТАУСКИЙ РАЙОН,2020
ЕРЕЙМЕНТАУСКИЙ РАЙОН,2018
ЕРЕЙМЕНТАУСКИЙ РАЙОН,2022
ЕРЕЙМЕНТАУСКИЙ РАЙОН,2023
ЕРЕЙМЕНТАУСКИЙ РАЙОН,2024
ЕРЕЙМЕНТАУСКИЙ РАЙОН,2021
ЕРЕЙМЕНТАУСКИЙ РАЙОН,2015
ЕРЕЙМЕНТАУСКИЙ РАЙОН,2011
ЕРЕЙМЕНТАУСКИЙ РАЙОН,2016
ЕРЕЙМЕНТАУСКИЙ РАЙОН,2010
ЕРЕЙМЕНТАУСКИЙ РАЙОН,2012
ЕРЕЙМЕНТАУСКИЙ РАЙОН,2013
ЕРЕЙМЕНТАУСКИЙ РАЙОН,2014
ЕРЕЙМЕНТАУСКИЙ РАЙОН,2025
РАЙОН БИРЖАН САЛ,2017
РАЙОН БИРЖАН САЛ,2009
РАЙОН БИРЖАН САЛ,2019
РАЙОН БИРЖАН САЛ,2020
РАЙОН БИРЖАН САЛ,2018
РАЙОН БИРЖАН САЛ,2022
РАЙОН БИРЖАН САЛ,2023
РАЙОН БИРЖАН САЛ,2024
РАЙОН БИРЖАН САЛ,2021
РАЙОН БИРЖАН САЛ,2015
РАЙОН БИРЖАН САЛ,2011
РАЙОН БИРЖАН САЛ,2016
РАЙОН БИРЖАН САЛ,2010
РАЙОН БИРЖАН САЛ,2012
РАЙОН БИРЖАН САЛ,2013
РАЙОН БИРЖАН САЛ,2014
РАЙОН БИРЖАН САЛ,2025
ЕГИНДЫКОЛЬСКИЙ РАЙОН,2017
ЕГИНДЫКОЛЬСКИЙ РАЙОН,2009
ЕГИНДЫКОЛЬСКИЙ РАЙОН,2019
ЕГИНДЫКОЛЬСКИЙ РАЙОН,2020
ЕГИНДЫКОЛЬСКИЙ РАЙОН,2018
ЕГИНДЫКОЛЬСКИЙ РАЙОН,2022
ЕГИНДЫКОЛЬСКИЙ РАЙОН,2023
ЕГИНДЫКОЛЬСКИЙ РАЙОН,2024
ЕГИНДЫКОЛЬСКИЙ РАЙОН,2021
ЕГИНДЫКОЛЬСКИЙ РАЙОН,2015
ЕГИНДЫКОЛЬСКИЙ РАЙОН,2011
ЕГИНДЫКОЛЬСКИЙ РАЙОН,2016
ЕГИНДЫКОЛЬСКИЙ РАЙОН,2010
ЕГИНДЫКОЛЬСКИЙ РАЙОН,2012
ЕГИНДЫКОЛЬСКИЙ РАЙОН,2013
ЕГИНДЫКОЛЬСКИЙ РАЙОН,2014
ЕГИНДЫКОЛЬСКИЙ РАЙОН,2025
БУЛАНДЫНСКИЙ РАЙОН,2017
БУЛАНДЫНСКИЙ РАЙОН,2009
БУЛАНДЫНСКИЙ РАЙОН,2019
БУЛАНДЫНСКИЙ РАЙОН,2020
БУЛАНДЫНСКИЙ РАЙОН,2018
БУЛАНДЫНСКИЙ РАЙОН,2022
БУЛАНДЫНСКИЙ РАЙОН,2023
БУЛАНДЫНСКИЙ РАЙОН,2024
БУЛАНДЫНСКИЙ РАЙОН,2021
БУЛАНДЫНСКИЙ РАЙОН,2015
БУЛАНДЫНСКИЙ РАЙОН,2011
БУЛАНДЫНСКИЙ РАЙОН,2016
БУЛАНДЫНСКИЙ РАЙОН,2010
БУЛАНДЫНСКИЙ РАЙОН,2012
БУЛАНДЫНСКИЙ РАЙОН,2013
БУЛАНДЫНСКИЙ РАЙОН,2014
БУЛАНДЫНСКИЙ РАЙОН,2025
АТБАСАРСКИЙ РАЙОН,2017
АТБАСАРСКИЙ РАЙОН,2009
АТБАСАРСКИЙ РАЙОН,2019
АТБАСАРСКИЙ РАЙОН,2020
АТБАСАРСКИЙ РАЙОН,2018
АТБАСАРСКИЙ РАЙОН,2022
АТБАСАРСКИЙ РАЙОН,2023
АТБАСАРСКИЙ РАЙОН,2024
АТБАСАРСКИЙ РАЙОН,2021
АТБАСАРСКИЙ РАЙОН,2015
АТБАСАРСКИЙ РАЙОН,2011
АТБАСАРСКИЙ РАЙОН,2016
АТБАСАРСКИЙ РАЙОН,2010
АТБАСАРСКИЙ РАЙОН,2012
АТБАСАРСКИЙ РАЙОН,2013
АТБАСАРСКИЙ РАЙОН,2014
АТБАСАРСКИЙ РАЙОН,2025
РАЙОН АЛТАЙ,2017
РАЙОН АЛТАЙ,2009
РАЙОН АЛТАЙ,2019
РАЙОН АЛТАЙ,2020
РАЙОН АЛТАЙ,2018
РАЙОН АЛТАЙ,2022
РАЙОН АЛТАЙ,2023
РАЙОН АЛТАЙ,2024
РАЙОН АЛТАЙ,2021
РАЙОН АЛТАЙ,2015
РАЙОН АЛТАЙ,2011
РАЙОН АЛТАЙ,2016
РАЙОН АЛТАЙ,2010
РАЙОН АЛТАЙ,2012
РАЙОН АЛТАЙ,2013
РАЙОН АЛТАЙ,2014
РАЙОН АЛТАЙ,2025
ЗАЙСАНСКИЙ РАЙОН,2017
ЗАЙСАНСКИЙ РАЙОН,2009
ЗАЙСАНСКИЙ РАЙОН,2019
ЗАЙСАНСКИЙ РАЙОН,2020
ЗАЙСАНСКИЙ РАЙОН,2018
ЗАЙСАНСКИЙ РАЙОН,2022
ЗАЙСАНСКИЙ РАЙОН,2023
ЗАЙСАНСКИЙ РАЙОН,2024
ЗАЙСАНСКИЙ РАЙОН,2021
ЗАЙСАНСКИЙ РАЙОН,2015
ЗАЙСАНСКИЙ РАЙОН,2011
ЗАЙСАНСКИЙ РАЙОН,2016
ЗАЙСАНСКИЙ РАЙОН,2010
ЗАЙСАНСКИЙ РАЙОН,2012
ЗАЙСАНСКИЙ РАЙОН,2013
ЗАЙСАНСКИЙ РАЙОН,2014
ЗАЙСАНСКИЙ РАЙОН,2025
ЖАРМИНСКИЙ РАЙОН,2017
ЖАРМИНСКИЙ РАЙОН,2009
ЖАРМИНСКИЙ РАЙОН,2019
ЖАРМИНСКИЙ РАЙОН,2020
ЖАРМИНСКИЙ РАЙОН,2022
ЖАРМИНСКИЙ РАЙОН,2023
ЖАРМИНСКИЙ РАЙОН,2024
ЖАРМИНСКИЙ РАЙОН,2015
ЖАРМИНСКИЙ РАЙОН,2011
ЖАРМИНСКИЙ РАЙОН,2016
ЖАРМИНСКИЙ РАЙОН,2010
ЖАРМИНСКИЙ РАЙОН,2012
ЖАРМИНСКИЙ РАЙОН,2013
ЖАРМИНСКИЙ РАЙОН,2014
ЖАРМИНСКИЙ РАЙОН,2025
ГЛУБОКОВСКИЙ РАЙОН,2017
ГЛУБОКОВСКИЙ РАЙОН,2009
ГЛУБОКОВСКИЙ РАЙОН,2019
ГЛУБОКОВСКИЙ РАЙОН,2020
ГЛУБОКОВСКИЙ РАЙОН,2018
ГЛУБОКОВСКИЙ РАЙОН,2022
ГЛУБОКОВСКИЙ РАЙОН,2023
ГЛУБОКОВСКИЙ РАЙОН,2024
ГЛУБОКОВСКИЙ РАЙОН,2021
ГЛУБОКОВСКИЙ РАЙОН,2015
ГЛУБОКОВСКИЙ РАЙОН,2011
ГЛУБОКОВСКИЙ РАЙОН,2016
ГЛУБОКОВСКИЙ РАЙОН,2010
ГЛУБОКОВСКИЙ РАЙОН,2012
ГЛУБОКОВСКИЙ РАЙОН,2013
ГЛУБОКОВСКИЙ РАЙОН,2014
ГЛУБОКОВСКИЙ РАЙОН,2025
БОРОДУЛИХИНСКИЙ РАЙОН,2017
БОРОДУЛИХИНСКИЙ РАЙОН,2009
БОРОДУЛИХИНСКИЙ РАЙОН,2019
БОРОДУЛИХИНСКИЙ РАЙОН,2020
БОРОДУЛИХИНСКИЙ РАЙОН,2022
БОРОДУЛИХИНСКИЙ РАЙОН,2023
БОРОДУЛИХИНСКИЙ РАЙОН,2024
БОРОДУЛИХИНСКИЙ РАЙОН,2015
БОРОДУЛИХИНСКИЙ РАЙОН,2011
БОРОДУЛИХИНСКИЙ РАЙОН,2016
БОРОДУЛИХИНСКИЙ РАЙОН,2010
БОРОДУЛИХИНСКИЙ РАЙОН,2012
БОРОДУЛИХИНСКИЙ РАЙОН,2013
БОРОДУЛИХИНСКИЙ РАЙОН,2014
БОРОДУЛИХИНСКИЙ РАЙОН,2025
БЕСКАРАГАЙСКИЙ РАЙОН,2017
БЕСКАРАГАЙСКИЙ РАЙОН,2009
БЕСКАРАГАЙСКИЙ РАЙОН,2019
БЕСКАРАГАЙСКИЙ РАЙОН,2020
БЕСКАРАГАЙСКИЙ РАЙОН,2022
БЕСКАРАГАЙСКИЙ РАЙОН,2023
БЕСКАРАГАЙСКИЙ РАЙОН,2024
БЕСКАРАГАЙСКИЙ РАЙОН,2015
БЕСКАРАГАЙСКИЙ РАЙОН,2011
БЕСКАРАГАЙСКИЙ РАЙОН,2016
БЕСКАРАГАЙСКИЙ РАЙОН,2010
БЕСКАРАГАЙСКИЙ РАЙОН,2012
БЕСКАРАГАЙСКИЙ РАЙОН,2013
БЕСКАРАГАЙСКИЙ РАЙОН,2014
БЕСКАРАГАЙСКИЙ РАЙОН,2025
УЛЫТАУСКИЙ РАЙОН,2017
УЛЫТАУСКИЙ РАЙОН,2009
УЛЫТАУСКИЙ РАЙОН,2019
УЛЫТАУСКИЙ РАЙОН,2020
УЛЫТАУСКИЙ РАЙОН,2022
УЛЫТАУСКИЙ РАЙОН,2023
УЛЫТАУСКИЙ РАЙОН,2024
УЛЫТАУСКИЙ РАЙОН,2015
УЛЫТАУСКИЙ РАЙОН,2011
УЛЫТАУСКИЙ РАЙОН,2016
УЛЫТАУСКИЙ РАЙОН,2010
УЛЫТАУСКИЙ РАЙОН,2012
УЛЫТАУСКИЙ РАЙОН,2013
УЛЫТАУСКИЙ РАЙОН,2014
УЛЫТАУСКИЙ РАЙОН,2025
ОСАКАРОВСКИЙ РАЙОН,2017
ОСАКАРОВСКИЙ РАЙОН,2009
ОСАКАРОВСКИЙ РАЙОН,2019
ОСАКАРОВСКИЙ РАЙОН,2020
ОСАКАРОВСКИЙ РАЙОН,2018
ОСАКАРОВСКИЙ РАЙОН,2022
ОСАКАРОВСКИЙ РАЙОН,2023
ОСАКАРОВСКИЙ РАЙОН,2024
ОСАКАРОВСКИЙ РАЙОН,2021
ОСАКАРОВСКИЙ РАЙОН,2015
ОСАКАРОВСКИЙ РАЙОН,2011
ОСАКАРОВСКИЙ РАЙОН,2016
ОСАКАРОВСКИЙ РАЙОН,2010
ОСАКАРОВСКИЙ РАЙОН,2012
ОСАКАРОВСКИЙ РАЙОН,2013
ОСАКАРОВСКИЙ РАЙОН,2014
ОСАКАРОВСКИЙ РАЙОН,2025
НУРИНСКИЙ РАЙОН,2017
НУРИНСКИЙ РАЙОН,2009
НУРИНСКИЙ РАЙОН,2019
НУРИНСКИЙ РАЙОН,2020
НУРИНСКИЙ РАЙОН,2018
НУРИНСКИЙ РАЙОН,2022
НУРИНСКИЙ РАЙОН,2023
НУРИНСКИЙ РАЙОН,2024
НУРИНСКИЙ РАЙОН,2021
НУРИНСКИЙ РАЙОН,2015
НУРИНСКИЙ РАЙОН,2011
НУРИНСКИЙ РАЙОН,2016
НУРИНСКИЙ РАЙОН,2010
НУРИНСКИЙ РАЙОН,2012
НУРИНСКИЙ РАЙОН,2013
НУРИНСКИЙ РАЙОН,2014
НУРИНСКИЙ РАЙОН,2025
КАРКАРАЛИНСКИЙ РАЙОН,2017
КАРКАРАЛИНСКИЙ РАЙОН,2009
КАРКАРАЛИНСКИЙ РАЙОН,2019
КАРКАРАЛИНСКИЙ РАЙОН,2020
КАРКАРАЛИНСКИЙ РАЙОН,2018
КАРКАРАЛИНСКИЙ РАЙОН,2022
КАРКАРАЛИНСКИЙ РАЙОН,2023
КАРКАРАЛИНСКИЙ РАЙОН,2024
КАРКАРАЛИНСКИЙ РАЙОН,2021
КАРКАРАЛИНСКИЙ РАЙОН,2015
КАРКАРАЛИНСКИЙ РАЙОН,2011
КАРКАРАЛИНСКИЙ РАЙОН,2016
КАРКАРАЛИНСКИЙ РАЙОН,2010
КАРКАРАЛИНСКИЙ РАЙОН,2012
КАРКАРАЛИНСКИЙ РАЙОН,2013
КАРКАРАЛИНСКИЙ РАЙОН,2014
КАРКАРАЛИНСКИЙ РАЙОН,2025
ЖАНААРКИНСКИЙ РАЙОН,2017
ЖАНААРКИНСКИЙ РАЙОН,2009
ЖАНААРКИНСКИЙ РАЙОН,2019
ЖАНААРКИНСКИЙ РАЙОН,2020
ЖАНААРКИНСКИЙ РАЙОН,2022
ЖАНААРКИНСКИЙ РАЙОН,2023
ЖАНААРКИНСКИЙ РАЙОН,2024
ЖАНААРКИНСКИЙ РАЙОН,2015
ЖАНААРКИНСКИЙ РАЙОН,2011
ЖАНААРКИНСКИЙ РАЙОН,2016
ЖАНААРКИНСКИЙ РАЙОН,2010
ЖАНААРКИНСКИЙ РАЙОН,2012
ЖАНААРКИНСКИЙ РАЙОН,2013
ЖАНААРКИНСКИЙ РАЙОН,2014
ЖАНААРКИНСКИЙ РАЙОН,2025
БУХАР-ЖЫРАУСКИЙ РАЙОН,2017
БУХАР-ЖЫРАУСКИЙ РАЙОН,2009
БУХАР-ЖЫРАУСКИЙ РАЙОН,2019
БУХАР-ЖЫРАУСКИЙ РАЙОН,2020
БУХАР-ЖЫРАУСКИЙ РАЙОН,2018
БУХАР-ЖЫРАУСКИЙ РАЙОН,2022
БУХАР-ЖЫРАУСКИЙ РАЙОН,2023
БУХАР-ЖЫРАУСКИЙ РАЙОН,2024
БУХАР-ЖЫРАУСКИЙ РАЙОН,2021
БУХАР-ЖЫРАУСКИЙ РАЙОН,2015
БУХАР-ЖЫРАУСКИЙ РАЙОН,2011
БУХАР-ЖЫРАУСКИЙ РАЙОН,2016
БУХАР-ЖЫРАУСКИЙ РАЙОН,2010
БУХАР-ЖЫРАУСКИЙ РАЙОН,2012
БУХАР-ЖЫРАУСКИЙ РАЙОН,2013
БУХАР-ЖЫРАУСКИЙ РАЙОН,2014
БУХАР-ЖЫРАУСКИЙ РАЙОН,2025
АСТРАХАНСКИЙ РАЙОН,2017
АСТРАХАНСКИЙ РАЙОН,2009
АСТРАХАНСКИЙ РАЙОН,2019
АСТРАХАНСКИЙ РАЙОН,2020
АСТРАХАНСКИЙ РАЙОН,2018
АСТРАХАНСКИЙ РАЙОН,2022
АСТРАХАНСКИЙ РАЙОН,2023
АСТРАХАНСКИЙ РАЙОН,2024
АСТРАХАНСКИЙ РАЙОН,2021
АСТРАХАНСКИЙ РАЙОН,2015
АСТРАХАНСКИЙ РАЙОН,2011
АСТРАХАНСКИЙ РАЙОН,2016
АСТРАХАНСКИЙ РАЙОН,2010
АСТРАХАНСКИЙ РАЙОН,2012
АСТРАХАНСКИЙ РАЙОН,2013
АСТРАХАНСКИЙ РАЙОН,2014
АСТРАХАНСКИЙ РАЙОН,2025
АРШАЛЫНСКИЙ РАЙОН,2017
АРШАЛЫНСКИЙ РАЙОН,2009
АРШАЛЫНСКИЙ РАЙОН,2019
АРШАЛЫНСКИЙ РАЙОН,2020
АРШАЛЫНСКИЙ РАЙОН,2018
АРШАЛЫНСКИЙ РАЙОН,2022
АРШАЛЫНСКИЙ РАЙОН,2023
АРШАЛЫНСКИЙ РАЙОН,2024
АРШАЛЫНСКИЙ РАЙОН,2021
АРШАЛЫНСКИЙ РАЙОН,2015
АРШАЛЫНСКИЙ РАЙОН,2011
АРШАЛЫНСКИЙ РАЙОН,2016
АРШАЛЫНСКИЙ РАЙОН,2010
АРШАЛЫНСКИЙ РАЙОН,2012
АРШАЛЫНСКИЙ РАЙОН,2013
АРШАЛЫНСКИЙ РАЙОН,2014
АРШАЛЫНСКИЙ РАЙОН,2025
АККОЛЬСКИЙ РАЙОН,2017
АККОЛЬСКИЙ РАЙОН,2009
АККОЛЬСКИЙ РАЙОН,2019
АККОЛЬСКИЙ РАЙОН,2020
АККОЛЬСКИЙ РАЙОН,2018
АККОЛЬСКИЙ РАЙОН,2022
АККОЛЬСКИЙ РАЙОН,2023
АККОЛЬСКИЙ РАЙОН,2024
АККОЛЬСКИЙ РАЙОН,2021
АККОЛЬСКИЙ РАЙОН,2015
АККОЛЬСКИЙ РАЙОН,2011
АККОЛЬСКИЙ РАЙОН,2016
АККОЛЬСКИЙ РАЙОН,2010
АККОЛЬСКИЙ РАЙОН,2012
АККОЛЬСКИЙ РАЙОН,2013
АККОЛЬСКИЙ РАЙОН,2014
АККОЛЬСКИЙ РАЙОН,2025
СТЕПНОГОРСК Г.А.,2017
СТЕПНОГОРСК Г.А.,2009
СТЕПНОГОРСК Г.А.,2019
СТЕПНОГОРСК Г.А.,2020
СТЕПНОГОРСК Г.А.,2018
СТЕПНОГОРСК Г.А.,2022
СТЕПНОГОРСК Г.А.,2023
СТЕПНОГОРСК Г.А.,2024
СТЕПНОГОРСК Г.А.,2021
СТЕПНОГОРСК Г.А.,2015
СТЕПНОГОРСК Г.А.,2011
СТЕПНОГОРСК Г.А.,2016
СТЕПНОГОРСК Г.А.,2010
СТЕПНОГОРСК Г.А.,2012
СТЕПНОГОРСК Г.А.,2013
СТЕПНОГОРСК Г.А.,2014
СТЕПНОГОРСК Г.А.,2025
КОКШЕТАУ Г.А.,2017
КОКШЕТАУ Г.А.,2009
КОКШЕТАУ Г.А.,2019
КОКШЕТАУ Г.А.,2020
КОКШЕТАУ Г.А.,2018
КОКШЕТАУ Г.А.,2022
КОКШЕТАУ Г.А.,2023
КОКШЕТАУ Г.А.,2024
КОКШЕТАУ Г.А.,2021
КОКШЕТАУ Г.А.,2015
КОКШЕТАУ Г.А.,2011
КОКШЕТАУ Г.А.,2016
КОКШЕТАУ Г.А.,2010
КОКШЕТАУ Г.А.,2012
КОКШЕТАУ Г.А.,2013
КОКШЕТАУ Г.А.,2014
КОКШЕТАУ Г.А.,2025
АЯГОЗСКИЙ РАЙОН,2017
АЯГОЗСКИЙ РАЙОН,2009
АЯГОЗСКИЙ РАЙОН,2019
АЯГОЗСКИЙ РАЙОН,2020
АЯГОЗСКИЙ РАЙОН,2022
АЯГОЗСКИЙ РАЙОН,2023
АЯГОЗСКИЙ РАЙОН,2024
АЯГОЗСКИЙ РАЙОН,2015
АЯГОЗСКИЙ РАЙОН,2011
АЯГОЗСКИЙ РАЙОН,2016
АЯГОЗСКИЙ РАЙОН,2010
АЯГОЗСКИЙ РАЙОН,2012
АЯГОЗСКИЙ РАЙОН,2013
АЯГОЗСКИЙ РАЙОН,2014
АЯГОЗСКИЙ РАЙОН,2025
АБАЙСКИЙ РАЙОН,2017
АБАЙСКИЙ РАЙОН,2009
АБАЙСКИЙ РАЙОН,2019
АБАЙСКИЙ РАЙОН,2020
АБАЙСКИЙ РАЙОН,2022
АБАЙСКИЙ РАЙОН,2023
АБАЙСКИЙ РАЙОН,2024
АБАЙСКИЙ РАЙОН,2015
АБАЙСКИЙ РАЙОН,2011
АБАЙСКИЙ РАЙОН,2016
АБАЙСКИЙ РАЙОН,2010
АБАЙСКИЙ РАЙОН,2012
АБАЙСКИЙ РАЙОН,2013
АБАЙСКИЙ РАЙОН,2014
АБАЙСКИЙ РАЙОН,2025
СЕМЕЙ Г.А.,2017
СЕМЕЙ Г.А.,2009
СЕМЕЙ Г.А.,2019
СЕМЕЙ Г.А.,2020
СЕМЕЙ Г.А.,2022
СЕМЕЙ Г.А.,2023
СЕМЕЙ Г.А.,2024
СЕМЕЙ Г.А.,2015
СЕМЕЙ Г.А.,2011
СЕМЕЙ Г.А.,2016
СЕМЕЙ Г.А.,2010
СЕМЕЙ Г.А.,2012
СЕМЕЙ Г.А.,2013
СЕМЕЙ Г.А.,2014
СЕМЕЙ Г.А.,2025
РИДДЕР Г.А.,2017
РИДДЕР Г.А.,2009
РИДДЕР Г.А.,2019
РИДДЕР Г.А.,2020
РИДДЕР Г.А.,2018
РИДДЕР Г.А.,2022
РИДДЕР Г.А.,2023
РИДДЕР Г.А.,2024
РИДДЕР Г.А.,2021
РИДДЕР Г.А.,2015
РИДДЕР Г.А.,2011
РИДДЕР Г.А.,2016
РИДДЕР Г.А.,2010
РИДДЕР Г.А.,2012
РИДДЕР Г.А.,2013
РИДДЕР Г.А.,2014
РИДДЕР Г.А.,2025
КУРЧАТОВ Г.А.,2017
КУРЧАТОВ Г.А.,2009
КУРЧАТОВ Г.А.,2019
КУРЧАТОВ Г.А.,2020
КУРЧАТОВ Г.А.,2022
КУРЧАТОВ Г.А.,2023
КУРЧАТОВ Г.А.,2024
КУРЧАТОВ Г.А.,2015
КУРЧАТОВ Г.А.,2011
КУРЧАТОВ Г.А.,2016
КУРЧАТОВ Г.А.,2010
КУРЧАТОВ Г.А.,2012
КУРЧАТОВ Г.А.,2013
КУРЧАТОВ Г.А.,2014
КУРЧАТОВ Г.А.,2025
Г.А.АЛТАЙ,2009
АБАЙСКИЙ РАЙОН,2018
АБАЙСКИЙ РАЙОН,2021
ШАХТИНСК Г.А.,2017
ШАХТИНСК Г.А.,2009
ШАХТИНСК Г.А.,2019
ШАХТИНСК Г.А.,2020
ШАХТИНСК Г.А.,2018
ШАХТИНСК Г.А.,2022
ШАХТИНСК Г.А.,2023
ШАХТИНСК Г.А.,2024
ШАХТИНСК Г.А.,2021
ШАХТИНСК Г.А.,2015
ШАХТИНСК Г.А.,2011
ШАХТИНСК Г.А.,2016
ШАХТИНСК Г.А.,2010
ШАХТИНСК Г.А.,2012
ШАХТИНСК Г.А.,2013
ШАХТИНСК Г.А.,2014
ШАХТИНСК Г.А.,2025
ТЕМИРТАУ Г.А.,2017
ТЕМИРТАУ Г.А.,2009
ТЕМИРТАУ Г.А.,2019
ТЕМИРТАУ Г.А.,2020
ТЕМИРТАУ Г.А.,2018
ТЕМИРТАУ Г.А.,2022
ТЕМИРТАУ Г.А.,2023
ТЕМИРТАУ Г.А.,2024
ТЕМИРТАУ Г.А.,2021
ТЕМИРТАУ Г.А.,2015
ТЕМИРТАУ Г.А.,2011
ТЕМИРТАУ Г.А.,2016
ТЕМИРТАУ Г.А.,2010
ТЕМИРТАУ Г.А.,2012
ТЕМИРТАУ Г.А.,2013
ТЕМИРТАУ Г.А.,2014
ТЕМИРТАУ Г.А.,2025
САТПАЕВ Г.А.,2017
САТПАЕВ Г.А.,2009
САТПАЕВ Г.А.,2019
САТПАЕВ Г.А.,2020
САТПАЕВ Г.А.,2022
САТПАЕВ Г.А.,2023
САТПАЕВ Г.А.,2024
САТПАЕВ Г.А.,2015
САТПАЕВ Г.А.,2011
САТПАЕВ Г.А.,2016
САТПАЕВ Г.А.,2010
САТПАЕВ Г.А.,2012
САТПАЕВ Г.А.,2013
САТПАЕВ Г.А.,2014
САТПАЕВ Г.А.,2025
САРАНЬ Г.А.,2017
САРАНЬ Г.А.,2009
САРАНЬ Г.А.,2019
САРАНЬ Г.А.,2020
САРАНЬ Г.А.,2018
САРАНЬ Г.А.,2022
САРАНЬ Г.А.,2023
САРАНЬ Г.А.,2024
САРАНЬ Г.А.,2021
САРАНЬ Г.А.,2015
САРАНЬ Г.А.,2011
САРАНЬ Г.А.,2016
САРАНЬ Г.А.,2010
САРАНЬ Г.А.,2012
САРАНЬ Г.А.,2013
САРАНЬ Г.А.,2014
САРАНЬ Г.А.,2025
ПРИОЗЕРСК Г.А.,2017
ПРИОЗЕРСК Г.А.,2009
ПРИОЗЕРСК Г.А.,2019
ПРИОЗЕРСК Г.А.,2020
ПРИОЗЕРСК Г.А.,2018
ПРИОЗЕРСК Г.А.,2022
ПРИОЗЕРСК Г.А.,2023
ПРИОЗЕРСК Г.А.,2024
ПРИОЗЕРСК Г.А.,2021
ПРИОЗЕРСК Г.А.,2015
ПРИОЗЕРСК Г.А.,2011
ПРИОЗЕРСК Г.А.,2016
ПРИОЗЕРСК Г.А.,2010
ПРИОЗЕРСК Г.А.,2012
ПРИОЗЕРСК Г.А.,2013
ПРИОЗЕРСК Г.А.,2014
ПРИОЗЕРСК Г.А.,2025
НАУРЫЗБАЙСКИЙ РАЙОН,2017
НАУРЫЗБАЙСКИЙ РАЙОН,2019
НАУРЫЗБАЙСКИЙ РАЙОН,2020
НАУРЫЗБАЙСКИЙ РАЙОН,2018
НАУРЫЗБАЙСКИЙ РАЙОН,2022
НАУРЫЗБАЙСКИЙ РАЙОН,2023
НАУРЫЗБАЙСКИЙ РАЙОН,2024
НАУРЫЗБАЙСКИЙ РАЙОН,2021
НАУРЫЗБАЙСКИЙ РАЙОН,2015
НАУРЫЗБАЙСКИЙ РАЙОН,2016
НАУРЫЗБАЙСКИЙ РАЙОН,2025
КАРАТАУСКИЙ РАЙОН,2019
КАРАТАУСКИЙ РАЙОН,2020
КАРАТАУСКИЙ РАЙОН,2018
КАРАТАУСКИЙ РАЙОН,2022
КАРАТАУСКИЙ РАЙОН,2023
КАРАТАУСКИЙ РАЙОН,2024
КАРАТАУСКИЙ РАЙОН,2021
КАРАТАУСКИЙ РАЙОН,2025
ЕНБЕКШИНСКИЙ РАЙОН,2019
ЕНБЕКШИНСКИЙ РАЙОН,2020
ЕНБЕКШИНСКИЙ РАЙОН,2018
ЕНБЕКШИНСКИЙ РАЙОН,2022
ЕНБЕКШИНСКИЙ РАЙОН,2023
ЕНБЕКШИНСКИЙ РАЙОН,2024
ЕНБЕКШИНСКИЙ РАЙОН,2021
ЕНБЕКШИНСКИЙ РАЙОН,2025
АЛЬ-ФАРАБИЙСКИЙ РАЙОН,2019
АЛЬ-ФАРАБИЙСКИЙ РАЙОН,2020
АЛЬ-ФАРАБИЙСКИЙ РАЙОН,2018
АЛЬ-ФАРАБИЙСКИЙ РАЙОН,2022
АЛЬ-ФАРАБИЙСКИЙ РАЙОН,2023
АЛЬ-ФАРАБИЙСКИЙ РАЙОН,2024
АЛЬ-ФАРАБИЙСКИЙ РАЙОН,2021
АЛЬ-ФАРАБИЙСКИЙ РАЙОН,2025
РАЙОН БАЙҚОҢЫР,2019
РАЙОН БАЙҚОҢЫР,2020
РАЙОН БАЙҚОҢЫР,2018
РАЙОН БАЙҚОҢЫР,2022
РАЙОН БАЙҚОҢЫР,2023
РАЙОН БАЙҚОҢЫР,2024
РАЙОН БАЙҚОҢЫР,2021
РАЙОН БАЙҚОҢЫР,2025
ШАРДАРИНСКИЙ РАЙОН,2019
ШАРДАРИНСКИЙ РАЙОН,2020
ШАРДАРИНСКИЙ РАЙОН,2018
ШАРДАРИНСКИЙ РАЙОН,2022
ШАРДАРИНСКИЙ РАЙОН,2023
ШАРДАРИНСКИЙ РАЙОН,2024
ШАРДАРИНСКИЙ РАЙОН,2021
ШАРДАРИНСКИЙ РАЙОН,2025
ТЮЛЬКУБАССКИЙ РАЙОН,2019
ТЮЛЬКУБАССКИЙ РАЙОН,2020
ТЮЛЬКУБАССКИЙ РАЙОН,2018
ТЮЛЬКУБАССКИЙ РАЙОН,2022
ТЮЛЬКУБАССКИЙ РАЙОН,2023
ТЮЛЬКУБАССКИЙ РАЙОН,2024
ТЮЛЬКУБАССКИЙ РАЙОН,2021
ТЮЛЬКУБАССКИЙ РАЙОН,2025
ТОЛЕБИЙСКИЙ РАЙОН,2019
ТОЛЕБИЙСКИЙ РАЙОН,2020
ТОЛЕБИЙСКИЙ РАЙОН,2018
ТОЛЕБИЙСКИЙ РАЙОН,2022
ТОЛЕБИЙСКИЙ РАЙОН,2023
ТОЛЕБИЙСКИЙ РАЙОН,2024
ТОЛЕБИЙСКИЙ РАЙОН,2021
ТОЛЕБИЙСКИЙ РАЙОН,2025
СУЗАКСКИЙ РАЙОН,2019
СУЗАКСКИЙ РАЙОН,2020
СУЗАКСКИЙ РАЙОН,2018
СУЗАКСКИЙ РАЙОН,2022
СУЗАКСКИЙ РАЙОН,2023
СУЗАКСКИЙ РАЙОН,2024
СУЗАКСКИЙ РАЙОН,2021
СУЗАКСКИЙ РАЙОН,2025
САРЫАГАШСКИЙ РАЙОН,2019
САРЫАГАШСКИЙ РАЙОН,2020
САРЫАГАШСКИЙ РАЙОН,2018
САРЫАГАШСКИЙ РАЙОН,2022
САРЫАГАШСКИЙ РАЙОН,2023
САРЫАГАШСКИЙ РАЙОН,2024
САРЫАГАШСКИЙ РАЙОН,2021
САРЫАГАШСКИЙ РАЙОН,2025
САЙРАМСКИЙ РАЙОН,2019
САЙРАМСКИЙ РАЙОН,2020
САЙРАМСКИЙ РАЙОН,2018
САЙРАМСКИЙ РАЙОН,2022
САЙРАМСКИЙ РАЙОН,2023
САЙРАМСКИЙ РАЙОН,2024
САЙРАМСКИЙ РАЙОН,2021
САЙРАМСКИЙ РАЙОН,2025
ОТРАРСКИЙ РАЙОН,2019
ОТРАРСКИЙ РАЙОН,2020
ОТРАРСКИЙ РАЙОН,2018
ОТРАРСКИЙ РАЙОН,2022
ОТРАРСКИЙ РАЙОН,2023
ОТРАРСКИЙ РАЙОН,2024
ОТРАРСКИЙ РАЙОН,2021
ОТРАРСКИЙ РАЙОН,2025
ОРДАБАСЫНСКИЙ РАЙОН,2019
ОРДАБАСЫНСКИЙ РАЙОН,2020
ОРДАБАСЫНСКИЙ РАЙОН,2018
ОРДАБАСЫНСКИЙ РАЙОН,2022
ОРДАБАСЫНСКИЙ РАЙОН,2023
ОРДАБАСЫНСКИЙ РАЙОН,2024
ОРДАБАСЫНСКИЙ РАЙОН,2021
ОРДАБАСЫНСКИЙ РАЙОН,2025
МАКТААРАЛЬСКИЙ РАЙОН,2019
МАКТААРАЛЬСКИЙ РАЙОН,2020
МАКТААРАЛЬСКИЙ РАЙОН,2018
МАКТААРАЛЬСКИЙ РАЙОН,2022
МАКТААРАЛЬСКИЙ РАЙОН,2023
МАКТААРАЛЬСКИЙ РАЙОН,2024
МАКТААРАЛЬСКИЙ РАЙОН,2021
МАКТААРАЛЬСКИЙ РАЙОН,2025
КАЗЫГУРТСКИЙ РАЙОН,2019
КАЗЫГУРТСКИЙ РАЙОН,2020
КАЗЫГУРТСКИЙ РАЙОН,2018
КАЗЫГУРТСКИЙ РАЙОН,2022
КАЗЫГУРТСКИЙ РАЙОН,2023
КАЗЫГУРТСКИЙ РАЙОН,2024
КАЗЫГУРТСКИЙ РАЙОН,2021
КАЗЫГУРТСКИЙ РАЙОН,2025
КЕЛЕССКИЙ РАЙОН,2019
КЕЛЕССКИЙ РАЙОН,2020
КЕЛЕССКИЙ РАЙОН,2018
КЕЛЕССКИЙ РАЙОН,2022
КЕЛЕССКИЙ РАЙОН,2023
КЕЛЕССКИЙ РАЙОН,2024
КЕЛЕССКИЙ РАЙОН,2021
КЕЛЕССКИЙ РАЙОН,2025
ЖЕТЫСАЙСКИЙ РАЙОН,2019
ЖЕТЫСАЙСКИЙ РАЙОН,2020
ЖЕТЫСАЙСКИЙ РАЙОН,2018
ЖЕТЫСАЙСКИЙ РАЙОН,2022
ЖЕТЫСАЙСКИЙ РАЙОН,2023
ЖЕТЫСАЙСКИЙ РАЙОН,2024
ЖЕТЫСАЙСКИЙ РАЙОН,2021
ЖЕТЫСАЙСКИЙ РАЙОН,2025
РАЙОН БАЙДИБЕКА,2019
РАЙОН БАЙДИБЕКА,2020
РАЙОН БАЙДИБЕКА,2018
РАЙОН БАЙДИБЕКА,2022
РАЙОН БАЙДИБЕКА,2023
РАЙОН БАЙДИБЕКА,2024
РАЙОН БАЙДИБЕКА,2021
РАЙОН БАЙДИБЕКА,2025
КЕНТАУ Г.А.,2019
КЕНТАУ Г.А.,2020
КЕНТАУ Г.А.,2018
КЕНТАУ Г.А.,2022
КЕНТАУ Г.А.,2023
КЕНТАУ Г.А.,2024
КЕНТАУ Г.А.,2021
КЕНТАУ Г.А.,2025
АРЫСЬ Г.А.,2019
АРЫСЬ Г.А.,2020
АРЫСЬ Г.А.,2018
АРЫСЬ Г.А.,2022
АРЫСЬ Г.А.,2023
АРЫСЬ Г.А.,2024
АРЫСЬ Г.А.,2021
АРЫСЬ Г.А.,2025
ТУРКЕСТАН Г.А.,2019
ТУРКЕСТАН Г.А.,2020
ТУРКЕСТАН Г.А.,2018
ТУРКЕСТАН Г.А.,2022
ТУРКЕСТАН Г.А.,2023
ТУРКЕСТАН Г.А.,2024
ТУРКЕСТАН Г.А.,2021
ТУРКЕСТАН Г.А.,2025
КЕГЕНСКИЙ РАЙОН,2019
КЕГЕНСКИЙ РАЙОН,2020
КЕГЕНСКИЙ РАЙОН,2018
КЕГЕНСКИЙ РАЙОН,2022
КЕГЕНСКИЙ РАЙОН,2023
КЕГЕНСКИЙ РАЙОН,2024
КЕГЕНСКИЙ РАЙОН,2021
КЕГЕНСКИЙ РАЙОН,2025
РАЙОН САУРАН,2022
РАЙОН САУРАН,2023
РАЙОН САУРАН,2024
РАЙОН САУРАН,2021
РАЙОН САУРАН,2025
РАЙОН АҚСУАТ,2022
РАЙОН АҚСУАТ,2023
РАЙОН АҚСУАТ,2024
РАЙОН АҚСУАТ,2025
КОСШЫ Г.А.,2022
КОСШЫ Г.А.,2023
КОСШЫ Г.А.,2024
КОСШЫ Г.А.,2025
РАЙОН САМАР,2022
РАЙОН САМАР,2023
РАЙОН САМАР,2024
РАЙОН САМАР,2025
РАЙОН МАРҚАКӨЛ,2025
РАЙОН ҮЛКЕН НАРЫН,2025
РАЙОН НҰРА,2025
РАЙОН ЖАҢАСЕМЕЙ,2025
Г.А.АЛАТАУ,2025
РАЙОН ТУРАН,2025
РАЙОН МАҚАНШЫ,2025
