"NAM"	"DAT"	"PERIOD"	"КАТО(по каталогу)"	"LКАТО(по каталогу)"	"VAL"
"Валовой внутренний продукт методом производства на душу населения(Тысяч тенге казахских)"	"2009 год"	"200912"	"КЫЗЫЛОРДИНСКАЯ ОБЛАСТЬ"	"0"	"937 400 000.0"
"Валовой внутренний продукт методом производства на душу населения(Тысяч тенге казахских)"	"2006 год"	"200612"	"КЫЗЫЛОРДИНСКАЯ ОБЛАСТЬ"	"0"	"585 200 000.0"
"Валовой внутренний продукт методом производства на душу населения(Тысяч тенге казахских)"	"2008 год"	"200812"	"КЫЗЫЛОРДИНСКАЯ ОБЛАСТЬ"	"0"	"1 075 900 000.0"
"Валовой внутренний продукт методом производства на душу населения(Тысяч тенге казахских)"	"2003 год"	"200312"	"КЫЗЫЛОРДИНСКАЯ ОБЛАСТЬ"	"0"	"224 600 000.0"
"Валовой внутренний продукт методом производства на душу населения(Тысяч тенге казахских)"	"2001 год"	"200112"	"КЫЗЫЛОРДИНСКАЯ ОБЛАСТЬ"	"0"	"122 200 000.0"
"Валовой внутренний продукт методом производства на душу населения(Тысяч тенге казахских)"	"2007 год"	"200712"	"КЫЗЫЛОРДИНСКАЯ ОБЛАСТЬ"	"0"	"794 700 000.0"
"Валовой внутренний продукт методом производства на душу населения(Тысяч тенге казахских)"	"2005 год"	"200512"	"КЫЗЫЛОРДИНСКАЯ ОБЛАСТЬ"	"0"	"394 000 000.0"
"Валовой внутренний продукт методом производства на душу населения(Тысяч тенге казахских)"	"2002 год"	"200212"	"КЫЗЫЛОРДИНСКАЯ ОБЛАСТЬ"	"0"	"170 200 000.0"
"Валовой внутренний продукт методом производства на душу населения(Тысяч тенге казахских)"	"2000 год"	"200012"	"КЫЗЫЛОРДИНСКАЯ ОБЛАСТЬ"	"0"	"96 300 000.0"
"Валовой внутренний продукт методом производства на душу населения(Тысяч тенге казахских)"	"2004 год"	"200412"	"КЫЗЫЛОРДИНСКАЯ ОБЛАСТЬ"	"0"	"294 900 000.0"
"Валовой внутренний продукт методом производства на душу населения(Тысяч тенге казахских)"	"2014 год"	"201412"	"КЫЗЫЛОРДИНСКАЯ ОБЛАСТЬ"	"0"	"1 848 900 000.0"
"Валовой внутренний продукт методом производства на душу населения(Тысяч тенге казахских)"	"2016 год"	"201612"	"КЫЗЫЛОРДИНСКАЯ ОБЛАСТЬ"	"0"	"1 701 100 000.0"
"Валовой внутренний продукт методом производства на душу населения(Тысяч тенге казахских)"	"2015 год"	"201512"	"КЫЗЫЛОРДИНСКАЯ ОБЛАСТЬ"	"0"	"1 534 300 000.0"
"Валовой внутренний продукт методом производства на душу населения(Тысяч тенге казахских)"	"2017 год"	"201712"	"КЫЗЫЛОРДИНСКАЯ ОБЛАСТЬ"	"0"	"1 839 000 000.0"
"Валовой внутренний продукт методом производства на душу населения(Тысяч тенге казахских)"	"2019 год"	"201912"	"КЫЗЫЛОРДИНСКАЯ ОБЛАСТЬ"	"0"	"2 289 100 000.0"
"Валовой внутренний продукт методом производства на душу населения(Тысяч тенге казахских)"	"2020 год"	"202012"	"КЫЗЫЛОРДИНСКАЯ ОБЛАСТЬ"	"0"	"2 033 300 000.0"
"Валовой внутренний продукт методом производства на душу населения(Тысяч тенге казахских)"	"2018 год"	"201812"	"КЫЗЫЛОРДИНСКАЯ ОБЛАСТЬ"	"0"	"2 088 400 000.0"
"Валовой внутренний продукт методом производства на душу населения(Тысяч тенге казахских)"	"2022 год"	"202212"	"КЫЗЫЛОРДИНСКАЯ ОБЛАСТЬ"	"0"	"2 917 900 000.0"
"Валовой внутренний продукт методом производства на душу населения(Тысяч тенге казахских)"	"2023 год"	"202312"	"КЫЗЫЛОРДИНСКАЯ ОБЛАСТЬ"	"0"	"3 071 800 000 000.0"
"Валовой внутренний продукт методом производства на душу населения(Тысяч тенге казахских)"	"2024 год"	"202412"	"КЫЗЫЛОРДИНСКАЯ ОБЛАСТЬ"	"0"	"3 641 900 000.0"
"Валовой внутренний продукт методом производства на душу населения(Тысяч тенге казахских)"	"2009 год"	"200912"	"СЕВЕРО-КАЗАХСТАНСКАЯ ОБЛАСТЬ"	"0"	"625 500 000.0"
"Валовой внутренний продукт методом производства на душу населения(Тысяч тенге казахских)"	"2006 год"	"200612"	"СЕВЕРО-КАЗАХСТАНСКАЯ ОБЛАСТЬ"	"0"	"357 800 000.0"
"Валовой внутренний продукт методом производства на душу населения(Тысяч тенге казахских)"	"2008 год"	"200812"	"СЕВЕРО-КАЗАХСТАНСКАЯ ОБЛАСТЬ"	"0"	"619 000 000.0"
"Валовой внутренний продукт методом производства на душу населения(Тысяч тенге казахских)"	"2003 год"	"200312"	"СЕВЕРО-КАЗАХСТАНСКАЯ ОБЛАСТЬ"	"0"	"207 100 000.0"
"Валовой внутренний продукт методом производства на душу населения(Тысяч тенге казахских)"	"2001 год"	"200112"	"СЕВЕРО-КАЗАХСТАНСКАЯ ОБЛАСТЬ"	"0"	"141 700 000.0"
"Валовой внутренний продукт методом производства на душу населения(Тысяч тенге казахских)"	"2007 год"	"200712"	"СЕВЕРО-КАЗАХСТАНСКАЯ ОБЛАСТЬ"	"0"	"487 400 000.0"
"Валовой внутренний продукт методом производства на душу населения(Тысяч тенге казахских)"	"2005 год"	"200512"	"СЕВЕРО-КАЗАХСТАНСКАЯ ОБЛАСТЬ"	"0"	"277 900 000.0"
"Валовой внутренний продукт методом производства на душу населения(Тысяч тенге казахских)"	"2002 год"	"200212"	"СЕВЕРО-КАЗАХСТАНСКАЯ ОБЛАСТЬ"	"0"	"162 200 000.0"
"Валовой внутренний продукт методом производства на душу населения(Тысяч тенге казахских)"	"2000 год"	"200012"	"СЕВЕРО-КАЗАХСТАНСКАЯ ОБЛАСТЬ"	"0"	"100 400 000.0"
"Валовой внутренний продукт методом производства на душу населения(Тысяч тенге казахских)"	"2004 год"	"200412"	"СЕВЕРО-КАЗАХСТАНСКАЯ ОБЛАСТЬ"	"0"	"226 700 000.0"
"Валовой внутренний продукт методом производства на душу населения(Тысяч тенге казахских)"	"2014 год"	"201412"	"СЕВЕРО-КАЗАХСТАНСКАЯ ОБЛАСТЬ"	"0"	"1 386 600 000.0"
"Валовой внутренний продукт методом производства на душу населения(Тысяч тенге казахских)"	"2016 год"	"201612"	"СЕВЕРО-КАЗАХСТАНСКАЯ ОБЛАСТЬ"	"0"	"1 621 000 000.0"
"Валовой внутренний продукт методом производства на душу населения(Тысяч тенге казахских)"	"2015 год"	"201512"	"СЕВЕРО-КАЗАХСТАНСКАЯ ОБЛАСТЬ"	"0"	"1 467 200 000.0"
"Валовой внутренний продукт методом производства на душу населения(Тысяч тенге казахских)"	"2017 год"	"201712"	"СЕВЕРО-КАЗАХСТАНСКАЯ ОБЛАСТЬ"	"0"	"1 985 900 000.0"
"Валовой внутренний продукт методом производства на душу населения(Тысяч тенге казахских)"	"2019 год"	"201912"	"СЕВЕРО-КАЗАХСТАНСКАЯ ОБЛАСТЬ"	"0"	"2 505 900 000.0"
"Валовой внутренний продукт методом производства на душу населения(Тысяч тенге казахских)"	"2020 год"	"202012"	"СЕВЕРО-КАЗАХСТАНСКАЯ ОБЛАСТЬ"	"0"	"2 877 700 000.0"
"Валовой внутренний продукт методом производства на душу населения(Тысяч тенге казахских)"	"2018 год"	"201812"	"СЕВЕРО-КАЗАХСТАНСКАЯ ОБЛАСТЬ"	"0"	"2 177 700 000.0"
"Валовой внутренний продукт методом производства на душу населения(Тысяч тенге казахских)"	"2022 год"	"202212"	"СЕВЕРО-КАЗАХСТАНСКАЯ ОБЛАСТЬ"	"0"	"4 097 700 000.0"
"Валовой внутренний продукт методом производства на душу населения(Тысяч тенге казахских)"	"2023 год"	"202312"	"СЕВЕРО-КАЗАХСТАНСКАЯ ОБЛАСТЬ"	"0"	"4 186 400 000 000.0"
"Валовой внутренний продукт методом производства на душу населения(Тысяч тенге казахских)"	"2024 год"	"202412"	"СЕВЕРО-КАЗАХСТАНСКАЯ ОБЛАСТЬ"	"0"	"4 982 100 000.0"
"Валовой внутренний продукт методом производства на душу населения(Тысяч тенге казахских)"	"2009 год"	"200912"	"КОСТАНАЙСКАЯ ОБЛАСТЬ"	"0"	"815 300 000.0"
"Валовой внутренний продукт методом производства на душу населения(Тысяч тенге казахских)"	"2006 год"	"200612"	"КОСТАНАЙСКАЯ ОБЛАСТЬ"	"0"	"429 500 000.0"
"Валовой внутренний продукт методом производства на душу населения(Тысяч тенге казахских)"	"2008 год"	"200812"	"КОСТАНАЙСКАЯ ОБЛАСТЬ"	"0"	"789 700 000.0"
"Валовой внутренний продукт методом производства на душу населения(Тысяч тенге казахских)"	"2003 год"	"200312"	"КОСТАНАЙСКАЯ ОБЛАСТЬ"	"0"	"256 500 000.0"
"Валовой внутренний продукт методом производства на душу населения(Тысяч тенге казахских)"	"2001 год"	"200112"	"КОСТАНАЙСКАЯ ОБЛАСТЬ"	"0"	"181 200 000.0"
"Валовой внутренний продукт методом производства на душу населения(Тысяч тенге казахских)"	"2007 год"	"200712"	"КОСТАНАЙСКАЯ ОБЛАСТЬ"	"0"	"624 500 000.0"
"Валовой внутренний продукт методом производства на душу населения(Тысяч тенге казахских)"	"2005 год"	"200512"	"КОСТАНАЙСКАЯ ОБЛАСТЬ"	"0"	"356 500 000.0"
"Валовой внутренний продукт методом производства на душу населения(Тысяч тенге казахских)"	"2002 год"	"200212"	"КОСТАНАЙСКАЯ ОБЛАСТЬ"	"0"	"199 600 000.0"
"Валовой внутренний продукт методом производства на душу населения(Тысяч тенге казахских)"	"2000 год"	"200012"	"КОСТАНАЙСКАЯ ОБЛАСТЬ"	"0"	"163 100 000.0"
"Валовой внутренний продукт методом производства на душу населения(Тысяч тенге казахских)"	"2004 год"	"200412"	"КОСТАНАЙСКАЯ ОБЛАСТЬ"	"0"	"299 100 000.0"
"Валовой внутренний продукт методом производства на душу населения(Тысяч тенге казахских)"	"2014 год"	"201412"	"КОСТАНАЙСКАЯ ОБЛАСТЬ"	"0"	"1 583 100 000.0"
"Валовой внутренний продукт методом производства на душу населения(Тысяч тенге казахских)"	"2016 год"	"201612"	"КОСТАНАЙСКАЯ ОБЛАСТЬ"	"0"	"1 727 000 000.0"
"Валовой внутренний продукт методом производства на душу населения(Тысяч тенге казахских)"	"2015 год"	"201512"	"КОСТАНАЙСКАЯ ОБЛАСТЬ"	"0"	"1 561 700 000.0"
"Валовой внутренний продукт методом производства на душу населения(Тысяч тенге казахских)"	"2017 год"	"201712"	"КОСТАНАЙСКАЯ ОБЛАСТЬ"	"0"	"2 108 900 000.0"
"Валовой внутренний продукт методом производства на душу населения(Тысяч тенге казахских)"	"2019 год"	"201912"	"КОСТАНАЙСКАЯ ОБЛАСТЬ"	"0"	"2 815 900 000.0"
"Валовой внутренний продукт методом производства на душу населения(Тысяч тенге казахских)"	"2020 год"	"202012"	"КОСТАНАЙСКАЯ ОБЛАСТЬ"	"0"	"3 314 500 000.0"
"Валовой внутренний продукт методом производства на душу населения(Тысяч тенге казахских)"	"2018 год"	"201812"	"КОСТАНАЙСКАЯ ОБЛАСТЬ"	"0"	"2 367 100 000.0"
"Валовой внутренний продукт методом производства на душу населения(Тысяч тенге казахских)"	"2022 год"	"202212"	"КОСТАНАЙСКАЯ ОБЛАСТЬ"	"0"	"5 014 700 000.0"
"Валовой внутренний продукт методом производства на душу населения(Тысяч тенге казахских)"	"2023 год"	"202312"	"КОСТАНАЙСКАЯ ОБЛАСТЬ"	"0"	"5 338 200 000 000.0"
"Валовой внутренний продукт методом производства на душу населения(Тысяч тенге казахских)"	"2024 год"	"202412"	"КОСТАНАЙСКАЯ ОБЛАСТЬ"	"0"	"6 003 500 000.0"
"Валовой внутренний продукт методом производства на душу населения(Тысяч тенге казахских)"	"2009 год"	"200912"	"ЗАПАДНО-КАЗАХСТАНСКАЯ ОБЛАСТЬ"	"0"	"1 324 200 000.0"
"Валовой внутренний продукт методом производства на душу населения(Тысяч тенге казахских)"	"2006 год"	"200612"	"ЗАПАДНО-КАЗАХСТАНСКАЯ ОБЛАСТЬ"	"0"	"838 600 000.0"
"Валовой внутренний продукт методом производства на душу населения(Тысяч тенге казахских)"	"2008 год"	"200812"	"ЗАПАДНО-КАЗАХСТАНСКАЯ ОБЛАСТЬ"	"0"	"1 339 400 000.0"
"Валовой внутренний продукт методом производства на душу населения(Тысяч тенге казахских)"	"2003 год"	"200312"	"ЗАПАДНО-КАЗАХСТАНСКАЯ ОБЛАСТЬ"	"0"	"333 100 000.0"
"Валовой внутренний продукт методом производства на душу населения(Тысяч тенге казахских)"	"2001 год"	"200112"	"ЗАПАДНО-КАЗАХСТАНСКАЯ ОБЛАСТЬ"	"0"	"249 500 000.0"
"Валовой внутренний продукт методом производства на душу населения(Тысяч тенге казахских)"	"2007 год"	"200712"	"ЗАПАДНО-КАЗАХСТАНСКАЯ ОБЛАСТЬ"	"0"	"1 006 200 000.0"
"Валовой внутренний продукт методом производства на душу населения(Тысяч тенге казахских)"	"2005 год"	"200512"	"ЗАПАДНО-КАЗАХСТАНСКАЯ ОБЛАСТЬ"	"0"	"659 800 000.0"
"Валовой внутренний продукт методом производства на душу населения(Тысяч тенге казахских)"	"2002 год"	"200212"	"ЗАПАДНО-КАЗАХСТАНСКАЯ ОБЛАСТЬ"	"0"	"296 700 000.0"
"Валовой внутренний продукт методом производства на душу населения(Тысяч тенге казахских)"	"2000 год"	"200012"	"ЗАПАДНО-КАЗАХСТАНСКАЯ ОБЛАСТЬ"	"0"	"195 500 000.0"
"Валовой внутренний продукт методом производства на душу населения(Тысяч тенге казахских)"	"2004 год"	"200412"	"ЗАПАДНО-КАЗАХСТАНСКАЯ ОБЛАСТЬ"	"0"	"589 800 000.0"
"Валовой внутренний продукт методом производства на душу населения(Тысяч тенге казахских)"	"2014 год"	"201412"	"ЗАПАДНО-КАЗАХСТАНСКАЯ ОБЛАСТЬ"	"0"	"3 170 400 000.0"
"Валовой внутренний продукт методом производства на душу населения(Тысяч тенге казахских)"	"2016 год"	"201612"	"ЗАПАДНО-КАЗАХСТАНСКАЯ ОБЛАСТЬ"	"0"	"3 179 800 000.0"
"Валовой внутренний продукт методом производства на душу населения(Тысяч тенге казахских)"	"2015 год"	"201512"	"ЗАПАДНО-КАЗАХСТАНСКАЯ ОБЛАСТЬ"	"0"	"2 699 600 000.0"
"Валовой внутренний продукт методом производства на душу населения(Тысяч тенге казахских)"	"2017 год"	"201712"	"ЗАПАДНО-КАЗАХСТАНСКАЯ ОБЛАСТЬ"	"0"	"3 628 400 000.0"
"Валовой внутренний продукт методом производства на душу населения(Тысяч тенге казахских)"	"2019 год"	"201912"	"ЗАПАДНО-КАЗАХСТАНСКАЯ ОБЛАСТЬ"	"0"	"4 501 200 000.0"
"Валовой внутренний продукт методом производства на душу населения(Тысяч тенге казахских)"	"2020 год"	"202012"	"ЗАПАДНО-КАЗАХСТАНСКАЯ ОБЛАСТЬ"	"0"	"4 151 200 000.0"
"Валовой внутренний продукт методом производства на душу населения(Тысяч тенге казахских)"	"2018 год"	"201812"	"ЗАПАДНО-КАЗАХСТАНСКАЯ ОБЛАСТЬ"	"0"	"4 295 800 000.0"
"Валовой внутренний продукт методом производства на душу населения(Тысяч тенге казахских)"	"2022 год"	"202212"	"ЗАПАДНО-КАЗАХСТАНСКАЯ ОБЛАСТЬ"	"0"	"6 467 800 000.0"
"Валовой внутренний продукт методом производства на душу населения(Тысяч тенге казахских)"	"2023 год"	"202312"	"ЗАПАДНО-КАЗАХСТАНСКАЯ ОБЛАСТЬ"	"0"	"7 260 500 000 000.0"
"Валовой внутренний продукт методом производства на душу населения(Тысяч тенге казахских)"	"2024 год"	"202412"	"ЗАПАДНО-КАЗАХСТАНСКАЯ ОБЛАСТЬ"	"0"	"6 798 500 000.0"
"Валовой внутренний продукт методом производства на душу населения(Тысяч тенге казахских)"	"2009 год"	"200912"	"ЮЖНО-КАЗАХСТАНСКАЯ ОБЛАСТЬ"	"0"	"384 800 000.0"
"Валовой внутренний продукт методом производства на душу населения(Тысяч тенге казахских)"	"2006 год"	"200612"	"ЮЖНО-КАЗАХСТАНСКАЯ ОБЛАСТЬ"	"0"	"187 600 000.0"
"Валовой внутренний продукт методом производства на душу населения(Тысяч тенге казахских)"	"2008 год"	"200812"	"ЮЖНО-КАЗАХСТАНСКАЯ ОБЛАСТЬ"	"0"	"310 400 000.0"
"Валовой внутренний продукт методом производства на душу населения(Тысяч тенге казахских)"	"2003 год"	"200312"	"ЮЖНО-КАЗАХСТАНСКАЯ ОБЛАСТЬ"	"0"	"145 800 000.0"
"Валовой внутренний продукт методом производства на душу населения(Тысяч тенге казахских)"	"2001 год"	"200112"	"ЮЖНО-КАЗАХСТАНСКАЯ ОБЛАСТЬ"	"0"	"114 100 000.0"
"Валовой внутренний продукт методом производства на душу населения(Тысяч тенге казахских)"	"2007 год"	"200712"	"ЮЖНО-КАЗАХСТАНСКАЯ ОБЛАСТЬ"	"0"	"265 200 000.0"
"Валовой внутренний продукт методом производства на душу населения(Тысяч тенге казахских)"	"2005 год"	"200512"	"ЮЖНО-КАЗАХСТАНСКАЯ ОБЛАСТЬ"	"0"	"161 700 000.0"
"Валовой внутренний продукт методом производства на душу населения(Тысяч тенге казахских)"	"2002 год"	"200212"	"ЮЖНО-КАЗАХСТАНСКАЯ ОБЛАСТЬ"	"0"	"117 100 000.0"
"Валовой внутренний продукт методом производства на душу населения(Тысяч тенге казахских)"	"2000 год"	"200012"	"ЮЖНО-КАЗАХСТАНСКАЯ ОБЛАСТЬ"	"0"	"88 300 000.0"
"Валовой внутренний продукт методом производства на душу населения(Тысяч тенге казахских)"	"2004 год"	"200412"	"ЮЖНО-КАЗАХСТАНСКАЯ ОБЛАСТЬ"	"0"	"142 700 000.0"
"Валовой внутренний продукт методом производства на душу населения(Тысяч тенге казахских)"	"2014 год"	"201412"	"ЮЖНО-КАЗАХСТАНСКАЯ ОБЛАСТЬ"	"0"	"868 900 000.0"
"Валовой внутренний продукт методом производства на душу населения(Тысяч тенге казахских)"	"2016 год"	"201612"	"ЮЖНО-КАЗАХСТАНСКАЯ ОБЛАСТЬ"	"0"	"975 300 000.0"
"Валовой внутренний продукт методом производства на душу населения(Тысяч тенге казахских)"	"2015 год"	"201512"	"ЮЖНО-КАЗАХСТАНСКАЯ ОБЛАСТЬ"	"0"	"891 100 000.0"
"Валовой внутренний продукт методом производства на душу населения(Тысяч тенге казахских)"	"2017 год"	"201712"	"ЮЖНО-КАЗАХСТАНСКАЯ ОБЛАСТЬ"	"0"	"1 097 700 000.0"
"Валовой внутренний продукт методом производства на душу населения(Тысяч тенге казахских)"	"2009 год"	"200912"	"ПАВЛОДАРСКАЯ ОБЛАСТЬ"	"0"	"1 150 800 000.0"
"Валовой внутренний продукт методом производства на душу населения(Тысяч тенге казахских)"	"2006 год"	"200612"	"ПАВЛОДАРСКАЯ ОБЛАСТЬ"	"0"	"621 300 000.0"
"Валовой внутренний продукт методом производства на душу населения(Тысяч тенге казахских)"	"2008 год"	"200812"	"ПАВЛОДАРСКАЯ ОБЛАСТЬ"	"0"	"1 153 600 000.0"
"Валовой внутренний продукт методом производства на душу населения(Тысяч тенге казахских)"	"2003 год"	"200312"	"ПАВЛОДАРСКАЯ ОБЛАСТЬ"	"0"	"359 700 000.0"
"Валовой внутренний продукт методом производства на душу населения(Тысяч тенге казахских)"	"2001 год"	"200112"	"ПАВЛОДАРСКАЯ ОБЛАСТЬ"	"0"	"266 200 000.0"
"Валовой внутренний продукт методом производства на душу населения(Тысяч тенге казахских)"	"2007 год"	"200712"	"ПАВЛОДАРСКАЯ ОБЛАСТЬ"	"0"	"793 900 000.0"
"Валовой внутренний продукт методом производства на душу населения(Тысяч тенге казахских)"	"2005 год"	"200512"	"ПАВЛОДАРСКАЯ ОБЛАСТЬ"	"0"	"516 600 000.0"
"Валовой внутренний продукт методом производства на душу населения(Тысяч тенге казахских)"	"2002 год"	"200212"	"ПАВЛОДАРСКАЯ ОБЛАСТЬ"	"0"	"286 900 000.0"
"Валовой внутренний продукт методом производства на душу населения(Тысяч тенге казахских)"	"2000 год"	"200012"	"ПАВЛОДАРСКАЯ ОБЛАСТЬ"	"0"	"214 400 000.0"
"Валовой внутренний продукт методом производства на душу населения(Тысяч тенге казахских)"	"2004 год"	"200412"	"ПАВЛОДАРСКАЯ ОБЛАСТЬ"	"0"	"449 000 000.0"
"Валовой внутренний продукт методом производства на душу населения(Тысяч тенге казахских)"	"2014 год"	"201412"	"ПАВЛОДАРСКАЯ ОБЛАСТЬ"	"0"	"2 315 800 000.0"
"Валовой внутренний продукт методом производства на душу населения(Тысяч тенге казахских)"	"2016 год"	"201612"	"ПАВЛОДАРСКАЯ ОБЛАСТЬ"	"0"	"2 606 900 000.0"
"Валовой внутренний продукт методом производства на душу населения(Тысяч тенге казахских)"	"2015 год"	"201512"	"ПАВЛОДАРСКАЯ ОБЛАСТЬ"	"0"	"2 293 100 000.0"
"Валовой внутренний продукт методом производства на душу населения(Тысяч тенге казахских)"	"2017 год"	"201712"	"ПАВЛОДАРСКАЯ ОБЛАСТЬ"	"0"	"3 134 300 000.0"
"Валовой внутренний продукт методом производства на душу населения(Тысяч тенге казахских)"	"2019 год"	"201912"	"ПАВЛОДАРСКАЯ ОБЛАСТЬ"	"0"	"4 023 300 000.0"
"Валовой внутренний продукт методом производства на душу населения(Тысяч тенге казахских)"	"2020 год"	"202012"	"ПАВЛОДАРСКАЯ ОБЛАСТЬ"	"0"	"4 151 400 000.0"
"Валовой внутренний продукт методом производства на душу населения(Тысяч тенге казахских)"	"2018 год"	"201812"	"ПАВЛОДАРСКАЯ ОБЛАСТЬ"	"0"	"3 641 200 000.0"
"Валовой внутренний продукт методом производства на душу населения(Тысяч тенге казахских)"	"2022 год"	"202212"	"ПАВЛОДАРСКАЯ ОБЛАСТЬ"	"0"	"5 685 800 000.0"
"Валовой внутренний продукт методом производства на душу населения(Тысяч тенге казахских)"	"2023 год"	"202312"	"ПАВЛОДАРСКАЯ ОБЛАСТЬ"	"0"	"5 793 800 000 000.0"
"Валовой внутренний продукт методом производства на душу населения(Тысяч тенге казахских)"	"2024 год"	"202412"	"ПАВЛОДАРСКАЯ ОБЛАСТЬ"	"0"	"6 845 200 000.0"
"Валовой внутренний продукт методом производства на душу населения(Тысяч тенге казахских)"	"2009 год"	"200912"	"АКМОЛИНСКАЯ ОБЛАСТЬ"	"0"	"709 300 000.0"
"Валовой внутренний продукт методом производства на душу населения(Тысяч тенге казахских)"	"2006 год"	"200612"	"АКМОЛИНСКАЯ ОБЛАСТЬ"	"0"	"340 000 000.0"
"Валовой внутренний продукт методом производства на душу населения(Тысяч тенге казахских)"	"2008 год"	"200812"	"АКМОЛИНСКАЯ ОБЛАСТЬ"	"0"	"641 400 000.0"
"Валовой внутренний продукт методом производства на душу населения(Тысяч тенге казахских)"	"2003 год"	"200312"	"АКМОЛИНСКАЯ ОБЛАСТЬ"	"0"	"189 100 000.0"
"Валовой внутренний продукт методом производства на душу населения(Тысяч тенге казахских)"	"2001 год"	"200112"	"АКМОЛИНСКАЯ ОБЛАСТЬ"	"0"	"140 600 000.0"
"Валовой внутренний продукт методом производства на душу населения(Тысяч тенге казахских)"	"2007 год"	"200712"	"АКМОЛИНСКАЯ ОБЛАСТЬ"	"0"	"543 200 000.0"
"Валовой внутренний продукт методом производства на душу населения(Тысяч тенге казахских)"	"2005 год"	"200512"	"АКМОЛИНСКАЯ ОБЛАСТЬ"	"0"	"263 400 000.0"
"Валовой внутренний продукт методом производства на душу населения(Тысяч тенге казахских)"	"2002 год"	"200212"	"АКМОЛИНСКАЯ ОБЛАСТЬ"	"0"	"155 200 000.0"
"Валовой внутренний продукт методом производства на душу населения(Тысяч тенге казахских)"	"2000 год"	"200012"	"АКМОЛИНСКАЯ ОБЛАСТЬ"	"0"	"105 300 000.0"
"Валовой внутренний продукт методом производства на душу населения(Тысяч тенге казахских)"	"2004 год"	"200412"	"АКМОЛИНСКАЯ ОБЛАСТЬ"	"0"	"222 100 000.0"
"Валовой внутренний продукт методом производства на душу населения(Тысяч тенге казахских)"	"2014 год"	"201412"	"АКМОЛИНСКАЯ ОБЛАСТЬ"	"0"	"1 427 900 000.0"
"Валовой внутренний продукт методом производства на душу населения(Тысяч тенге казахских)"	"2016 год"	"201612"	"АКМОЛИНСКАЯ ОБЛАСТЬ"	"0"	"1 818 200 000.0"
"Валовой внутренний продукт методом производства на душу населения(Тысяч тенге казахских)"	"2015 год"	"201512"	"АКМОЛИНСКАЯ ОБЛАСТЬ"	"0"	"1 513 900 000.0"
"Валовой внутренний продукт методом производства на душу населения(Тысяч тенге казахских)"	"2017 год"	"201712"	"АКМОЛИНСКАЯ ОБЛАСТЬ"	"0"	"2 107 800 000.0"
"Валовой внутренний продукт методом производства на душу населения(Тысяч тенге казахских)"	"2019 год"	"201912"	"АКМОЛИНСКАЯ ОБЛАСТЬ"	"0"	"2 621 200 000.0"
"Валовой внутренний продукт методом производства на душу населения(Тысяч тенге казахских)"	"2020 год"	"202012"	"АКМОЛИНСКАЯ ОБЛАСТЬ"	"0"	"3 102 500 000.0"
"Валовой внутренний продукт методом производства на душу населения(Тысяч тенге казахских)"	"2018 год"	"201812"	"АКМОЛИНСКАЯ ОБЛАСТЬ"	"0"	"2 301 000 000.0"
"Валовой внутренний продукт методом производства на душу населения(Тысяч тенге казахских)"	"2022 год"	"202212"	"АКМОЛИНСКАЯ ОБЛАСТЬ"	"0"	"4 428 500 000.0"
"Валовой внутренний продукт методом производства на душу населения(Тысяч тенге казахских)"	"2023 год"	"202312"	"АКМОЛИНСКАЯ ОБЛАСТЬ"	"0"	"4 655 300 000 000.0"
"Валовой внутренний продукт методом производства на душу населения(Тысяч тенге казахских)"	"2024 год"	"202412"	"АКМОЛИНСКАЯ ОБЛАСТЬ"	"0"	"5 332 700 000.0"
"Валовой внутренний продукт методом производства на душу населения(Тысяч тенге казахских)"	"2009 год"	"200912"	"АКТЮБИНСКАЯ ОБЛАСТЬ"	"0"	"1 193 100 000.0"
"Валовой внутренний продукт методом производства на душу населения(Тысяч тенге казахских)"	"2006 год"	"200612"	"АКТЮБИНСКАЯ ОБЛАСТЬ"	"0"	"748 100 000.0"
"Валовой внутренний продукт методом производства на душу населения(Тысяч тенге казахских)"	"2008 год"	"200812"	"АКТЮБИНСКАЯ ОБЛАСТЬ"	"0"	"1 231 100 000.0"
"Валовой внутренний продукт методом производства на душу населения(Тысяч тенге казахских)"	"2003 год"	"200312"	"АКТЮБИНСКАЯ ОБЛАСТЬ"	"0"	"353 200 000.0"
"Валовой внутренний продукт методом производства на душу населения(Тысяч тенге казахских)"	"2001 год"	"200112"	"АКТЮБИНСКАЯ ОБЛАСТЬ"	"0"	"219 700 000.0"
"Валовой внутренний продукт методом производства на душу населения(Тысяч тенге казахских)"	"2007 год"	"200712"	"АКТЮБИНСКАЯ ОБЛАСТЬ"	"0"	"970 500 000.0"
"Валовой внутренний продукт методом производства на душу населения(Тысяч тенге казахских)"	"2005 год"	"200512"	"АКТЮБИНСКАЯ ОБЛАСТЬ"	"0"	"604 900 000.0"
"Валовой внутренний продукт методом производства на душу населения(Тысяч тенге казахских)"	"2002 год"	"200212"	"АКТЮБИНСКАЯ ОБЛАСТЬ"	"0"	"268 700 000.0"
"Валовой внутренний продукт методом производства на душу населения(Тысяч тенге казахских)"	"2000 год"	"200012"	"АКТЮБИНСКАЯ ОБЛАСТЬ"	"0"	"175 200 000.0"
"Валовой внутренний продукт методом производства на душу населения(Тысяч тенге казахских)"	"2004 год"	"200412"	"АКТЮБИНСКАЯ ОБЛАСТЬ"	"0"	"438 100 000.0"
"Валовой внутренний продукт методом производства на душу населения(Тысяч тенге казахских)"	"2014 год"	"201412"	"АКТЮБИНСКАЯ ОБЛАСТЬ"	"0"	"2 361 400 000.0"
"Валовой внутренний продукт методом производства на душу населения(Тысяч тенге казахских)"	"2016 год"	"201612"	"АКТЮБИНСКАЯ ОБЛАСТЬ"	"0"	"2 464 900 000.0"
"Валовой внутренний продукт методом производства на душу населения(Тысяч тенге казахских)"	"2015 год"	"201512"	"АКТЮБИНСКАЯ ОБЛАСТЬ"	"0"	"2 135 000 000.0"
"Валовой внутренний продукт методом производства на душу населения(Тысяч тенге казахских)"	"2017 год"	"201712"	"АКТЮБИНСКАЯ ОБЛАСТЬ"	"0"	"2 749 700 000.0"
"Валовой внутренний продукт методом производства на душу населения(Тысяч тенге казахских)"	"2019 год"	"201912"	"АКТЮБИНСКАЯ ОБЛАСТЬ"	"0"	"3 396 800 000.0"
"Валовой внутренний продукт методом производства на душу населения(Тысяч тенге казахских)"	"2020 год"	"202012"	"АКТЮБИНСКАЯ ОБЛАСТЬ"	"0"	"3 329 800 000.0"
"Валовой внутренний продукт методом производства на душу населения(Тысяч тенге казахских)"	"2018 год"	"201812"	"АКТЮБИНСКАЯ ОБЛАСТЬ"	"0"	"3 136 000 000.0"
"Валовой внутренний продукт методом производства на душу населения(Тысяч тенге казахских)"	"2022 год"	"202212"	"АКТЮБИНСКАЯ ОБЛАСТЬ"	"0"	"4 788 200 000.0"
"Валовой внутренний продукт методом производства на душу населения(Тысяч тенге казахских)"	"2023 год"	"202312"	"АКТЮБИНСКАЯ ОБЛАСТЬ"	"0"	"4 484 500 000 000.0"
"Валовой внутренний продукт методом производства на душу населения(Тысяч тенге казахских)"	"2024 год"	"202412"	"АКТЮБИНСКАЯ ОБЛАСТЬ"	"0"	"5 251 700 000.0"
"Валовой внутренний продукт методом производства на душу населения(Тысяч тенге казахских)"	"2009 год"	"200912"	"АЛМАТИНСКАЯ ОБЛАСТЬ"	"0"	"460 300 000.0"
"Валовой внутренний продукт методом производства на душу населения(Тысяч тенге казахских)"	"2006 год"	"200612"	"АЛМАТИНСКАЯ ОБЛАСТЬ"	"0"	"253 500 000.0"
"Валовой внутренний продукт методом производства на душу населения(Тысяч тенге казахских)"	"2008 год"	"200812"	"АЛМАТИНСКАЯ ОБЛАСТЬ"	"0"	"409 200 000.0"
"Валовой внутренний продукт методом производства на душу населения(Тысяч тенге казахских)"	"2003 год"	"200312"	"АЛМАТИНСКАЯ ОБЛАСТЬ"	"0"	"147 300 000.0"
"Валовой внутренний продукт методом производства на душу населения(Тысяч тенге казахских)"	"2001 год"	"200112"	"АЛМАТИНСКАЯ ОБЛАСТЬ"	"0"	"102 100 000.0"
"Валовой внутренний продукт методом производства на душу населения(Тысяч тенге казахских)"	"2007 год"	"200712"	"АЛМАТИНСКАЯ ОБЛАСТЬ"	"0"	"337 400 000.0"
"Валовой внутренний продукт методом производства на душу населения(Тысяч тенге казахских)"	"2005 год"	"200512"	"АЛМАТИНСКАЯ ОБЛАСТЬ"	"0"	"202 100 000.0"
"Валовой внутренний продукт методом производства на душу населения(Тысяч тенге казахских)"	"2002 год"	"200212"	"АЛМАТИНСКАЯ ОБЛАСТЬ"	"0"	"119 200 000.0"
"Валовой внутренний продукт методом производства на душу населения(Тысяч тенге казахских)"	"2000 год"	"200012"	"АЛМАТИНСКАЯ ОБЛАСТЬ"	"0"	"80 100 000.0"
"Валовой внутренний продукт методом производства на душу населения(Тысяч тенге казахских)"	"2004 год"	"200412"	"АЛМАТИНСКАЯ ОБЛАСТЬ"	"0"	"163 500 000.0"
"Валовой внутренний продукт методом производства на душу населения(Тысяч тенге казахских)"	"2014 год"	"201412"	"АЛМАТИНСКАЯ ОБЛАСТЬ"	"0"	"1 002 100 000.0"
"Валовой внутренний продукт методом производства на душу населения(Тысяч тенге казахских)"	"2016 год"	"201612"	"АЛМАТИНСКАЯ ОБЛАСТЬ"	"0"	"1 114 200 000.0"
"Валовой внутренний продукт методом производства на душу населения(Тысяч тенге казахских)"	"2015 год"	"201512"	"АЛМАТИНСКАЯ ОБЛАСТЬ"	"0"	"1 021 300 000.0"
"Валовой внутренний продукт методом производства на душу населения(Тысяч тенге казахских)"	"2017 год"	"201712"	"АЛМАТИНСКАЯ ОБЛАСТЬ"	"0"	"1 235 800 000.0"
"Валовой внутренний продукт методом производства на душу населения(Тысяч тенге казахских)"	"2019 год"	"201912"	"АЛМАТИНСКАЯ ОБЛАСТЬ"	"0"	"1 585 500 000.0"
"Валовой внутренний продукт методом производства на душу населения(Тысяч тенге казахских)"	"2020 год"	"202012"	"АЛМАТИНСКАЯ ОБЛАСТЬ"	"0"	"1 805 200 000.0"
"Валовой внутренний продукт методом производства на душу населения(Тысяч тенге казахских)"	"2018 год"	"201812"	"АЛМАТИНСКАЯ ОБЛАСТЬ"	"0"	"1 378 000 000.0"
"Валовой внутренний продукт методом производства на душу населения(Тысяч тенге казахских)"	"2022 год"	"202212"	"АЛМАТИНСКАЯ ОБЛАСТЬ"	"0"	"2 860 000 000.0"
"Валовой внутренний продукт методом производства на душу населения(Тысяч тенге казахских)"	"2023 год"	"202312"	"АЛМАТИНСКАЯ ОБЛАСТЬ"	"0"	"3 504 800 000 000.0"
"Валовой внутренний продукт методом производства на душу населения(Тысяч тенге казахских)"	"2024 год"	"202412"	"АЛМАТИНСКАЯ ОБЛАСТЬ"	"0"	"3 908 100 000.0"
"Валовой внутренний продукт методом производства на душу населения(Тысяч тенге казахских)"	"2009 год"	"200912"	"КАРАГАНДИНСКАЯ ОБЛАСТЬ"	"0"	"1 123 500 000.0"
"Валовой внутренний продукт методом производства на душу населения(Тысяч тенге казахских)"	"2006 год"	"200612"	"КАРАГАНДИНСКАЯ ОБЛАСТЬ"	"0"	"690 100 000.0"
"Валовой внутренний продукт методом производства на душу населения(Тысяч тенге казахских)"	"2008 год"	"200812"	"КАРАГАНДИНСКАЯ ОБЛАСТЬ"	"0"	"1 088 400 000.0"
"Валовой внутренний продукт методом производства на душу населения(Тысяч тенге казахских)"	"2003 год"	"200312"	"КАРАГАНДИНСКАЯ ОБЛАСТЬ"	"0"	"333 600 000.0"
"Валовой внутренний продукт методом производства на душу населения(Тысяч тенге казахских)"	"2001 год"	"200112"	"КАРАГАНДИНСКАЯ ОБЛАСТЬ"	"0"	"249 300 000.0"
"Валовой внутренний продукт методом производства на душу населения(Тысяч тенге казахских)"	"2007 год"	"200712"	"КАРАГАНДИНСКАЯ ОБЛАСТЬ"	"0"	"853 500 000.0"
"Валовой внутренний продукт методом производства на душу населения(Тысяч тенге казахских)"	"2005 год"	"200512"	"КАРАГАНДИНСКАЯ ОБЛАСТЬ"	"0"	"509 900 000.0"
"Валовой внутренний продукт методом производства на душу населения(Тысяч тенге казахских)"	"2002 год"	"200212"	"КАРАГАНДИНСКАЯ ОБЛАСТЬ"	"0"	"276 700 000.0"
"Валовой внутренний продукт методом производства на душу населения(Тысяч тенге казахских)"	"2000 год"	"200012"	"КАРАГАНДИНСКАЯ ОБЛАСТЬ"	"0"	"217 700 000.0"
"Валовой внутренний продукт методом производства на душу населения(Тысяч тенге казахских)"	"2004 год"	"200412"	"КАРАГАНДИНСКАЯ ОБЛАСТЬ"	"0"	"382 300 000.0"
"Валовой внутренний продукт методом производства на душу населения(Тысяч тенге казахских)"	"2014 год"	"201412"	"КАРАГАНДИНСКАЯ ОБЛАСТЬ"	"0"	"2 110 600 000.0"
"Валовой внутренний продукт методом производства на душу населения(Тысяч тенге казахских)"	"2016 год"	"201612"	"КАРАГАНДИНСКАЯ ОБЛАСТЬ"	"0"	"2 682 600 000.0"
"Валовой внутренний продукт методом производства на душу населения(Тысяч тенге казахских)"	"2015 год"	"201512"	"КАРАГАНДИНСКАЯ ОБЛАСТЬ"	"0"	"2 248 900 000.0"
"Валовой внутренний продукт методом производства на душу населения(Тысяч тенге казахских)"	"2017 год"	"201712"	"КАРАГАНДИНСКАЯ ОБЛАСТЬ"	"0"	"3 100 900 000.0"
"Валовой внутренний продукт методом производства на душу населения(Тысяч тенге казахских)"	"2019 год"	"201912"	"КАРАГАНДИНСКАЯ ОБЛАСТЬ"	"0"	"3 911 000 000.0"
"Валовой внутренний продукт методом производства на душу населения(Тысяч тенге казахских)"	"2020 год"	"202012"	"КАРАГАНДИНСКАЯ ОБЛАСТЬ"	"0"	"4 431 700 000.0"
"Валовой внутренний продукт методом производства на душу населения(Тысяч тенге казахских)"	"2018 год"	"201812"	"КАРАГАНДИНСКАЯ ОБЛАСТЬ"	"0"	"3 431 900 000.0"
"Валовой внутренний продукт методом производства на душу населения(Тысяч тенге казахских)"	"2022 год"	"202212"	"КАРАГАНДИНСКАЯ ОБЛАСТЬ"	"0"	"6 412 900 000.0"
"Валовой внутренний продукт методом производства на душу населения(Тысяч тенге казахских)"	"2023 год"	"202312"	"КАРАГАНДИНСКАЯ ОБЛАСТЬ"	"0"	"6 793 900 000 000.0"
"Валовой внутренний продукт методом производства на душу населения(Тысяч тенге казахских)"	"2024 год"	"202412"	"КАРАГАНДИНСКАЯ ОБЛАСТЬ"	"0"	"7 984 400 000.0"
"Валовой внутренний продукт методом производства на душу населения(Тысяч тенге казахских)"	"2009 год"	"200912"	"ВОСТОЧНО-КАЗАХСТАНСКАЯ ОБЛАСТЬ"	"0"	"693 600 000.0"
"Валовой внутренний продукт методом производства на душу населения(Тысяч тенге казахских)"	"2006 год"	"200612"	"ВОСТОЧНО-КАЗАХСТАНСКАЯ ОБЛАСТЬ"	"0"	"430 800 000.0"
"Валовой внутренний продукт методом производства на душу населения(Тысяч тенге казахских)"	"2008 год"	"200812"	"ВОСТОЧНО-КАЗАХСТАНСКАЯ ОБЛАСТЬ"	"0"	"627 900 000.0"
"Валовой внутренний продукт методом производства на душу населения(Тысяч тенге казахских)"	"2003 год"	"200312"	"ВОСТОЧНО-КАЗАХСТАНСКАЯ ОБЛАСТЬ"	"0"	"228 900 000.0"
"Валовой внутренний продукт методом производства на душу населения(Тысяч тенге казахских)"	"2001 год"	"200112"	"ВОСТОЧНО-КАЗАХСТАНСКАЯ ОБЛАСТЬ"	"0"	"188 200 000.0"
"Валовой внутренний продукт методом производства на душу населения(Тысяч тенге казахских)"	"2007 год"	"200712"	"ВОСТОЧНО-КАЗАХСТАНСКАЯ ОБЛАСТЬ"	"0"	"563 400 000.0"
"Валовой внутренний продукт методом производства на душу населения(Тысяч тенге казахских)"	"2005 год"	"200512"	"ВОСТОЧНО-КАЗАХСТАНСКАЯ ОБЛАСТЬ"	"0"	"325 400 000.0"
"Валовой внутренний продукт методом производства на душу населения(Тысяч тенге казахских)"	"2002 год"	"200212"	"ВОСТОЧНО-КАЗАХСТАНСКАЯ ОБЛАСТЬ"	"0"	"199 000 000.0"
"Валовой внутренний продукт методом производства на душу населения(Тысяч тенге казахских)"	"2000 год"	"200012"	"ВОСТОЧНО-КАЗАХСТАНСКАЯ ОБЛАСТЬ"	"0"	"158 400 000.0"
"Валовой внутренний продукт методом производства на душу населения(Тысяч тенге казахских)"	"2004 год"	"200412"	"ВОСТОЧНО-КАЗАХСТАНСКАЯ ОБЛАСТЬ"	"0"	"270 600 000.0"
"Валовой внутренний продукт методом производства на душу населения(Тысяч тенге казахских)"	"2014 год"	"201412"	"ВОСТОЧНО-КАЗАХСТАНСКАЯ ОБЛАСТЬ"	"0"	"1 636 700 000.0"
"Валовой внутренний продукт методом производства на душу населения(Тысяч тенге казахских)"	"2016 год"	"201612"	"ВОСТОЧНО-КАЗАХСТАНСКАЯ ОБЛАСТЬ"	"0"	"2 006 000 000.0"
"Валовой внутренний продукт методом производства на душу населения(Тысяч тенге казахских)"	"2015 год"	"201512"	"ВОСТОЧНО-КАЗАХСТАНСКАЯ ОБЛАСТЬ"	"0"	"1 656 200 000.0"
"Валовой внутренний продукт методом производства на душу населения(Тысяч тенге казахских)"	"2017 год"	"201712"	"ВОСТОЧНО-КАЗАХСТАНСКАЯ ОБЛАСТЬ"	"0"	"2 289 500 000.0"
"Валовой внутренний продукт методом производства на душу населения(Тысяч тенге казахских)"	"2019 год"	"201912"	"ВОСТОЧНО-КАЗАХСТАНСКАЯ ОБЛАСТЬ"	"0"	"2 929 200 000.0"
"Валовой внутренний продукт методом производства на душу населения(Тысяч тенге казахских)"	"2020 год"	"202012"	"ВОСТОЧНО-КАЗАХСТАНСКАЯ ОБЛАСТЬ"	"0"	"3 369 800 000.0"
"Валовой внутренний продукт методом производства на душу населения(Тысяч тенге казахских)"	"2018 год"	"201812"	"ВОСТОЧНО-КАЗАХСТАНСКАЯ ОБЛАСТЬ"	"0"	"2 598 800 000.0"
"Валовой внутренний продукт методом производства на душу населения(Тысяч тенге казахских)"	"2022 год"	"202212"	"ВОСТОЧНО-КАЗАХСТАНСКАЯ ОБЛАСТЬ"	"0"	"5 353 800 000.0"
"Валовой внутренний продукт методом производства на душу населения(Тысяч тенге казахских)"	"2023 год"	"202312"	"ВОСТОЧНО-КАЗАХСТАНСКАЯ ОБЛАСТЬ"	"0"	"6 119 600 000 000.0"
"Валовой внутренний продукт методом производства на душу населения(Тысяч тенге казахских)"	"2024 год"	"202412"	"ВОСТОЧНО-КАЗАХСТАНСКАЯ ОБЛАСТЬ"	"0"	"6 940 100 000.0"
"Валовой внутренний продукт методом производства на душу населения(Тысяч тенге казахских)"	"2009 год"	"200912"	"ЖАМБЫЛСКАЯ ОБЛАСТЬ"	"0"	"336 300 000.0"
"Валовой внутренний продукт методом производства на душу населения(Тысяч тенге казахских)"	"2006 год"	"200612"	"ЖАМБЫЛСКАЯ ОБЛАСТЬ"	"0"	"191 200 000.0"
"Валовой внутренний продукт методом производства на душу населения(Тысяч тенге казахских)"	"2008 год"	"200812"	"ЖАМБЫЛСКАЯ ОБЛАСТЬ"	"0"	"316 900 000.0"
"Валовой внутренний продукт методом производства на душу населения(Тысяч тенге казахских)"	"2003 год"	"200312"	"ЖАМБЫЛСКАЯ ОБЛАСТЬ"	"0"	"121 600 000.0"
"Валовой внутренний продукт методом производства на душу населения(Тысяч тенге казахских)"	"2001 год"	"200112"	"ЖАМБЫЛСКАЯ ОБЛАСТЬ"	"0"	"71 200 000.0"
"Валовой внутренний продукт методом производства на душу населения(Тысяч тенге казахских)"	"2007 год"	"200712"	"ЖАМБЫЛСКАЯ ОБЛАСТЬ"	"0"	"262 800 000.0"
"Валовой внутренний продукт методом производства на душу населения(Тысяч тенге казахских)"	"2005 год"	"200512"	"ЖАМБЫЛСКАЯ ОБЛАСТЬ"	"0"	"169 100 000.0"
"Валовой внутренний продукт методом производства на душу населения(Тысяч тенге казахских)"	"2002 год"	"200212"	"ЖАМБЫЛСКАЯ ОБЛАСТЬ"	"0"	"84 700 000.0"
"Валовой внутренний продукт методом производства на душу населения(Тысяч тенге казахских)"	"2000 год"	"200012"	"ЖАМБЫЛСКАЯ ОБЛАСТЬ"	"0"	"58 700 000.0"
"Валовой внутренний продукт методом производства на душу населения(Тысяч тенге казахских)"	"2004 год"	"200412"	"ЖАМБЫЛСКАЯ ОБЛАСТЬ"	"0"	"138 800 000.0"
"Валовой внутренний продукт методом производства на душу населения(Тысяч тенге казахских)"	"2014 год"	"201412"	"ЖАМБЫЛСКАЯ ОБЛАСТЬ"	"0"	"897 400 000.0"
"Валовой внутренний продукт методом производства на душу населения(Тысяч тенге казахских)"	"2016 год"	"201612"	"ЖАМБЫЛСКАЯ ОБЛАСТЬ"	"0"	"1 062 700 000.0"
"Валовой внутренний продукт методом производства на душу населения(Тысяч тенге казахских)"	"2015 год"	"201512"	"ЖАМБЫЛСКАЯ ОБЛАСТЬ"	"0"	"918 300 000.0"
"Валовой внутренний продукт методом производства на душу населения(Тысяч тенге казахских)"	"2017 год"	"201712"	"ЖАМБЫЛСКАЯ ОБЛАСТЬ"	"0"	"1 210 000 000.0"
"Валовой внутренний продукт методом производства на душу населения(Тысяч тенге казахских)"	"2019 год"	"201912"	"ЖАМБЫЛСКАЯ ОБЛАСТЬ"	"0"	"1 518 800 000.0"
"Валовой внутренний продукт методом производства на душу населения(Тысяч тенге казахских)"	"2020 год"	"202012"	"ЖАМБЫЛСКАЯ ОБЛАСТЬ"	"0"	"1 675 800 000.0"
"Валовой внутренний продукт методом производства на душу населения(Тысяч тенге казахских)"	"2018 год"	"201812"	"ЖАМБЫЛСКАЯ ОБЛАСТЬ"	"0"	"1 366 400 000.0"
"Валовой внутренний продукт методом производства на душу населения(Тысяч тенге казахских)"	"2022 год"	"202212"	"ЖАМБЫЛСКАЯ ОБЛАСТЬ"	"0"	"2 212 200 000.0"
"Валовой внутренний продукт методом производства на душу населения(Тысяч тенге казахских)"	"2023 год"	"202312"	"ЖАМБЫЛСКАЯ ОБЛАСТЬ"	"0"	"2 397 600 000 000.0"
"Валовой внутренний продукт методом производства на душу населения(Тысяч тенге казахских)"	"2024 год"	"202412"	"ЖАМБЫЛСКАЯ ОБЛАСТЬ"	"0"	"2 577 000 000.0"
"Валовой внутренний продукт методом производства на душу населения(Тысяч тенге казахских)"	"2009 год"	"200912"	"МАНГИСТАУСКАЯ ОБЛАСТЬ"	"0"	"2 542 500 000.0"
"Валовой внутренний продукт методом производства на душу населения(Тысяч тенге казахских)"	"2006 год"	"200612"	"МАНГИСТАУСКАЯ ОБЛАСТЬ"	"0"	"1 552 900 000.0"
"Валовой внутренний продукт методом производства на душу населения(Тысяч тенге казахских)"	"2008 год"	"200812"	"МАНГИСТАУСКАЯ ОБЛАСТЬ"	"0"	"2 631 000 000.0"
"Валовой внутренний продукт методом производства на душу населения(Тысяч тенге казахских)"	"2003 год"	"200312"	"МАНГИСТАУСКАЯ ОБЛАСТЬ"	"0"	"633 400 000.0"
"Валовой внутренний продукт методом производства на душу населения(Тысяч тенге казахских)"	"2001 год"	"200112"	"МАНГИСТАУСКАЯ ОБЛАСТЬ"	"0"	"455 000 000.0"
"Валовой внутренний продукт методом производства на душу населения(Тысяч тенге казахских)"	"2007 год"	"200712"	"МАНГИСТАУСКАЯ ОБЛАСТЬ"	"0"	"1 896 200 000.0"
"Валовой внутренний продукт методом производства на душу населения(Тысяч тенге казахских)"	"2005 год"	"200512"	"МАНГИСТАУСКАЯ ОБЛАСТЬ"	"0"	"1 174 200 000.0"
"Валовой внутренний продукт методом производства на душу населения(Тысяч тенге казахских)"	"2002 год"	"200212"	"МАНГИСТАУСКАЯ ОБЛАСТЬ"	"0"	"599 300 000.0"
"Валовой внутренний продукт методом производства на душу населения(Тысяч тенге казахских)"	"2000 год"	"200012"	"МАНГИСТАУСКАЯ ОБЛАСТЬ"	"0"	"407 900 000.0"
"Валовой внутренний продукт методом производства на душу населения(Тысяч тенге казахских)"	"2004 год"	"200412"	"МАНГИСТАУСКАЯ ОБЛАСТЬ"	"0"	"831 600 000.0"
"Валовой внутренний продукт методом производства на душу населения(Тысяч тенге казахских)"	"2014 год"	"201412"	"МАНГИСТАУСКАЯ ОБЛАСТЬ"	"0"	"4 049 600 000.0"
"Валовой внутренний продукт методом производства на душу населения(Тысяч тенге казахских)"	"2016 год"	"201612"	"МАНГИСТАУСКАЯ ОБЛАСТЬ"	"0"	"3 880 600 000.0"
"Валовой внутренний продукт методом производства на душу населения(Тысяч тенге казахских)"	"2015 год"	"201512"	"МАНГИСТАУСКАЯ ОБЛАСТЬ"	"0"	"3 443 000 000.0"
"Валовой внутренний продукт методом производства на душу населения(Тысяч тенге казахских)"	"2017 год"	"201712"	"МАНГИСТАУСКАЯ ОБЛАСТЬ"	"0"	"5 058 800 000.0"
"Валовой внутренний продукт методом производства на душу населения(Тысяч тенге казахских)"	"2019 год"	"201912"	"МАНГИСТАУСКАЯ ОБЛАСТЬ"	"0"	"5 352 800 000.0"
"Валовой внутренний продукт методом производства на душу населения(Тысяч тенге казахских)"	"2020 год"	"202012"	"МАНГИСТАУСКАЯ ОБЛАСТЬ"	"0"	"4 335 100 000.0"
"Валовой внутренний продукт методом производства на душу населения(Тысяч тенге казахских)"	"2018 год"	"201812"	"МАНГИСТАУСКАЯ ОБЛАСТЬ"	"0"	"5 682 400 000.0"
"Валовой внутренний продукт методом производства на душу населения(Тысяч тенге казахских)"	"2022 год"	"202212"	"МАНГИСТАУСКАЯ ОБЛАСТЬ"	"0"	"5 817 800 000.0"
"Валовой внутренний продукт методом производства на душу населения(Тысяч тенге казахских)"	"2023 год"	"202312"	"МАНГИСТАУСКАЯ ОБЛАСТЬ"	"0"	"6 176 200 000 000.0"
"Валовой внутренний продукт методом производства на душу населения(Тысяч тенге казахских)"	"2024 год"	"202412"	"МАНГИСТАУСКАЯ ОБЛАСТЬ"	"0"	"6 287 900 000.0"
"Валовой внутренний продукт методом производства на душу населения(Тысяч тенге казахских)"	"2009 год"	"200912"	"АТЫРАУСКАЯ ОБЛАСТЬ"	"0"	"3 881 600 000.0"
"Валовой внутренний продукт методом производства на душу населения(Тысяч тенге казахских)"	"2006 год"	"200612"	"АТЫРАУСКАЯ ОБЛАСТЬ"	"0"	"2 296 200 000.0"
"Валовой внутренний продукт методом производства на душу населения(Тысяч тенге казахских)"	"2008 год"	"200812"	"АТЫРАУСКАЯ ОБЛАСТЬ"	"0"	"3 626 000 000.0"
"Валовой внутренний продукт методом производства на душу населения(Тысяч тенге казахских)"	"2003 год"	"200312"	"АТЫРАУСКАЯ ОБЛАСТЬ"	"0"	"1 065 000 000.0"
"Валовой внутренний продукт методом производства на душу населения(Тысяч тенге казахских)"	"2001 год"	"200112"	"АТЫРАУСКАЯ ОБЛАСТЬ"	"0"	"658 400 000.0"
"Валовой внутренний продукт методом производства на душу населения(Тысяч тенге казахских)"	"2007 год"	"200712"	"АТЫРАУСКАЯ ОБЛАСТЬ"	"0"	"2 541 700 000.0"
"Валовой внутренний продукт методом производства на душу населения(Тысяч тенге казахских)"	"2005 год"	"200512"	"АТЫРАУСКАЯ ОБЛАСТЬ"	"0"	"1 727 300 000.0"
"Валовой внутренний продукт методом производства на душу населения(Тысяч тенге казахских)"	"2002 год"	"200212"	"АТЫРАУСКАЯ ОБЛАСТЬ"	"0"	"866 000 000.0"
"Валовой внутренний продукт методом производства на душу населения(Тысяч тенге казахских)"	"2000 год"	"200012"	"АТЫРАУСКАЯ ОБЛАСТЬ"	"0"	"554 500 000.0"
"Валовой внутренний продукт методом производства на душу населения(Тысяч тенге казахских)"	"2004 год"	"200412"	"АТЫРАУСКАЯ ОБЛАСТЬ"	"0"	"1 389 500 000.0"
"Валовой внутренний продукт методом производства на душу населения(Тысяч тенге казахских)"	"2014 год"	"201412"	"АТЫРАУСКАЯ ОБЛАСТЬ"	"0"	"7 553 300 000.0"
"Валовой внутренний продукт методом производства на душу населения(Тысяч тенге казахских)"	"2016 год"	"201612"	"АТЫРАУСКАЯ ОБЛАСТЬ"	"0"	"8 653 100 000.0"
"Валовой внутренний продукт методом производства на душу населения(Тысяч тенге казахских)"	"2015 год"	"201512"	"АТЫРАУСКАЯ ОБЛАСТЬ"	"0"	"7 171 200 000.0"
"Валовой внутренний продукт методом производства на душу населения(Тысяч тенге казахских)"	"2017 год"	"201712"	"АТЫРАУСКАЯ ОБЛАСТЬ"	"0"	"9 685 100 000.0"
"Валовой внутренний продукт методом производства на душу населения(Тысяч тенге казахских)"	"2019 год"	"201912"	"АТЫРАУСКАЯ ОБЛАСТЬ"	"0"	"14 584 400 000.0"
"Валовой внутренний продукт методом производства на душу населения(Тысяч тенге казахских)"	"2020 год"	"202012"	"АТЫРАУСКАЯ ОБЛАСТЬ"	"0"	"11 883 200 000.0"
"Валовой внутренний продукт методом производства на душу населения(Тысяч тенге казахских)"	"2018 год"	"201812"	"АТЫРАУСКАЯ ОБЛАСТЬ"	"0"	"12 465 400 000.0"
"Валовой внутренний продукт методом производства на душу населения(Тысяч тенге казахских)"	"2022 год"	"202212"	"АТЫРАУСКАЯ ОБЛАСТЬ"	"0"	"19 974 100 000.0"
"Валовой внутренний продукт методом производства на душу населения(Тысяч тенге казахских)"	"2023 год"	"202312"	"АТЫРАУСКАЯ ОБЛАСТЬ"	"0"	"21 812 500 000 000.0"
"Валовой внутренний продукт методом производства на душу населения(Тысяч тенге казахских)"	"2024 год"	"202412"	"АТЫРАУСКАЯ ОБЛАСТЬ"	"0"	"21 177 500 000.0"
"Валовой внутренний продукт методом производства на душу населения(Тысяч тенге казахских)"	"2009 год"	"200912"	"Г.АСТАНА"	"0"	"2 075 200 000.0"
"Валовой внутренний продукт методом производства на душу населения(Тысяч тенге казахских)"	"2006 год"	"200612"	"Г.АСТАНА"	"0"	"1 701 800 000.0"
"Валовой внутренний продукт методом производства на душу населения(Тысяч тенге казахских)"	"2008 год"	"200812"	"Г.АСТАНА"	"0"	"2 080 200 000.0"
"Валовой внутренний продукт методом производства на душу населения(Тысяч тенге казахских)"	"2003 год"	"200312"	"Г.АСТАНА"	"0"	"596 800 000.0"
"Валовой внутренний продукт методом производства на душу населения(Тысяч тенге казахских)"	"2001 год"	"200112"	"Г.АСТАНА"	"0"	"438 100 000.0"
"Валовой внутренний продукт методом производства на душу населения(Тысяч тенге казахских)"	"2007 год"	"200712"	"Г.АСТАНА"	"0"	"1 927 000 000.0"
"Валовой внутренний продукт методом производства на душу населения(Тысяч тенге казахских)"	"2005 год"	"200512"	"Г.АСТАНА"	"0"	"1 318 000 000.0"
"Валовой внутренний продукт методом производства на душу населения(Тысяч тенге казахских)"	"2002 год"	"200212"	"Г.АСТАНА"	"0"	"463 800 000.0"
"Валовой внутренний продукт методом производства на душу населения(Тысяч тенге казахских)"	"2000 год"	"200012"	"Г.АСТАНА"	"0"	"328 600 000.0"
"Валовой внутренний продукт методом производства на душу населения(Тысяч тенге казахских)"	"2004 год"	"200412"	"Г.АСТАНА"	"0"	"901 700 000.0"
"Валовой внутренний продукт методом производства на душу населения(Тысяч тенге казахских)"	"2014 год"	"201412"	"Г.АСТАНА"	"0"	"4 821 600 000.0"
"Валовой внутренний продукт методом производства на душу населения(Тысяч тенге казахских)"	"2016 год"	"201612"	"Г.АСТАНА"	"0"	"5 273 300 000.0"
"Валовой внутренний продукт методом производства на душу населения(Тысяч тенге казахских)"	"2015 год"	"201512"	"Г.АСТАНА"	"0"	"5 574 800 000.0"
"Валовой внутренний продукт методом производства на душу населения(Тысяч тенге казахских)"	"2017 год"	"201712"	"Г.АСТАНА"	"0"	"5 766 200 000.0"
"Валовой внутренний продукт методом производства на душу населения(Тысяч тенге казахских)"	"2019 год"	"201912"	"Г.АСТАНА"	"0"	"7 075 800 000.0"
"Валовой внутренний продукт методом производства на душу населения(Тысяч тенге казахских)"	"2020 год"	"202012"	"Г.АСТАНА"	"0"	"6 873 600 000.0"
"Валовой внутренний продукт методом производства на душу населения(Тысяч тенге казахских)"	"2018 год"	"201812"	"Г.АСТАНА"	"0"	"6 359 600 000.0"
"Валовой внутренний продукт методом производства на душу населения(Тысяч тенге казахских)"	"2022 год"	"202212"	"Г.АСТАНА"	"0"	"8 053 900 000.0"
"Валовой внутренний продукт методом производства на душу населения(Тысяч тенге казахских)"	"2023 год"	"202312"	"Г.АСТАНА"	"0"	"9 308 700 000 000.0"
"Валовой внутренний продукт методом производства на душу населения(Тысяч тенге казахских)"	"2024 год"	"202412"	"Г.АСТАНА"	"0"	"10 174 300 000.0"
"Валовой внутренний продукт методом производства на душу населения(Тысяч тенге казахских)"	"2009 год"	"200912"	"Г.АЛМАТЫ"	"0"	"2 293 100 000.0"
"Валовой внутренний продукт методом производства на душу населения(Тысяч тенге казахских)"	"2006 год"	"200612"	"Г.АЛМАТЫ"	"0"	"1 792 900 000.0"
"Валовой внутренний продукт методом производства на душу населения(Тысяч тенге казахских)"	"2008 год"	"200812"	"Г.АЛМАТЫ"	"0"	"2 193 200 000.0"
"Валовой внутренний продукт методом производства на душу населения(Тысяч тенге казахских)"	"2003 год"	"200312"	"Г.АЛМАТЫ"	"0"	"695 800 000.0"
"Валовой внутренний продукт методом производства на душу населения(Тысяч тенге казахских)"	"2001 год"	"200112"	"Г.АЛМАТЫ"	"0"	"504 900 000.0"
"Валовой внутренний продукт методом производства на душу населения(Тысяч тенге казахских)"	"2007 год"	"200712"	"Г.АЛМАТЫ"	"0"	"2 048 900 000.0"
"Валовой внутренний продукт методом производства на душу населения(Тысяч тенге казахских)"	"2005 год"	"200512"	"Г.АЛМАТЫ"	"0"	"1 218 600 000.0"
"Валовой внутренний продукт методом производства на душу населения(Тысяч тенге казахских)"	"2002 год"	"200212"	"Г.АЛМАТЫ"	"0"	"603 300 000.0"
"Валовой внутренний продукт методом производства на душу населения(Тысяч тенге казахских)"	"2000 год"	"200012"	"Г.АЛМАТЫ"	"0"	"367 500 000.0"
"Валовой внутренний продукт методом производства на душу населения(Тысяч тенге казахских)"	"2004 год"	"200412"	"Г.АЛМАТЫ"	"0"	"924 400 000.0"
"Валовой внутренний продукт методом производства на душу населения(Тысяч тенге казахских)"	"2014 год"	"201412"	"Г.АЛМАТЫ"	"0"	"5 021 000 000.0"
"Валовой внутренний продукт методом производства на душу населения(Тысяч тенге казахских)"	"2016 год"	"201612"	"Г.АЛМАТЫ"	"0"	"6 138 500 000.0"
"Валовой внутренний продукт методом производства на душу населения(Тысяч тенге казахских)"	"2015 год"	"201512"	"Г.АЛМАТЫ"	"0"	"5 439 600 000.0"
"Валовой внутренний продукт методом производства на душу населения(Тысяч тенге казахских)"	"2017 год"	"201712"	"Г.АЛМАТЫ"	"0"	"6 694 200 000.0"
"Валовой внутренний продукт методом производства на душу населения(Тысяч тенге казахских)"	"2019 год"	"201912"	"Г.АЛМАТЫ"	"0"	"7 183 900 000.0"
"Валовой внутренний продукт методом производства на душу населения(Тысяч тенге казахских)"	"2020 год"	"202012"	"Г.АЛМАТЫ"	"0"	"6 913 000 000.0"
"Валовой внутренний продукт методом производства на душу населения(Тысяч тенге казахских)"	"2018 год"	"201812"	"Г.АЛМАТЫ"	"0"	"6 636 100 000.0"
"Валовой внутренний продукт методом производства на душу населения(Тысяч тенге казахских)"	"2022 год"	"202212"	"Г.АЛМАТЫ"	"0"	"8 985 600 000.0"
"Валовой внутренний продукт методом производства на душу населения(Тысяч тенге казахских)"	"2023 год"	"202312"	"Г.АЛМАТЫ"	"0"	"11 492 700 000 000.0"
"Валовой внутренний продукт методом производства на душу населения(Тысяч тенге казахских)"	"2024 год"	"202412"	"Г.АЛМАТЫ"	"0"	"13 844 900 000.0"
"Валовой внутренний продукт методом производства на душу населения(Тысяч тенге казахских)"	"2009 год"	"200912"	"РЕСПУБЛИКА КАЗАХСТАН"	"0"	"1 056 900 000.0"
"Валовой внутренний продукт методом производства на душу населения(Тысяч тенге казахских)"	"2006 год"	"200612"	"РЕСПУБЛИКА КАЗАХСТАН"	"0"	"667 200 000.0"
"Валовой внутренний продукт методом производства на душу населения(Тысяч тенге казахских)"	"2008 год"	"200812"	"РЕСПУБЛИКА КАЗАХСТАН"	"0"	"1 024 200 000.0"
"Валовой внутренний продукт методом производства на душу населения(Тысяч тенге казахских)"	"2003 год"	"200312"	"РЕСПУБЛИКА КАЗАХСТАН"	"0"	"309 300 000.0"
"Валовой внутренний продукт методом производства на душу населения(Тысяч тенге казахских)"	"2001 год"	"200112"	"РЕСПУБЛИКА КАЗАХСТАН"	"0"	"218 800 000.0"
"Валовой внутренний продукт методом производства на душу населения(Тысяч тенге казахских)"	"2007 год"	"200712"	"РЕСПУБЛИКА КАЗАХСТАН"	"0"	"829 900 000.0"
"Валовой внутренний продукт методом производства на душу населения(Тысяч тенге казахских)"	"2005 год"	"200512"	"РЕСПУБЛИКА КАЗАХСТАН"	"0"	"501 100 000.0"
"Валовой внутренний продукт методом производства на душу населения(Тысяч тенге казахских)"	"2002 год"	"200212"	"РЕСПУБЛИКА КАЗАХСТАН"	"0"	"254 100 000.0"
"Валовой внутренний продукт методом производства на душу населения(Тысяч тенге казахских)"	"2000 год"	"200012"	"РЕСПУБЛИКА КАЗАХСТАН"	"0"	"174 700 000.0"
"Валовой внутренний продукт методом производства на душу населения(Тысяч тенге казахских)"	"2004 год"	"200412"	"РЕСПУБЛИКА КАЗАХСТАН"	"0"	"391 000 000.0"
"Валовой внутренний продукт методом производства на душу населения(Тысяч тенге казахских)"	"2014 год"	"201412"	"РЕСПУБЛИКА КАЗАХСТАН"	"0"	"2 294 950 000.0"
"Валовой внутренний продукт методом производства на душу населения(Тысяч тенге казахских)"	"2016 год"	"201612"	"РЕСПУБЛИКА КАЗАХСТАН"	"0"	"2 639 700 000.0"
"Валовой внутренний продукт методом производства на душу населения(Тысяч тенге казахских)"	"2015 год"	"201512"	"РЕСПУБЛИКА КАЗАХСТАН"	"0"	"2 330 540 000.0"
"Валовой внутренний продукт методом производства на душу населения(Тысяч тенге казахских)"	"2017 год"	"201712"	"РЕСПУБЛИКА КАЗАХСТАН"	"0"	"3 014 720 000.0"
"Валовой внутренний продукт методом производства на душу населения(Тысяч тенге казахских)"	"2019 год"	"201912"	"РЕСПУБЛИКА КАЗАХСТАН"	"0"	"3 755 700 000.0"
"Валовой внутренний продукт методом производства на душу населения(Тысяч тенге казахских)"	"2020 год"	"202012"	"РЕСПУБЛИКА КАЗАХСТАН"	"0"	"3 766 810 000.0"
"Валовой внутренний продукт методом производства на душу населения(Тысяч тенге казахских)"	"2018 год"	"201812"	"РЕСПУБЛИКА КАЗАХСТАН"	"0"	"3 382 470 000.0"
"Валовой внутренний продукт методом производства на душу населения(Тысяч тенге казахских)"	"2022 год"	"202212"	"РЕСПУБЛИКА КАЗАХСТАН"	"0"	"5 284 700 000.0"
"Валовой внутренний продукт методом производства на душу населения(Тысяч тенге казахских)"	"2023 год"	"202312"	"РЕСПУБЛИКА КАЗАХСТАН"	"0"	"6 002 030 000 000.0"
"Валовой внутренний продукт методом производства на душу населения(Тысяч тенге казахских)"	"2024 год"	"202412"	"РЕСПУБЛИКА КАЗАХСТАН"	"0"	"6 780 890 000.0"
"Валовой внутренний продукт методом производства на душу населения(Тысяч тенге казахских)"	"2019 год"	"201912"	"Г.ШЫМКЕНТ"	"0"	"2 152 100 000.0"
"Валовой внутренний продукт методом производства на душу населения(Тысяч тенге казахских)"	"2020 год"	"202012"	"Г.ШЫМКЕНТ"	"0"	"2 360 300 000.0"
"Валовой внутренний продукт методом производства на душу населения(Тысяч тенге казахских)"	"2018 год"	"201812"	"Г.ШЫМКЕНТ"	"0"	"2 214 300 000.0"
"Валовой внутренний продукт методом производства на душу населения(Тысяч тенге казахских)"	"2022 год"	"202212"	"Г.ШЫМКЕНТ"	"0"	"2 798 400 000.0"
"Валовой внутренний продукт методом производства на душу населения(Тысяч тенге казахских)"	"2023 год"	"202312"	"Г.ШЫМКЕНТ"	"0"	"3 379 700 000 000.0"
"Валовой внутренний продукт методом производства на душу населения(Тысяч тенге казахских)"	"2024 год"	"202412"	"Г.ШЫМКЕНТ"	"0"	"3 824 400 000.0"
"Валовой внутренний продукт методом производства на душу населения(Тысяч тенге казахских)"	"2019 год"	"201912"	"ТУРКЕСТАНСКАЯ ОБЛАСТЬ"	"0"	"1 008 100 000.0"
"Валовой внутренний продукт методом производства на душу населения(Тысяч тенге казахских)"	"2020 год"	"202012"	"ТУРКЕСТАНСКАЯ ОБЛАСТЬ"	"0"	"1 174 200 000.0"
"Валовой внутренний продукт методом производства на душу населения(Тысяч тенге казахских)"	"2018 год"	"201812"	"ТУРКЕСТАНСКАЯ ОБЛАСТЬ"	"0"	"838 600 000.0"
"Валовой внутренний продукт методом производства на душу населения(Тысяч тенге казахских)"	"2022 год"	"202212"	"ТУРКЕСТАНСКАЯ ОБЛАСТЬ"	"0"	"1 671 800 000.0"
"Валовой внутренний продукт методом производства на душу населения(Тысяч тенге казахских)"	"2023 год"	"202312"	"ТУРКЕСТАНСКАЯ ОБЛАСТЬ"	"0"	"1 798 200 000 000.0"
"Валовой внутренний продукт методом производства на душу населения(Тысяч тенге казахских)"	"2024 год"	"202412"	"ТУРКЕСТАНСКАЯ ОБЛАСТЬ"	"0"	"2 175 600 000.0"
"Валовой внутренний продукт методом производства на душу населения(Тысяч тенге казахских)"	"2022 год"	"202212"	"ОБЛАСТЬ ҰЛЫТАУ"	"0"	"7 278 400 000.0"
"Валовой внутренний продукт методом производства на душу населения(Тысяч тенге казахских)"	"2023 год"	"202312"	"ОБЛАСТЬ ҰЛЫТАУ"	"0"	"8 892 600 000 000.0"
"Валовой внутренний продукт методом производства на душу населения(Тысяч тенге казахских)"	"2024 год"	"202412"	"ОБЛАСТЬ ҰЛЫТАУ"	"0"	"11 233 900 000.0"
"Валовой внутренний продукт методом производства на душу населения(Тысяч тенге казахских)"	"2022 год"	"202212"	"ОБЛАСТЬ ЖЕТІСУ"	"0"	"2 042 100 000.0"
"Валовой внутренний продукт методом производства на душу населения(Тысяч тенге казахских)"	"2023 год"	"202312"	"ОБЛАСТЬ ЖЕТІСУ"	"0"	"2 591 000 000 000.0"
"Валовой внутренний продукт методом производства на душу населения(Тысяч тенге казахских)"	"2024 год"	"202412"	"ОБЛАСТЬ ЖЕТІСУ"	"0"	"3 200 400 000.0"
"Валовой внутренний продукт методом производства на душу населения(Тысяч тенге казахских)"	"2022 год"	"202212"	"ОБЛАСТЬ АБАЙ"	"0"	"3 901 100 000.0"
"Валовой внутренний продукт методом производства на душу населения(Тысяч тенге казахских)"	"2023 год"	"202312"	"ОБЛАСТЬ АБАЙ"	"0"	"4 313 300 000 000.0"
"Валовой внутренний продукт методом производства на душу населения(Тысяч тенге казахских)"	"2024 год"	"202412"	"ОБЛАСТЬ АБАЙ"	"0"	"5 367 800 000.0"
