"NAM"	"DAT"	"PERIOD"	"КАТО(по каталогу)"	"LКАТО(по каталогу)"	"СПТМ (по каталогу)"	"LСПТМ (по каталогу)"	"СП"	"LСП"	"ГСУО01"	"LГСУО01"	"ГСГВОЗ"	"LГСГВОЗ"	"VAL"
"уровень безработицы(Процент)"	"1 квартал 2023 г."	"202303"	"Г.АЛМАТЫ"	"0"	"Всего"	"0"	"Всего"	"0"	"Всего"	"0"	"Всего"	"0"	"4.9"
"уровень безработицы(Процент)"	"3 квартал 2023 г."	"202309"	"Г.АЛМАТЫ"	"0"	"Всего"	"0"	"Всего"	"0"	"Всего"	"0"	"Всего"	"0"	"4.8"
"уровень безработицы(Процент)"	"4 квартал 2023 г."	"202312"	"Г.АЛМАТЫ"	"0"	"Всего"	"0"	"Всего"	"0"	"Всего"	"0"	"Всего"	"0"	"4.7"
"уровень безработицы(Процент)"	"2 квартал 2023 г."	"202306"	"Г.АЛМАТЫ"	"0"	"Всего"	"0"	"Всего"	"0"	"Всего"	"0"	"Всего"	"0"	"4.8"
"уровень безработицы(Процент)"	"1 квартал 2024 г."	"202403"	"Г.АЛМАТЫ"	"0"	"Всего"	"0"	"Всего"	"0"	"Всего"	"0"	"Всего"	"0"	"4.7"
"уровень безработицы(Процент)"	"2 квартал 2024 г."	"202406"	"Г.АЛМАТЫ"	"0"	"Всего"	"0"	"Всего"	"0"	"Всего"	"0"	"Всего"	"0"	"4.6"
"уровень безработицы(Процент)"	"3 квартал 2024 г."	"202409"	"Г.АЛМАТЫ"	"0"	"Всего"	"0"	"Всего"	"0"	"Всего"	"0"	"Всего"	"0"	"4.6"
"уровень безработицы(Процент)"	"4 квартал 2024 г."	"202412"	"Г.АЛМАТЫ"	"0"	"Всего"	"0"	"Всего"	"0"	"Всего"	"0"	"Всего"	"0"	"4.6"
"уровень безработицы(Процент)"	"1 квартал 2025 г."	"202503"	"Г.АЛМАТЫ"	"0"	"Всего"	"0"	"Всего"	"0"	"Всего"	"0"	"Всего"	"0"	"4.5"
"уровень безработицы(Процент)"	"2 квартал 2025 г."	"202506"	"Г.АЛМАТЫ"	"0"	"Всего"	"0"	"Всего"	"0"	"Всего"	"0"	"Всего"	"0"	"4.4"
"уровень безработицы(Процент)"	"1 квартал 2023 г."	"202303"	"Г.АСТАНА"	"0"	"Всего"	"0"	"Всего"	"0"	"Всего"	"0"	"Всего"	"0"	"4.5"
"уровень безработицы(Процент)"	"3 квартал 2023 г."	"202309"	"Г.АСТАНА"	"0"	"Всего"	"0"	"Всего"	"0"	"Всего"	"0"	"Всего"	"0"	"4.4"
"уровень безработицы(Процент)"	"4 квартал 2023 г."	"202312"	"Г.АСТАНА"	"0"	"Всего"	"0"	"Всего"	"0"	"Всего"	"0"	"Всего"	"0"	"4.5"
"уровень безработицы(Процент)"	"2 квартал 2023 г."	"202306"	"Г.АСТАНА"	"0"	"Всего"	"0"	"Всего"	"0"	"Всего"	"0"	"Всего"	"0"	"4.5"
"уровень безработицы(Процент)"	"1 квартал 2024 г."	"202403"	"Г.АСТАНА"	"0"	"Всего"	"0"	"Всего"	"0"	"Всего"	"0"	"Всего"	"0"	"4.5"
"уровень безработицы(Процент)"	"2 квартал 2024 г."	"202406"	"Г.АСТАНА"	"0"	"Всего"	"0"	"Всего"	"0"	"Всего"	"0"	"Всего"	"0"	"4.5"
"уровень безработицы(Процент)"	"3 квартал 2024 г."	"202409"	"Г.АСТАНА"	"0"	"Всего"	"0"	"Всего"	"0"	"Всего"	"0"	"Всего"	"0"	"4.4"
"уровень безработицы(Процент)"	"4 квартал 2024 г."	"202412"	"Г.АСТАНА"	"0"	"Всего"	"0"	"Всего"	"0"	"Всего"	"0"	"Всего"	"0"	"4.4"
"уровень безработицы(Процент)"	"1 квартал 2025 г."	"202503"	"Г.АСТАНА"	"0"	"Всего"	"0"	"Всего"	"0"	"Всего"	"0"	"Всего"	"0"	"4.4"
"уровень безработицы(Процент)"	"2 квартал 2025 г."	"202506"	"Г.АСТАНА"	"0"	"Всего"	"0"	"Всего"	"0"	"Всего"	"0"	"Всего"	"0"	"4.3"
"уровень безработицы(Процент)"	"1 квартал 2023 г."	"202303"	"ВОСТОЧНО-КАЗАХСТАНСКАЯ ОБЛАСТЬ"	"0"	"Всего"	"0"	"Всего"	"0"	"Всего"	"0"	"Всего"	"0"	"4.7"
"уровень безработицы(Процент)"	"3 квартал 2023 г."	"202309"	"ВОСТОЧНО-КАЗАХСТАНСКАЯ ОБЛАСТЬ"	"0"	"Всего"	"0"	"Всего"	"0"	"Всего"	"0"	"Всего"	"0"	"4.6"
"уровень безработицы(Процент)"	"4 квартал 2023 г."	"202312"	"ВОСТОЧНО-КАЗАХСТАНСКАЯ ОБЛАСТЬ"	"0"	"Всего"	"0"	"Всего"	"0"	"Всего"	"0"	"Всего"	"0"	"4.6"
"уровень безработицы(Процент)"	"2 квартал 2023 г."	"202306"	"ВОСТОЧНО-КАЗАХСТАНСКАЯ ОБЛАСТЬ"	"0"	"Всего"	"0"	"Всего"	"0"	"Всего"	"0"	"Всего"	"0"	"4.7"
"уровень безработицы(Процент)"	"1 квартал 2024 г."	"202403"	"ВОСТОЧНО-КАЗАХСТАНСКАЯ ОБЛАСТЬ"	"0"	"Всего"	"0"	"Всего"	"0"	"Всего"	"0"	"Всего"	"0"	"4.6"
"уровень безработицы(Процент)"	"2 квартал 2024 г."	"202406"	"ВОСТОЧНО-КАЗАХСТАНСКАЯ ОБЛАСТЬ"	"0"	"Всего"	"0"	"Всего"	"0"	"Всего"	"0"	"Всего"	"0"	"4.6"
"уровень безработицы(Процент)"	"3 квартал 2024 г."	"202409"	"ВОСТОЧНО-КАЗАХСТАНСКАЯ ОБЛАСТЬ"	"0"	"Всего"	"0"	"Всего"	"0"	"Всего"	"0"	"Всего"	"0"	"4.6"
"уровень безработицы(Процент)"	"4 квартал 2024 г."	"202412"	"ВОСТОЧНО-КАЗАХСТАНСКАЯ ОБЛАСТЬ"	"0"	"Всего"	"0"	"Всего"	"0"	"Всего"	"0"	"Всего"	"0"	"4.6"
"уровень безработицы(Процент)"	"1 квартал 2025 г."	"202503"	"ВОСТОЧНО-КАЗАХСТАНСКАЯ ОБЛАСТЬ"	"0"	"Всего"	"0"	"Всего"	"0"	"Всего"	"0"	"Всего"	"0"	"4.6"
"уровень безработицы(Процент)"	"2 квартал 2025 г."	"202506"	"ВОСТОЧНО-КАЗАХСТАНСКАЯ ОБЛАСТЬ"	"0"	"Всего"	"0"	"Всего"	"0"	"Всего"	"0"	"Всего"	"0"	"4.6"
"уровень безработицы(Процент)"	"1 квартал 2023 г."	"202303"	"СЕВЕРО-КАЗАХСТАНСКАЯ ОБЛАСТЬ"	"0"	"Всего"	"0"	"Всего"	"0"	"Всего"	"0"	"Всего"	"0"	"4.9"
"уровень безработицы(Процент)"	"3 квартал 2023 г."	"202309"	"СЕВЕРО-КАЗАХСТАНСКАЯ ОБЛАСТЬ"	"0"	"Всего"	"0"	"Всего"	"0"	"Всего"	"0"	"Всего"	"0"	"4.7"
"уровень безработицы(Процент)"	"4 квартал 2023 г."	"202312"	"СЕВЕРО-КАЗАХСТАНСКАЯ ОБЛАСТЬ"	"0"	"Всего"	"0"	"Всего"	"0"	"Всего"	"0"	"Всего"	"0"	"4.6"
"уровень безработицы(Процент)"	"2 квартал 2023 г."	"202306"	"СЕВЕРО-КАЗАХСТАНСКАЯ ОБЛАСТЬ"	"0"	"Всего"	"0"	"Всего"	"0"	"Всего"	"0"	"Всего"	"0"	"4.8"
"уровень безработицы(Процент)"	"1 квартал 2024 г."	"202403"	"СЕВЕРО-КАЗАХСТАНСКАЯ ОБЛАСТЬ"	"0"	"Всего"	"0"	"Всего"	"0"	"Всего"	"0"	"Всего"	"0"	"4.7"
"уровень безработицы(Процент)"	"2 квартал 2024 г."	"202406"	"СЕВЕРО-КАЗАХСТАНСКАЯ ОБЛАСТЬ"	"0"	"Всего"	"0"	"Всего"	"0"	"Всего"	"0"	"Всего"	"0"	"4.6"
"уровень безработицы(Процент)"	"3 квартал 2024 г."	"202409"	"СЕВЕРО-КАЗАХСТАНСКАЯ ОБЛАСТЬ"	"0"	"Всего"	"0"	"Всего"	"0"	"Всего"	"0"	"Всего"	"0"	"4.5"
"уровень безработицы(Процент)"	"4 квартал 2024 г."	"202412"	"СЕВЕРО-КАЗАХСТАНСКАЯ ОБЛАСТЬ"	"0"	"Всего"	"0"	"Всего"	"0"	"Всего"	"0"	"Всего"	"0"	"4.6"
"уровень безработицы(Процент)"	"1 квартал 2025 г."	"202503"	"СЕВЕРО-КАЗАХСТАНСКАЯ ОБЛАСТЬ"	"0"	"Всего"	"0"	"Всего"	"0"	"Всего"	"0"	"Всего"	"0"	"4.5"
"уровень безработицы(Процент)"	"2 квартал 2025 г."	"202506"	"СЕВЕРО-КАЗАХСТАНСКАЯ ОБЛАСТЬ"	"0"	"Всего"	"0"	"Всего"	"0"	"Всего"	"0"	"Всего"	"0"	"4.4"
"уровень безработицы(Процент)"	"1 квартал 2023 г."	"202303"	"ПАВЛОДАРСКАЯ ОБЛАСТЬ"	"0"	"Всего"	"0"	"Всего"	"0"	"Всего"	"0"	"Всего"	"0"	"4.8"
"уровень безработицы(Процент)"	"3 квартал 2023 г."	"202309"	"ПАВЛОДАРСКАЯ ОБЛАСТЬ"	"0"	"Всего"	"0"	"Всего"	"0"	"Всего"	"0"	"Всего"	"0"	"4.8"
"уровень безработицы(Процент)"	"4 квартал 2023 г."	"202312"	"ПАВЛОДАРСКАЯ ОБЛАСТЬ"	"0"	"Всего"	"0"	"Всего"	"0"	"Всего"	"0"	"Всего"	"0"	"4.7"
"уровень безработицы(Процент)"	"2 квартал 2023 г."	"202306"	"ПАВЛОДАРСКАЯ ОБЛАСТЬ"	"0"	"Всего"	"0"	"Всего"	"0"	"Всего"	"0"	"Всего"	"0"	"4.8"
"уровень безработицы(Процент)"	"1 квартал 2024 г."	"202403"	"ПАВЛОДАРСКАЯ ОБЛАСТЬ"	"0"	"Всего"	"0"	"Всего"	"0"	"Всего"	"0"	"Всего"	"0"	"4.7"
"уровень безработицы(Процент)"	"2 квартал 2024 г."	"202406"	"ПАВЛОДАРСКАЯ ОБЛАСТЬ"	"0"	"Всего"	"0"	"Всего"	"0"	"Всего"	"0"	"Всего"	"0"	"4.8"
"уровень безработицы(Процент)"	"3 квартал 2024 г."	"202409"	"ПАВЛОДАРСКАЯ ОБЛАСТЬ"	"0"	"Всего"	"0"	"Всего"	"0"	"Всего"	"0"	"Всего"	"0"	"4.7"
"уровень безработицы(Процент)"	"4 квартал 2024 г."	"202412"	"ПАВЛОДАРСКАЯ ОБЛАСТЬ"	"0"	"Всего"	"0"	"Всего"	"0"	"Всего"	"0"	"Всего"	"0"	"4.7"
"уровень безработицы(Процент)"	"1 квартал 2025 г."	"202503"	"ПАВЛОДАРСКАЯ ОБЛАСТЬ"	"0"	"Всего"	"0"	"Всего"	"0"	"Всего"	"0"	"Всего"	"0"	"4.8"
"уровень безработицы(Процент)"	"2 квартал 2025 г."	"202506"	"ПАВЛОДАРСКАЯ ОБЛАСТЬ"	"0"	"Всего"	"0"	"Всего"	"0"	"Всего"	"0"	"Всего"	"0"	"4.9"
"уровень безработицы(Процент)"	"1 квартал 2023 г."	"202303"	"МАНГИСТАУСКАЯ ОБЛАСТЬ"	"0"	"Всего"	"0"	"Всего"	"0"	"Всего"	"0"	"Всего"	"0"	"5.0"
"уровень безработицы(Процент)"	"3 квартал 2023 г."	"202309"	"МАНГИСТАУСКАЯ ОБЛАСТЬ"	"0"	"Всего"	"0"	"Всего"	"0"	"Всего"	"0"	"Всего"	"0"	"5.1"
"уровень безработицы(Процент)"	"4 квартал 2023 г."	"202312"	"МАНГИСТАУСКАЯ ОБЛАСТЬ"	"0"	"Всего"	"0"	"Всего"	"0"	"Всего"	"0"	"Всего"	"0"	"5.0"
"уровень безработицы(Процент)"	"2 квартал 2023 г."	"202306"	"МАНГИСТАУСКАЯ ОБЛАСТЬ"	"0"	"Всего"	"0"	"Всего"	"0"	"Всего"	"0"	"Всего"	"0"	"5.0"
"уровень безработицы(Процент)"	"1 квартал 2024 г."	"202403"	"МАНГИСТАУСКАЯ ОБЛАСТЬ"	"0"	"Всего"	"0"	"Всего"	"0"	"Всего"	"0"	"Всего"	"0"	"5.0"
"уровень безработицы(Процент)"	"2 квартал 2024 г."	"202406"	"МАНГИСТАУСКАЯ ОБЛАСТЬ"	"0"	"Всего"	"0"	"Всего"	"0"	"Всего"	"0"	"Всего"	"0"	"4.9"
"уровень безработицы(Процент)"	"3 квартал 2024 г."	"202409"	"МАНГИСТАУСКАЯ ОБЛАСТЬ"	"0"	"Всего"	"0"	"Всего"	"0"	"Всего"	"0"	"Всего"	"0"	"5.0"
"уровень безработицы(Процент)"	"4 квартал 2024 г."	"202412"	"МАНГИСТАУСКАЯ ОБЛАСТЬ"	"0"	"Всего"	"0"	"Всего"	"0"	"Всего"	"0"	"Всего"	"0"	"4.9"
"уровень безработицы(Процент)"	"1 квартал 2025 г."	"202503"	"МАНГИСТАУСКАЯ ОБЛАСТЬ"	"0"	"Всего"	"0"	"Всего"	"0"	"Всего"	"0"	"Всего"	"0"	"5.1"
"уровень безработицы(Процент)"	"2 квартал 2025 г."	"202506"	"МАНГИСТАУСКАЯ ОБЛАСТЬ"	"0"	"Всего"	"0"	"Всего"	"0"	"Всего"	"0"	"Всего"	"0"	"5.1"
"уровень безработицы(Процент)"	"1 квартал 2023 г."	"202303"	"КЫЗЫЛОРДИНСКАЯ ОБЛАСТЬ"	"0"	"Всего"	"0"	"Всего"	"0"	"Всего"	"0"	"Всего"	"0"	"5.0"
"уровень безработицы(Процент)"	"3 квартал 2023 г."	"202309"	"КЫЗЫЛОРДИНСКАЯ ОБЛАСТЬ"	"0"	"Всего"	"0"	"Всего"	"0"	"Всего"	"0"	"Всего"	"0"	"4.8"
"уровень безработицы(Процент)"	"4 квартал 2023 г."	"202312"	"КЫЗЫЛОРДИНСКАЯ ОБЛАСТЬ"	"0"	"Всего"	"0"	"Всего"	"0"	"Всего"	"0"	"Всего"	"0"	"4.8"
"уровень безработицы(Процент)"	"2 квартал 2023 г."	"202306"	"КЫЗЫЛОРДИНСКАЯ ОБЛАСТЬ"	"0"	"Всего"	"0"	"Всего"	"0"	"Всего"	"0"	"Всего"	"0"	"4.9"
"уровень безработицы(Процент)"	"1 квартал 2024 г."	"202403"	"КЫЗЫЛОРДИНСКАЯ ОБЛАСТЬ"	"0"	"Всего"	"0"	"Всего"	"0"	"Всего"	"0"	"Всего"	"0"	"4.9"
"уровень безработицы(Процент)"	"2 квартал 2024 г."	"202406"	"КЫЗЫЛОРДИНСКАЯ ОБЛАСТЬ"	"0"	"Всего"	"0"	"Всего"	"0"	"Всего"	"0"	"Всего"	"0"	"4.9"
"уровень безработицы(Процент)"	"3 квартал 2024 г."	"202409"	"КЫЗЫЛОРДИНСКАЯ ОБЛАСТЬ"	"0"	"Всего"	"0"	"Всего"	"0"	"Всего"	"0"	"Всего"	"0"	"4.8"
"уровень безработицы(Процент)"	"4 квартал 2024 г."	"202412"	"КЫЗЫЛОРДИНСКАЯ ОБЛАСТЬ"	"0"	"Всего"	"0"	"Всего"	"0"	"Всего"	"0"	"Всего"	"0"	"4.8"
"уровень безработицы(Процент)"	"1 квартал 2025 г."	"202503"	"КЫЗЫЛОРДИНСКАЯ ОБЛАСТЬ"	"0"	"Всего"	"0"	"Всего"	"0"	"Всего"	"0"	"Всего"	"0"	"4.8"
"уровень безработицы(Процент)"	"2 квартал 2025 г."	"202506"	"КЫЗЫЛОРДИНСКАЯ ОБЛАСТЬ"	"0"	"Всего"	"0"	"Всего"	"0"	"Всего"	"0"	"Всего"	"0"	"4.8"
"уровень безработицы(Процент)"	"1 квартал 2023 г."	"202303"	"КОСТАНАЙСКАЯ ОБЛАСТЬ"	"0"	"Всего"	"0"	"Всего"	"0"	"Всего"	"0"	"Всего"	"0"	"4.8"
"уровень безработицы(Процент)"	"3 квартал 2023 г."	"202309"	"КОСТАНАЙСКАЯ ОБЛАСТЬ"	"0"	"Всего"	"0"	"Всего"	"0"	"Всего"	"0"	"Всего"	"0"	"4.7"
"уровень безработицы(Процент)"	"4 квартал 2023 г."	"202312"	"КОСТАНАЙСКАЯ ОБЛАСТЬ"	"0"	"Всего"	"0"	"Всего"	"0"	"Всего"	"0"	"Всего"	"0"	"4.8"
"уровень безработицы(Процент)"	"2 квартал 2023 г."	"202306"	"КОСТАНАЙСКАЯ ОБЛАСТЬ"	"0"	"Всего"	"0"	"Всего"	"0"	"Всего"	"0"	"Всего"	"0"	"4.7"
"уровень безработицы(Процент)"	"1 квартал 2024 г."	"202403"	"КОСТАНАЙСКАЯ ОБЛАСТЬ"	"0"	"Всего"	"0"	"Всего"	"0"	"Всего"	"0"	"Всего"	"0"	"4.7"
"уровень безработицы(Процент)"	"2 квартал 2024 г."	"202406"	"КОСТАНАЙСКАЯ ОБЛАСТЬ"	"0"	"Всего"	"0"	"Всего"	"0"	"Всего"	"0"	"Всего"	"0"	"4.6"
"уровень безработицы(Процент)"	"3 квартал 2024 г."	"202409"	"КОСТАНАЙСКАЯ ОБЛАСТЬ"	"0"	"Всего"	"0"	"Всего"	"0"	"Всего"	"0"	"Всего"	"0"	"4.6"
"уровень безработицы(Процент)"	"4 квартал 2024 г."	"202412"	"КОСТАНАЙСКАЯ ОБЛАСТЬ"	"0"	"Всего"	"0"	"Всего"	"0"	"Всего"	"0"	"Всего"	"0"	"4.6"
"уровень безработицы(Процент)"	"1 квартал 2025 г."	"202503"	"КОСТАНАЙСКАЯ ОБЛАСТЬ"	"0"	"Всего"	"0"	"Всего"	"0"	"Всего"	"0"	"Всего"	"0"	"4.6"
"уровень безработицы(Процент)"	"2 квартал 2025 г."	"202506"	"КОСТАНАЙСКАЯ ОБЛАСТЬ"	"0"	"Всего"	"0"	"Всего"	"0"	"Всего"	"0"	"Всего"	"0"	"4.6"
"уровень безработицы(Процент)"	"1 квартал 2023 г."	"202303"	"КАРАГАНДИНСКАЯ ОБЛАСТЬ"	"0"	"Всего"	"0"	"Всего"	"0"	"Всего"	"0"	"Всего"	"0"	"4.2"
"уровень безработицы(Процент)"	"3 квартал 2023 г."	"202309"	"КАРАГАНДИНСКАЯ ОБЛАСТЬ"	"0"	"Всего"	"0"	"Всего"	"0"	"Всего"	"0"	"Всего"	"0"	"4.1"
"уровень безработицы(Процент)"	"4 квартал 2023 г."	"202312"	"КАРАГАНДИНСКАЯ ОБЛАСТЬ"	"0"	"Всего"	"0"	"Всего"	"0"	"Всего"	"0"	"Всего"	"0"	"4.2"
"уровень безработицы(Процент)"	"2 квартал 2023 г."	"202306"	"КАРАГАНДИНСКАЯ ОБЛАСТЬ"	"0"	"Всего"	"0"	"Всего"	"0"	"Всего"	"0"	"Всего"	"0"	"4.1"
"уровень безработицы(Процент)"	"1 квартал 2024 г."	"202403"	"КАРАГАНДИНСКАЯ ОБЛАСТЬ"	"0"	"Всего"	"0"	"Всего"	"0"	"Всего"	"0"	"Всего"	"0"	"4.2"
"уровень безработицы(Процент)"	"2 квартал 2024 г."	"202406"	"КАРАГАНДИНСКАЯ ОБЛАСТЬ"	"0"	"Всего"	"0"	"Всего"	"0"	"Всего"	"0"	"Всего"	"0"	"4.1"
"уровень безработицы(Процент)"	"3 квартал 2024 г."	"202409"	"КАРАГАНДИНСКАЯ ОБЛАСТЬ"	"0"	"Всего"	"0"	"Всего"	"0"	"Всего"	"0"	"Всего"	"0"	"4.1"
"уровень безработицы(Процент)"	"4 квартал 2024 г."	"202412"	"КАРАГАНДИНСКАЯ ОБЛАСТЬ"	"0"	"Всего"	"0"	"Всего"	"0"	"Всего"	"0"	"Всего"	"0"	"4.0"
"уровень безработицы(Процент)"	"1 квартал 2025 г."	"202503"	"КАРАГАНДИНСКАЯ ОБЛАСТЬ"	"0"	"Всего"	"0"	"Всего"	"0"	"Всего"	"0"	"Всего"	"0"	"4.0"
"уровень безработицы(Процент)"	"2 квартал 2025 г."	"202506"	"КАРАГАНДИНСКАЯ ОБЛАСТЬ"	"0"	"Всего"	"0"	"Всего"	"0"	"Всего"	"0"	"Всего"	"0"	"4.0"
"уровень безработицы(Процент)"	"1 квартал 2023 г."	"202303"	"ЖАМБЫЛСКАЯ ОБЛАСТЬ"	"0"	"Всего"	"0"	"Всего"	"0"	"Всего"	"0"	"Всего"	"0"	"4.9"
"уровень безработицы(Процент)"	"3 квартал 2023 г."	"202309"	"ЖАМБЫЛСКАЯ ОБЛАСТЬ"	"0"	"Всего"	"0"	"Всего"	"0"	"Всего"	"0"	"Всего"	"0"	"4.8"
"уровень безработицы(Процент)"	"4 квартал 2023 г."	"202312"	"ЖАМБЫЛСКАЯ ОБЛАСТЬ"	"0"	"Всего"	"0"	"Всего"	"0"	"Всего"	"0"	"Всего"	"0"	"4.8"
"уровень безработицы(Процент)"	"2 квартал 2023 г."	"202306"	"ЖАМБЫЛСКАЯ ОБЛАСТЬ"	"0"	"Всего"	"0"	"Всего"	"0"	"Всего"	"0"	"Всего"	"0"	"4.8"
"уровень безработицы(Процент)"	"1 квартал 2024 г."	"202403"	"ЖАМБЫЛСКАЯ ОБЛАСТЬ"	"0"	"Всего"	"0"	"Всего"	"0"	"Всего"	"0"	"Всего"	"0"	"4.8"
"уровень безработицы(Процент)"	"2 квартал 2024 г."	"202406"	"ЖАМБЫЛСКАЯ ОБЛАСТЬ"	"0"	"Всего"	"0"	"Всего"	"0"	"Всего"	"0"	"Всего"	"0"	"4.8"
"уровень безработицы(Процент)"	"3 квартал 2024 г."	"202409"	"ЖАМБЫЛСКАЯ ОБЛАСТЬ"	"0"	"Всего"	"0"	"Всего"	"0"	"Всего"	"0"	"Всего"	"0"	"4.8"
"уровень безработицы(Процент)"	"4 квартал 2024 г."	"202412"	"ЖАМБЫЛСКАЯ ОБЛАСТЬ"	"0"	"Всего"	"0"	"Всего"	"0"	"Всего"	"0"	"Всего"	"0"	"4.8"
"уровень безработицы(Процент)"	"1 квартал 2025 г."	"202503"	"ЖАМБЫЛСКАЯ ОБЛАСТЬ"	"0"	"Всего"	"0"	"Всего"	"0"	"Всего"	"0"	"Всего"	"0"	"4.8"
"уровень безработицы(Процент)"	"2 квартал 2025 г."	"202506"	"ЖАМБЫЛСКАЯ ОБЛАСТЬ"	"0"	"Всего"	"0"	"Всего"	"0"	"Всего"	"0"	"Всего"	"0"	"4.8"
"уровень безработицы(Процент)"	"1 квартал 2023 г."	"202303"	"ЗАПАДНО-КАЗАХСТАНСКАЯ ОБЛАСТЬ"	"0"	"Всего"	"0"	"Всего"	"0"	"Всего"	"0"	"Всего"	"0"	"4.9"
"уровень безработицы(Процент)"	"3 квартал 2023 г."	"202309"	"ЗАПАДНО-КАЗАХСТАНСКАЯ ОБЛАСТЬ"	"0"	"Всего"	"0"	"Всего"	"0"	"Всего"	"0"	"Всего"	"0"	"4.8"
"уровень безработицы(Процент)"	"4 квартал 2023 г."	"202312"	"ЗАПАДНО-КАЗАХСТАНСКАЯ ОБЛАСТЬ"	"0"	"Всего"	"0"	"Всего"	"0"	"Всего"	"0"	"Всего"	"0"	"4.8"
"уровень безработицы(Процент)"	"2 квартал 2023 г."	"202306"	"ЗАПАДНО-КАЗАХСТАНСКАЯ ОБЛАСТЬ"	"0"	"Всего"	"0"	"Всего"	"0"	"Всего"	"0"	"Всего"	"0"	"4.9"
"уровень безработицы(Процент)"	"1 квартал 2024 г."	"202403"	"ЗАПАДНО-КАЗАХСТАНСКАЯ ОБЛАСТЬ"	"0"	"Всего"	"0"	"Всего"	"0"	"Всего"	"0"	"Всего"	"0"	"4.8"
"уровень безработицы(Процент)"	"2 квартал 2024 г."	"202406"	"ЗАПАДНО-КАЗАХСТАНСКАЯ ОБЛАСТЬ"	"0"	"Всего"	"0"	"Всего"	"0"	"Всего"	"0"	"Всего"	"0"	"4.8"
"уровень безработицы(Процент)"	"3 квартал 2024 г."	"202409"	"ЗАПАДНО-КАЗАХСТАНСКАЯ ОБЛАСТЬ"	"0"	"Всего"	"0"	"Всего"	"0"	"Всего"	"0"	"Всего"	"0"	"4.8"
"уровень безработицы(Процент)"	"4 квартал 2024 г."	"202412"	"ЗАПАДНО-КАЗАХСТАНСКАЯ ОБЛАСТЬ"	"0"	"Всего"	"0"	"Всего"	"0"	"Всего"	"0"	"Всего"	"0"	"4.8"
"уровень безработицы(Процент)"	"1 квартал 2025 г."	"202503"	"ЗАПАДНО-КАЗАХСТАНСКАЯ ОБЛАСТЬ"	"0"	"Всего"	"0"	"Всего"	"0"	"Всего"	"0"	"Всего"	"0"	"4.8"
"уровень безработицы(Процент)"	"2 квартал 2025 г."	"202506"	"ЗАПАДНО-КАЗАХСТАНСКАЯ ОБЛАСТЬ"	"0"	"Всего"	"0"	"Всего"	"0"	"Всего"	"0"	"Всего"	"0"	"4.7"
"уровень безработицы(Процент)"	"1 квартал 2023 г."	"202303"	"АТЫРАУСКАЯ ОБЛАСТЬ"	"0"	"Всего"	"0"	"Всего"	"0"	"Всего"	"0"	"Всего"	"0"	"4.9"
"уровень безработицы(Процент)"	"3 квартал 2023 г."	"202309"	"АТЫРАУСКАЯ ОБЛАСТЬ"	"0"	"Всего"	"0"	"Всего"	"0"	"Всего"	"0"	"Всего"	"0"	"4.9"
"уровень безработицы(Процент)"	"4 квартал 2023 г."	"202312"	"АТЫРАУСКАЯ ОБЛАСТЬ"	"0"	"Всего"	"0"	"Всего"	"0"	"Всего"	"0"	"Всего"	"0"	"4.7"
"уровень безработицы(Процент)"	"2 квартал 2023 г."	"202306"	"АТЫРАУСКАЯ ОБЛАСТЬ"	"0"	"Всего"	"0"	"Всего"	"0"	"Всего"	"0"	"Всего"	"0"	"4.9"
"уровень безработицы(Процент)"	"1 квартал 2024 г."	"202403"	"АТЫРАУСКАЯ ОБЛАСТЬ"	"0"	"Всего"	"0"	"Всего"	"0"	"Всего"	"0"	"Всего"	"0"	"4.9"
"уровень безработицы(Процент)"	"2 квартал 2024 г."	"202406"	"АТЫРАУСКАЯ ОБЛАСТЬ"	"0"	"Всего"	"0"	"Всего"	"0"	"Всего"	"0"	"Всего"	"0"	"4.9"
"уровень безработицы(Процент)"	"3 квартал 2024 г."	"202409"	"АТЫРАУСКАЯ ОБЛАСТЬ"	"0"	"Всего"	"0"	"Всего"	"0"	"Всего"	"0"	"Всего"	"0"	"4.9"
"уровень безработицы(Процент)"	"4 квартал 2024 г."	"202412"	"АТЫРАУСКАЯ ОБЛАСТЬ"	"0"	"Всего"	"0"	"Всего"	"0"	"Всего"	"0"	"Всего"	"0"	"4.8"
"уровень безработицы(Процент)"	"1 квартал 2025 г."	"202503"	"АТЫРАУСКАЯ ОБЛАСТЬ"	"0"	"Всего"	"0"	"Всего"	"0"	"Всего"	"0"	"Всего"	"0"	"4.9"
"уровень безработицы(Процент)"	"2 квартал 2025 г."	"202506"	"АТЫРАУСКАЯ ОБЛАСТЬ"	"0"	"Всего"	"0"	"Всего"	"0"	"Всего"	"0"	"Всего"	"0"	"5.0"
"уровень безработицы(Процент)"	"1 квартал 2023 г."	"202303"	"АЛМАТИНСКАЯ ОБЛАСТЬ"	"0"	"Всего"	"0"	"Всего"	"0"	"Всего"	"0"	"Всего"	"0"	"4.7"
"уровень безработицы(Процент)"	"3 квартал 2023 г."	"202309"	"АЛМАТИНСКАЯ ОБЛАСТЬ"	"0"	"Всего"	"0"	"Всего"	"0"	"Всего"	"0"	"Всего"	"0"	"4.7"
"уровень безработицы(Процент)"	"4 квартал 2023 г."	"202312"	"АЛМАТИНСКАЯ ОБЛАСТЬ"	"0"	"Всего"	"0"	"Всего"	"0"	"Всего"	"0"	"Всего"	"0"	"4.7"
"уровень безработицы(Процент)"	"2 квартал 2023 г."	"202306"	"АЛМАТИНСКАЯ ОБЛАСТЬ"	"0"	"Всего"	"0"	"Всего"	"0"	"Всего"	"0"	"Всего"	"0"	"4.6"
"уровень безработицы(Процент)"	"1 квартал 2024 г."	"202403"	"АЛМАТИНСКАЯ ОБЛАСТЬ"	"0"	"Всего"	"0"	"Всего"	"0"	"Всего"	"0"	"Всего"	"0"	"4.6"
"уровень безработицы(Процент)"	"2 квартал 2024 г."	"202406"	"АЛМАТИНСКАЯ ОБЛАСТЬ"	"0"	"Всего"	"0"	"Всего"	"0"	"Всего"	"0"	"Всего"	"0"	"4.7"
"уровень безработицы(Процент)"	"3 квартал 2024 г."	"202409"	"АЛМАТИНСКАЯ ОБЛАСТЬ"	"0"	"Всего"	"0"	"Всего"	"0"	"Всего"	"0"	"Всего"	"0"	"4.7"
"уровень безработицы(Процент)"	"4 квартал 2024 г."	"202412"	"АЛМАТИНСКАЯ ОБЛАСТЬ"	"0"	"Всего"	"0"	"Всего"	"0"	"Всего"	"0"	"Всего"	"0"	"4.7"
"уровень безработицы(Процент)"	"1 квартал 2025 г."	"202503"	"АЛМАТИНСКАЯ ОБЛАСТЬ"	"0"	"Всего"	"0"	"Всего"	"0"	"Всего"	"0"	"Всего"	"0"	"4.6"
"уровень безработицы(Процент)"	"2 квартал 2025 г."	"202506"	"АЛМАТИНСКАЯ ОБЛАСТЬ"	"0"	"Всего"	"0"	"Всего"	"0"	"Всего"	"0"	"Всего"	"0"	"4.6"
"уровень безработицы(Процент)"	"1 квартал 2023 г."	"202303"	"АКТЮБИНСКАЯ ОБЛАСТЬ"	"0"	"Всего"	"0"	"Всего"	"0"	"Всего"	"0"	"Всего"	"0"	"4.8"
"уровень безработицы(Процент)"	"3 квартал 2023 г."	"202309"	"АКТЮБИНСКАЯ ОБЛАСТЬ"	"0"	"Всего"	"0"	"Всего"	"0"	"Всего"	"0"	"Всего"	"0"	"4.7"
"уровень безработицы(Процент)"	"4 квартал 2023 г."	"202312"	"АКТЮБИНСКАЯ ОБЛАСТЬ"	"0"	"Всего"	"0"	"Всего"	"0"	"Всего"	"0"	"Всего"	"0"	"4.7"
"уровень безработицы(Процент)"	"2 квартал 2023 г."	"202306"	"АКТЮБИНСКАЯ ОБЛАСТЬ"	"0"	"Всего"	"0"	"Всего"	"0"	"Всего"	"0"	"Всего"	"0"	"4.8"
"уровень безработицы(Процент)"	"1 квартал 2024 г."	"202403"	"АКТЮБИНСКАЯ ОБЛАСТЬ"	"0"	"Всего"	"0"	"Всего"	"0"	"Всего"	"0"	"Всего"	"0"	"4.7"
"уровень безработицы(Процент)"	"2 квартал 2024 г."	"202406"	"АКТЮБИНСКАЯ ОБЛАСТЬ"	"0"	"Всего"	"0"	"Всего"	"0"	"Всего"	"0"	"Всего"	"0"	"4.7"
"уровень безработицы(Процент)"	"3 квартал 2024 г."	"202409"	"АКТЮБИНСКАЯ ОБЛАСТЬ"	"0"	"Всего"	"0"	"Всего"	"0"	"Всего"	"0"	"Всего"	"0"	"4.7"
"уровень безработицы(Процент)"	"4 квартал 2024 г."	"202412"	"АКТЮБИНСКАЯ ОБЛАСТЬ"	"0"	"Всего"	"0"	"Всего"	"0"	"Всего"	"0"	"Всего"	"0"	"4.7"
"уровень безработицы(Процент)"	"1 квартал 2025 г."	"202503"	"АКТЮБИНСКАЯ ОБЛАСТЬ"	"0"	"Всего"	"0"	"Всего"	"0"	"Всего"	"0"	"Всего"	"0"	"4.7"
"уровень безработицы(Процент)"	"2 квартал 2025 г."	"202506"	"АКТЮБИНСКАЯ ОБЛАСТЬ"	"0"	"Всего"	"0"	"Всего"	"0"	"Всего"	"0"	"Всего"	"0"	"4.7"
"уровень безработицы(Процент)"	"1 квартал 2023 г."	"202303"	"АКМОЛИНСКАЯ ОБЛАСТЬ"	"0"	"Всего"	"0"	"Всего"	"0"	"Всего"	"0"	"Всего"	"0"	"4.7"
"уровень безработицы(Процент)"	"3 квартал 2023 г."	"202309"	"АКМОЛИНСКАЯ ОБЛАСТЬ"	"0"	"Всего"	"0"	"Всего"	"0"	"Всего"	"0"	"Всего"	"0"	"4.8"
"уровень безработицы(Процент)"	"4 квартал 2023 г."	"202312"	"АКМОЛИНСКАЯ ОБЛАСТЬ"	"0"	"Всего"	"0"	"Всего"	"0"	"Всего"	"0"	"Всего"	"0"	"4.7"
"уровень безработицы(Процент)"	"2 квартал 2023 г."	"202306"	"АКМОЛИНСКАЯ ОБЛАСТЬ"	"0"	"Всего"	"0"	"Всего"	"0"	"Всего"	"0"	"Всего"	"0"	"4.8"
"уровень безработицы(Процент)"	"1 квартал 2024 г."	"202403"	"АКМОЛИНСКАЯ ОБЛАСТЬ"	"0"	"Всего"	"0"	"Всего"	"0"	"Всего"	"0"	"Всего"	"0"	"4.7"
"уровень безработицы(Процент)"	"2 квартал 2024 г."	"202406"	"АКМОЛИНСКАЯ ОБЛАСТЬ"	"0"	"Всего"	"0"	"Всего"	"0"	"Всего"	"0"	"Всего"	"0"	"4.6"
"уровень безработицы(Процент)"	"3 квартал 2024 г."	"202409"	"АКМОЛИНСКАЯ ОБЛАСТЬ"	"0"	"Всего"	"0"	"Всего"	"0"	"Всего"	"0"	"Всего"	"0"	"4.5"
"уровень безработицы(Процент)"	"4 квартал 2024 г."	"202412"	"АКМОЛИНСКАЯ ОБЛАСТЬ"	"0"	"Всего"	"0"	"Всего"	"0"	"Всего"	"0"	"Всего"	"0"	"4.6"
"уровень безработицы(Процент)"	"1 квартал 2025 г."	"202503"	"АКМОЛИНСКАЯ ОБЛАСТЬ"	"0"	"Всего"	"0"	"Всего"	"0"	"Всего"	"0"	"Всего"	"0"	"4.6"
"уровень безработицы(Процент)"	"2 квартал 2025 г."	"202506"	"АКМОЛИНСКАЯ ОБЛАСТЬ"	"0"	"Всего"	"0"	"Всего"	"0"	"Всего"	"0"	"Всего"	"0"	"4.5"
"уровень безработицы(Процент)"	"1 квартал 2023 г."	"202303"	"РЕСПУБЛИКА КАЗАХСТАН"	"0"	"сельская местность"	"0"	"Всего"	"0"	"Всего"	"0"	"Всего"	"0"	"4.9"
"уровень безработицы(Процент)"	"3 квартал 2023 г."	"202309"	"РЕСПУБЛИКА КАЗАХСТАН"	"0"	"сельская местность"	"0"	"Всего"	"0"	"Всего"	"0"	"Всего"	"0"	"4.7"
"уровень безработицы(Процент)"	"4 квартал 2023 г."	"202312"	"РЕСПУБЛИКА КАЗАХСТАН"	"0"	"сельская местность"	"0"	"Всего"	"0"	"Всего"	"0"	"Всего"	"0"	"4.7"
"уровень безработицы(Процент)"	"2 квартал 2023 г."	"202306"	"РЕСПУБЛИКА КАЗАХСТАН"	"0"	"сельская местность"	"0"	"Всего"	"0"	"Всего"	"0"	"Всего"	"0"	"4.7"
"уровень безработицы(Процент)"	"1 квартал 2024 г."	"202403"	"РЕСПУБЛИКА КАЗАХСТАН"	"0"	"сельская местность"	"0"	"Всего"	"0"	"Всего"	"0"	"Всего"	"0"	"4.7"
"уровень безработицы(Процент)"	"2 квартал 2024 г."	"202406"	"РЕСПУБЛИКА КАЗАХСТАН"	"0"	"сельская местность"	"0"	"Всего"	"0"	"Всего"	"0"	"Всего"	"0"	"4.7"
"уровень безработицы(Процент)"	"3 квартал 2024 г."	"202409"	"РЕСПУБЛИКА КАЗАХСТАН"	"0"	"сельская местность"	"0"	"Всего"	"0"	"Всего"	"0"	"Всего"	"0"	"4.7"
"уровень безработицы(Процент)"	"4 квартал 2024 г."	"202412"	"РЕСПУБЛИКА КАЗАХСТАН"	"0"	"сельская местность"	"0"	"Всего"	"0"	"Всего"	"0"	"Всего"	"0"	"4.7"
"уровень безработицы(Процент)"	"1 квартал 2025 г."	"202503"	"РЕСПУБЛИКА КАЗАХСТАН"	"0"	"сельская местность"	"0"	"Всего"	"0"	"Всего"	"0"	"Всего"	"0"	"4.7"
"уровень безработицы(Процент)"	"2 квартал 2025 г."	"202506"	"РЕСПУБЛИКА КАЗАХСТАН"	"0"	"сельская местность"	"0"	"Всего"	"0"	"Всего"	"0"	"Всего"	"0"	"4.6"
"уровень безработицы(Процент)"	"1 квартал 2023 г."	"202303"	"РЕСПУБЛИКА КАЗАХСТАН"	"0"	"городская местность"	"0"	"Всего"	"0"	"Всего"	"0"	"Всего"	"0"	"4.7"
"уровень безработицы(Процент)"	"3 квартал 2023 г."	"202309"	"РЕСПУБЛИКА КАЗАХСТАН"	"0"	"городская местность"	"0"	"Всего"	"0"	"Всего"	"0"	"Всего"	"0"	"4.7"
"уровень безработицы(Процент)"	"4 квартал 2023 г."	"202312"	"РЕСПУБЛИКА КАЗАХСТАН"	"0"	"городская местность"	"0"	"Всего"	"0"	"Всего"	"0"	"Всего"	"0"	"4.7"
"уровень безработицы(Процент)"	"2 квартал 2023 г."	"202306"	"РЕСПУБЛИКА КАЗАХСТАН"	"0"	"городская местность"	"0"	"Всего"	"0"	"Всего"	"0"	"Всего"	"0"	"4.7"
"уровень безработицы(Процент)"	"1 квартал 2024 г."	"202403"	"РЕСПУБЛИКА КАЗАХСТАН"	"0"	"городская местность"	"0"	"Всего"	"0"	"Всего"	"0"	"Всего"	"0"	"4.7"
"уровень безработицы(Процент)"	"2 квартал 2024 г."	"202406"	"РЕСПУБЛИКА КАЗАХСТАН"	"0"	"городская местность"	"0"	"Всего"	"0"	"Всего"	"0"	"Всего"	"0"	"4.7"
"уровень безработицы(Процент)"	"3 квартал 2024 г."	"202409"	"РЕСПУБЛИКА КАЗАХСТАН"	"0"	"городская местность"	"0"	"Всего"	"0"	"Всего"	"0"	"Всего"	"0"	"4.6"
"уровень безработицы(Процент)"	"4 квартал 2024 г."	"202412"	"РЕСПУБЛИКА КАЗАХСТАН"	"0"	"городская местность"	"0"	"Всего"	"0"	"Всего"	"0"	"Всего"	"0"	"4.6"
"уровень безработицы(Процент)"	"1 квартал 2025 г."	"202503"	"РЕСПУБЛИКА КАЗАХСТАН"	"0"	"городская местность"	"0"	"Всего"	"0"	"Всего"	"0"	"Всего"	"0"	"4.6"
"уровень безработицы(Процент)"	"2 квартал 2025 г."	"202506"	"РЕСПУБЛИКА КАЗАХСТАН"	"0"	"городская местность"	"0"	"Всего"	"0"	"Всего"	"0"	"Всего"	"0"	"4.6"
"уровень безработицы(Процент)"	"1 квартал 2023 г."	"202303"	"РЕСПУБЛИКА КАЗАХСТАН"	"0"	"Всего"	"0"	"Всего"	"0"	"Всего"	"0"	"Всего"	"0"	"4.8"
"уровень безработицы(Процент)"	"3 квартал 2023 г."	"202309"	"РЕСПУБЛИКА КАЗАХСТАН"	"0"	"Всего"	"0"	"Всего"	"0"	"Всего"	"0"	"Всего"	"0"	"4.7"
"уровень безработицы(Процент)"	"4 квартал 2023 г."	"202312"	"РЕСПУБЛИКА КАЗАХСТАН"	"0"	"Всего"	"0"	"Всего"	"0"	"Всего"	"0"	"Всего"	"0"	"4.7"
"уровень безработицы(Процент)"	"2 квартал 2023 г."	"202306"	"РЕСПУБЛИКА КАЗАХСТАН"	"0"	"Всего"	"0"	"Всего"	"0"	"Всего"	"0"	"Всего"	"0"	"4.7"
"уровень безработицы(Процент)"	"1 квартал 2024 г."	"202403"	"РЕСПУБЛИКА КАЗАХСТАН"	"0"	"Всего"	"0"	"Всего"	"0"	"Всего"	"0"	"Всего"	"0"	"4.7"
"уровень безработицы(Процент)"	"2 квартал 2024 г."	"202406"	"РЕСПУБЛИКА КАЗАХСТАН"	"0"	"Всего"	"0"	"Всего"	"0"	"Всего"	"0"	"Всего"	"0"	"4.7"
"уровень безработицы(Процент)"	"3 квартал 2024 г."	"202409"	"РЕСПУБЛИКА КАЗАХСТАН"	"0"	"Всего"	"0"	"Всего"	"0"	"Всего"	"0"	"Всего"	"0"	"4.6"
"уровень безработицы(Процент)"	"4 квартал 2024 г."	"202412"	"РЕСПУБЛИКА КАЗАХСТАН"	"0"	"Всего"	"0"	"Всего"	"0"	"Всего"	"0"	"Всего"	"0"	"4.6"
"уровень безработицы(Процент)"	"1 квартал 2025 г."	"202503"	"РЕСПУБЛИКА КАЗАХСТАН"	"0"	"Всего"	"0"	"Всего"	"0"	"Всего"	"0"	"Всего"	"0"	"4.6"
"уровень безработицы(Процент)"	"2 квартал 2025 г."	"202506"	"РЕСПУБЛИКА КАЗАХСТАН"	"0"	"Всего"	"0"	"Всего"	"0"	"Всего"	"0"	"Всего"	"0"	"4.6"
"уровень безработицы(Процент)"	"1 квартал 2023 г."	"202303"	"СЕВЕРО-КАЗАХСТАНСКАЯ ОБЛАСТЬ"	"0"	"сельская местность"	"0"	"Всего"	"0"	"Всего"	"0"	"Всего"	"0"	"5.0"
"уровень безработицы(Процент)"	"3 квартал 2023 г."	"202309"	"СЕВЕРО-КАЗАХСТАНСКАЯ ОБЛАСТЬ"	"0"	"сельская местность"	"0"	"Всего"	"0"	"Всего"	"0"	"Всего"	"0"	"4.7"
"уровень безработицы(Процент)"	"4 квартал 2023 г."	"202312"	"СЕВЕРО-КАЗАХСТАНСКАЯ ОБЛАСТЬ"	"0"	"сельская местность"	"0"	"Всего"	"0"	"Всего"	"0"	"Всего"	"0"	"4.5"
"уровень безработицы(Процент)"	"2 квартал 2023 г."	"202306"	"СЕВЕРО-КАЗАХСТАНСКАЯ ОБЛАСТЬ"	"0"	"сельская местность"	"0"	"Всего"	"0"	"Всего"	"0"	"Всего"	"0"	"4.7"
"уровень безработицы(Процент)"	"1 квартал 2024 г."	"202403"	"СЕВЕРО-КАЗАХСТАНСКАЯ ОБЛАСТЬ"	"0"	"сельская местность"	"0"	"Всего"	"0"	"Всего"	"0"	"Всего"	"0"	"4.6"
"уровень безработицы(Процент)"	"2 квартал 2024 г."	"202406"	"СЕВЕРО-КАЗАХСТАНСКАЯ ОБЛАСТЬ"	"0"	"сельская местность"	"0"	"Всего"	"0"	"Всего"	"0"	"Всего"	"0"	"4.3"
"уровень безработицы(Процент)"	"3 квартал 2024 г."	"202409"	"СЕВЕРО-КАЗАХСТАНСКАЯ ОБЛАСТЬ"	"0"	"сельская местность"	"0"	"Всего"	"0"	"Всего"	"0"	"Всего"	"0"	"4.3"
"уровень безработицы(Процент)"	"4 квартал 2024 г."	"202412"	"СЕВЕРО-КАЗАХСТАНСКАЯ ОБЛАСТЬ"	"0"	"сельская местность"	"0"	"Всего"	"0"	"Всего"	"0"	"Всего"	"0"	"4.5"
"уровень безработицы(Процент)"	"1 квартал 2025 г."	"202503"	"СЕВЕРО-КАЗАХСТАНСКАЯ ОБЛАСТЬ"	"0"	"сельская местность"	"0"	"Всего"	"0"	"Всего"	"0"	"Всего"	"0"	"4.3"
"уровень безработицы(Процент)"	"2 квартал 2025 г."	"202506"	"СЕВЕРО-КАЗАХСТАНСКАЯ ОБЛАСТЬ"	"0"	"сельская местность"	"0"	"Всего"	"0"	"Всего"	"0"	"Всего"	"0"	"3.6"
"уровень безработицы(Процент)"	"1 квартал 2023 г."	"202303"	"ПАВЛОДАРСКАЯ ОБЛАСТЬ"	"0"	"сельская местность"	"0"	"Всего"	"0"	"Всего"	"0"	"Всего"	"0"	"4.2"
"уровень безработицы(Процент)"	"3 квартал 2023 г."	"202309"	"ПАВЛОДАРСКАЯ ОБЛАСТЬ"	"0"	"сельская местность"	"0"	"Всего"	"0"	"Всего"	"0"	"Всего"	"0"	"4.3"
"уровень безработицы(Процент)"	"4 квартал 2023 г."	"202312"	"ПАВЛОДАРСКАЯ ОБЛАСТЬ"	"0"	"сельская местность"	"0"	"Всего"	"0"	"Всего"	"0"	"Всего"	"0"	"4.3"
"уровень безработицы(Процент)"	"2 квартал 2023 г."	"202306"	"ПАВЛОДАРСКАЯ ОБЛАСТЬ"	"0"	"сельская местность"	"0"	"Всего"	"0"	"Всего"	"0"	"Всего"	"0"	"4.4"
"уровень безработицы(Процент)"	"1 квартал 2024 г."	"202403"	"ПАВЛОДАРСКАЯ ОБЛАСТЬ"	"0"	"сельская местность"	"0"	"Всего"	"0"	"Всего"	"0"	"Всего"	"0"	"4.3"
"уровень безработицы(Процент)"	"2 квартал 2024 г."	"202406"	"ПАВЛОДАРСКАЯ ОБЛАСТЬ"	"0"	"сельская местность"	"0"	"Всего"	"0"	"Всего"	"0"	"Всего"	"0"	"4.3"
"уровень безработицы(Процент)"	"3 квартал 2024 г."	"202409"	"ПАВЛОДАРСКАЯ ОБЛАСТЬ"	"0"	"сельская местность"	"0"	"Всего"	"0"	"Всего"	"0"	"Всего"	"0"	"4.3"
"уровень безработицы(Процент)"	"4 квартал 2024 г."	"202412"	"ПАВЛОДАРСКАЯ ОБЛАСТЬ"	"0"	"сельская местность"	"0"	"Всего"	"0"	"Всего"	"0"	"Всего"	"0"	"3.9"
"уровень безработицы(Процент)"	"1 квартал 2025 г."	"202503"	"ПАВЛОДАРСКАЯ ОБЛАСТЬ"	"0"	"сельская местность"	"0"	"Всего"	"0"	"Всего"	"0"	"Всего"	"0"	"4.2"
"уровень безработицы(Процент)"	"2 квартал 2025 г."	"202506"	"ПАВЛОДАРСКАЯ ОБЛАСТЬ"	"0"	"сельская местность"	"0"	"Всего"	"0"	"Всего"	"0"	"Всего"	"0"	"4.5"
"уровень безработицы(Процент)"	"1 квартал 2023 г."	"202303"	"МАНГИСТАУСКАЯ ОБЛАСТЬ"	"0"	"сельская местность"	"0"	"Всего"	"0"	"Всего"	"0"	"Всего"	"0"	"5.5"
"уровень безработицы(Процент)"	"3 квартал 2023 г."	"202309"	"МАНГИСТАУСКАЯ ОБЛАСТЬ"	"0"	"сельская местность"	"0"	"Всего"	"0"	"Всего"	"0"	"Всего"	"0"	"5.3"
"уровень безработицы(Процент)"	"4 квартал 2023 г."	"202312"	"МАНГИСТАУСКАЯ ОБЛАСТЬ"	"0"	"сельская местность"	"0"	"Всего"	"0"	"Всего"	"0"	"Всего"	"0"	"4.7"
"уровень безработицы(Процент)"	"2 квартал 2023 г."	"202306"	"МАНГИСТАУСКАЯ ОБЛАСТЬ"	"0"	"сельская местность"	"0"	"Всего"	"0"	"Всего"	"0"	"Всего"	"0"	"5.0"
"уровень безработицы(Процент)"	"1 квартал 2024 г."	"202403"	"МАНГИСТАУСКАЯ ОБЛАСТЬ"	"0"	"сельская местность"	"0"	"Всего"	"0"	"Всего"	"0"	"Всего"	"0"	"5.4"
"уровень безработицы(Процент)"	"2 квартал 2024 г."	"202406"	"МАНГИСТАУСКАЯ ОБЛАСТЬ"	"0"	"сельская местность"	"0"	"Всего"	"0"	"Всего"	"0"	"Всего"	"0"	"5.5"
"уровень безработицы(Процент)"	"3 квартал 2024 г."	"202409"	"МАНГИСТАУСКАЯ ОБЛАСТЬ"	"0"	"сельская местность"	"0"	"Всего"	"0"	"Всего"	"0"	"Всего"	"0"	"6.3"
"уровень безработицы(Процент)"	"4 квартал 2024 г."	"202412"	"МАНГИСТАУСКАЯ ОБЛАСТЬ"	"0"	"сельская местность"	"0"	"Всего"	"0"	"Всего"	"0"	"Всего"	"0"	"5.5"
"уровень безработицы(Процент)"	"1 квартал 2025 г."	"202503"	"МАНГИСТАУСКАЯ ОБЛАСТЬ"	"0"	"сельская местность"	"0"	"Всего"	"0"	"Всего"	"0"	"Всего"	"0"	"4.9"
"уровень безработицы(Процент)"	"2 квартал 2025 г."	"202506"	"МАНГИСТАУСКАЯ ОБЛАСТЬ"	"0"	"сельская местность"	"0"	"Всего"	"0"	"Всего"	"0"	"Всего"	"0"	"5.3"
"уровень безработицы(Процент)"	"1 квартал 2023 г."	"202303"	"КЫЗЫЛОРДИНСКАЯ ОБЛАСТЬ"	"0"	"сельская местность"	"0"	"Всего"	"0"	"Всего"	"0"	"Всего"	"0"	"5.0"
"уровень безработицы(Процент)"	"3 квартал 2023 г."	"202309"	"КЫЗЫЛОРДИНСКАЯ ОБЛАСТЬ"	"0"	"сельская местность"	"0"	"Всего"	"0"	"Всего"	"0"	"Всего"	"0"	"4.7"
"уровень безработицы(Процент)"	"4 квартал 2023 г."	"202312"	"КЫЗЫЛОРДИНСКАЯ ОБЛАСТЬ"	"0"	"сельская местность"	"0"	"Всего"	"0"	"Всего"	"0"	"Всего"	"0"	"4.5"
"уровень безработицы(Процент)"	"2 квартал 2023 г."	"202306"	"КЫЗЫЛОРДИНСКАЯ ОБЛАСТЬ"	"0"	"сельская местность"	"0"	"Всего"	"0"	"Всего"	"0"	"Всего"	"0"	"5.0"
"уровень безработицы(Процент)"	"1 квартал 2024 г."	"202403"	"КЫЗЫЛОРДИНСКАЯ ОБЛАСТЬ"	"0"	"сельская местность"	"0"	"Всего"	"0"	"Всего"	"0"	"Всего"	"0"	"4.6"
"уровень безработицы(Процент)"	"2 квартал 2024 г."	"202406"	"КЫЗЫЛОРДИНСКАЯ ОБЛАСТЬ"	"0"	"сельская местность"	"0"	"Всего"	"0"	"Всего"	"0"	"Всего"	"0"	"5.9"
"уровень безработицы(Процент)"	"3 квартал 2024 г."	"202409"	"КЫЗЫЛОРДИНСКАЯ ОБЛАСТЬ"	"0"	"сельская местность"	"0"	"Всего"	"0"	"Всего"	"0"	"Всего"	"0"	"4.9"
"уровень безработицы(Процент)"	"4 квартал 2024 г."	"202412"	"КЫЗЫЛОРДИНСКАЯ ОБЛАСТЬ"	"0"	"сельская местность"	"0"	"Всего"	"0"	"Всего"	"0"	"Всего"	"0"	"5.2"
"уровень безработицы(Процент)"	"1 квартал 2025 г."	"202503"	"КЫЗЫЛОРДИНСКАЯ ОБЛАСТЬ"	"0"	"сельская местность"	"0"	"Всего"	"0"	"Всего"	"0"	"Всего"	"0"	"5.2"
"уровень безработицы(Процент)"	"2 квартал 2025 г."	"202506"	"КЫЗЫЛОРДИНСКАЯ ОБЛАСТЬ"	"0"	"сельская местность"	"0"	"Всего"	"0"	"Всего"	"0"	"Всего"	"0"	"5.3"
"уровень безработицы(Процент)"	"1 квартал 2023 г."	"202303"	"КОСТАНАЙСКАЯ ОБЛАСТЬ"	"0"	"сельская местность"	"0"	"Всего"	"0"	"Всего"	"0"	"Всего"	"0"	"4.7"
"уровень безработицы(Процент)"	"3 квартал 2023 г."	"202309"	"КОСТАНАЙСКАЯ ОБЛАСТЬ"	"0"	"сельская местность"	"0"	"Всего"	"0"	"Всего"	"0"	"Всего"	"0"	"4.6"
"уровень безработицы(Процент)"	"4 квартал 2023 г."	"202312"	"КОСТАНАЙСКАЯ ОБЛАСТЬ"	"0"	"сельская местность"	"0"	"Всего"	"0"	"Всего"	"0"	"Всего"	"0"	"4.5"
"уровень безработицы(Процент)"	"2 квартал 2023 г."	"202306"	"КОСТАНАЙСКАЯ ОБЛАСТЬ"	"0"	"сельская местность"	"0"	"Всего"	"0"	"Всего"	"0"	"Всего"	"0"	"4.7"
"уровень безработицы(Процент)"	"1 квартал 2024 г."	"202403"	"КОСТАНАЙСКАЯ ОБЛАСТЬ"	"0"	"сельская местность"	"0"	"Всего"	"0"	"Всего"	"0"	"Всего"	"0"	"4.7"
"уровень безработицы(Процент)"	"2 квартал 2024 г."	"202406"	"КОСТАНАЙСКАЯ ОБЛАСТЬ"	"0"	"сельская местность"	"0"	"Всего"	"0"	"Всего"	"0"	"Всего"	"0"	"4.7"
"уровень безработицы(Процент)"	"3 квартал 2024 г."	"202409"	"КОСТАНАЙСКАЯ ОБЛАСТЬ"	"0"	"сельская местность"	"0"	"Всего"	"0"	"Всего"	"0"	"Всего"	"0"	"4.5"
"уровень безработицы(Процент)"	"4 квартал 2024 г."	"202412"	"КОСТАНАЙСКАЯ ОБЛАСТЬ"	"0"	"сельская местность"	"0"	"Всего"	"0"	"Всего"	"0"	"Всего"	"0"	"4.5"
"уровень безработицы(Процент)"	"1 квартал 2025 г."	"202503"	"КОСТАНАЙСКАЯ ОБЛАСТЬ"	"0"	"сельская местность"	"0"	"Всего"	"0"	"Всего"	"0"	"Всего"	"0"	"4.6"
"уровень безработицы(Процент)"	"2 квартал 2025 г."	"202506"	"КОСТАНАЙСКАЯ ОБЛАСТЬ"	"0"	"сельская местность"	"0"	"Всего"	"0"	"Всего"	"0"	"Всего"	"0"	"4.6"
"уровень безработицы(Процент)"	"1 квартал 2023 г."	"202303"	"КАРАГАНДИНСКАЯ ОБЛАСТЬ"	"0"	"сельская местность"	"0"	"Всего"	"0"	"Всего"	"0"	"Всего"	"0"	"3.7"
"уровень безработицы(Процент)"	"3 квартал 2023 г."	"202309"	"КАРАГАНДИНСКАЯ ОБЛАСТЬ"	"0"	"сельская местность"	"0"	"Всего"	"0"	"Всего"	"0"	"Всего"	"0"	"3.2"
"уровень безработицы(Процент)"	"4 квартал 2023 г."	"202312"	"КАРАГАНДИНСКАЯ ОБЛАСТЬ"	"0"	"сельская местность"	"0"	"Всего"	"0"	"Всего"	"0"	"Всего"	"0"	"2.6"
"уровень безработицы(Процент)"	"2 квартал 2023 г."	"202306"	"КАРАГАНДИНСКАЯ ОБЛАСТЬ"	"0"	"сельская местность"	"0"	"Всего"	"0"	"Всего"	"0"	"Всего"	"0"	"3.2"
"уровень безработицы(Процент)"	"1 квартал 2024 г."	"202403"	"КАРАГАНДИНСКАЯ ОБЛАСТЬ"	"0"	"сельская местность"	"0"	"Всего"	"0"	"Всего"	"0"	"Всего"	"0"	"3.3"
"уровень безработицы(Процент)"	"2 квартал 2024 г."	"202406"	"КАРАГАНДИНСКАЯ ОБЛАСТЬ"	"0"	"сельская местность"	"0"	"Всего"	"0"	"Всего"	"0"	"Всего"	"0"	"2.7"
"уровень безработицы(Процент)"	"3 квартал 2024 г."	"202409"	"КАРАГАНДИНСКАЯ ОБЛАСТЬ"	"0"	"сельская местность"	"0"	"Всего"	"0"	"Всего"	"0"	"Всего"	"0"	"2.3"
"уровень безработицы(Процент)"	"4 квартал 2024 г."	"202412"	"КАРАГАНДИНСКАЯ ОБЛАСТЬ"	"0"	"сельская местность"	"0"	"Всего"	"0"	"Всего"	"0"	"Всего"	"0"	"2.5"
"уровень безработицы(Процент)"	"1 квартал 2025 г."	"202503"	"КАРАГАНДИНСКАЯ ОБЛАСТЬ"	"0"	"сельская местность"	"0"	"Всего"	"0"	"Всего"	"0"	"Всего"	"0"	"2.2"
"уровень безработицы(Процент)"	"2 квартал 2025 г."	"202506"	"КАРАГАНДИНСКАЯ ОБЛАСТЬ"	"0"	"сельская местность"	"0"	"Всего"	"0"	"Всего"	"0"	"Всего"	"0"	"0.8"
"уровень безработицы(Процент)"	"1 квартал 2023 г."	"202303"	"ЗАПАДНО-КАЗАХСТАНСКАЯ ОБЛАСТЬ"	"0"	"сельская местность"	"0"	"Всего"	"0"	"Всего"	"0"	"Всего"	"0"	"5.0"
"уровень безработицы(Процент)"	"3 квартал 2023 г."	"202309"	"ЗАПАДНО-КАЗАХСТАНСКАЯ ОБЛАСТЬ"	"0"	"сельская местность"	"0"	"Всего"	"0"	"Всего"	"0"	"Всего"	"0"	"5.1"
"уровень безработицы(Процент)"	"4 квартал 2023 г."	"202312"	"ЗАПАДНО-КАЗАХСТАНСКАЯ ОБЛАСТЬ"	"0"	"сельская местность"	"0"	"Всего"	"0"	"Всего"	"0"	"Всего"	"0"	"5.0"
"уровень безработицы(Процент)"	"2 квартал 2023 г."	"202306"	"ЗАПАДНО-КАЗАХСТАНСКАЯ ОБЛАСТЬ"	"0"	"сельская местность"	"0"	"Всего"	"0"	"Всего"	"0"	"Всего"	"0"	"5.0"
"уровень безработицы(Процент)"	"1 квартал 2024 г."	"202403"	"ЗАПАДНО-КАЗАХСТАНСКАЯ ОБЛАСТЬ"	"0"	"сельская местность"	"0"	"Всего"	"0"	"Всего"	"0"	"Всего"	"0"	"5.0"
"уровень безработицы(Процент)"	"2 квартал 2024 г."	"202406"	"ЗАПАДНО-КАЗАХСТАНСКАЯ ОБЛАСТЬ"	"0"	"сельская местность"	"0"	"Всего"	"0"	"Всего"	"0"	"Всего"	"0"	"4.9"
"уровень безработицы(Процент)"	"3 квартал 2024 г."	"202409"	"ЗАПАДНО-КАЗАХСТАНСКАЯ ОБЛАСТЬ"	"0"	"сельская местность"	"0"	"Всего"	"0"	"Всего"	"0"	"Всего"	"0"	"5.0"
"уровень безработицы(Процент)"	"4 квартал 2024 г."	"202412"	"ЗАПАДНО-КАЗАХСТАНСКАЯ ОБЛАСТЬ"	"0"	"сельская местность"	"0"	"Всего"	"0"	"Всего"	"0"	"Всего"	"0"	"5.1"
"уровень безработицы(Процент)"	"1 квартал 2025 г."	"202503"	"ЗАПАДНО-КАЗАХСТАНСКАЯ ОБЛАСТЬ"	"0"	"сельская местность"	"0"	"Всего"	"0"	"Всего"	"0"	"Всего"	"0"	"5.0"
"уровень безработицы(Процент)"	"2 квартал 2025 г."	"202506"	"ЗАПАДНО-КАЗАХСТАНСКАЯ ОБЛАСТЬ"	"0"	"сельская местность"	"0"	"Всего"	"0"	"Всего"	"0"	"Всего"	"0"	"4.9"
"уровень безработицы(Процент)"	"1 квартал 2023 г."	"202303"	"ЖАМБЫЛСКАЯ ОБЛАСТЬ"	"0"	"сельская местность"	"0"	"Всего"	"0"	"Всего"	"0"	"Всего"	"0"	"4.7"
"уровень безработицы(Процент)"	"3 квартал 2023 г."	"202309"	"ЖАМБЫЛСКАЯ ОБЛАСТЬ"	"0"	"сельская местность"	"0"	"Всего"	"0"	"Всего"	"0"	"Всего"	"0"	"4.8"
"уровень безработицы(Процент)"	"4 квартал 2023 г."	"202312"	"ЖАМБЫЛСКАЯ ОБЛАСТЬ"	"0"	"сельская местность"	"0"	"Всего"	"0"	"Всего"	"0"	"Всего"	"0"	"4.8"
"уровень безработицы(Процент)"	"2 квартал 2023 г."	"202306"	"ЖАМБЫЛСКАЯ ОБЛАСТЬ"	"0"	"сельская местность"	"0"	"Всего"	"0"	"Всего"	"0"	"Всего"	"0"	"4.6"
"уровень безработицы(Процент)"	"1 квартал 2024 г."	"202403"	"ЖАМБЫЛСКАЯ ОБЛАСТЬ"	"0"	"сельская местность"	"0"	"Всего"	"0"	"Всего"	"0"	"Всего"	"0"	"4.7"
"уровень безработицы(Процент)"	"2 квартал 2024 г."	"202406"	"ЖАМБЫЛСКАЯ ОБЛАСТЬ"	"0"	"сельская местность"	"0"	"Всего"	"0"	"Всего"	"0"	"Всего"	"0"	"4.7"
"уровень безработицы(Процент)"	"3 квартал 2024 г."	"202409"	"ЖАМБЫЛСКАЯ ОБЛАСТЬ"	"0"	"сельская местность"	"0"	"Всего"	"0"	"Всего"	"0"	"Всего"	"0"	"4.9"
"уровень безработицы(Процент)"	"4 квартал 2024 г."	"202412"	"ЖАМБЫЛСКАЯ ОБЛАСТЬ"	"0"	"сельская местность"	"0"	"Всего"	"0"	"Всего"	"0"	"Всего"	"0"	"5.0"
"уровень безработицы(Процент)"	"1 квартал 2025 г."	"202503"	"ЖАМБЫЛСКАЯ ОБЛАСТЬ"	"0"	"сельская местность"	"0"	"Всего"	"0"	"Всего"	"0"	"Всего"	"0"	"4.9"
"уровень безработицы(Процент)"	"2 квартал 2025 г."	"202506"	"ЖАМБЫЛСКАЯ ОБЛАСТЬ"	"0"	"сельская местность"	"0"	"Всего"	"0"	"Всего"	"0"	"Всего"	"0"	"4.8"
"уровень безработицы(Процент)"	"1 квартал 2023 г."	"202303"	"ВОСТОЧНО-КАЗАХСТАНСКАЯ ОБЛАСТЬ"	"0"	"сельская местность"	"0"	"Всего"	"0"	"Всего"	"0"	"Всего"	"0"	"5.2"
"уровень безработицы(Процент)"	"3 квартал 2023 г."	"202309"	"ВОСТОЧНО-КАЗАХСТАНСКАЯ ОБЛАСТЬ"	"0"	"сельская местность"	"0"	"Всего"	"0"	"Всего"	"0"	"Всего"	"0"	"4.9"
"уровень безработицы(Процент)"	"4 квартал 2023 г."	"202312"	"ВОСТОЧНО-КАЗАХСТАНСКАЯ ОБЛАСТЬ"	"0"	"сельская местность"	"0"	"Всего"	"0"	"Всего"	"0"	"Всего"	"0"	"4.9"
"уровень безработицы(Процент)"	"2 квартал 2023 г."	"202306"	"ВОСТОЧНО-КАЗАХСТАНСКАЯ ОБЛАСТЬ"	"0"	"сельская местность"	"0"	"Всего"	"0"	"Всего"	"0"	"Всего"	"0"	"5.4"
"уровень безработицы(Процент)"	"1 квартал 2024 г."	"202403"	"ВОСТОЧНО-КАЗАХСТАНСКАЯ ОБЛАСТЬ"	"0"	"сельская местность"	"0"	"Всего"	"0"	"Всего"	"0"	"Всего"	"0"	"4.6"
"уровень безработицы(Процент)"	"2 квартал 2024 г."	"202406"	"ВОСТОЧНО-КАЗАХСТАНСКАЯ ОБЛАСТЬ"	"0"	"сельская местность"	"0"	"Всего"	"0"	"Всего"	"0"	"Всего"	"0"	"4.7"
"уровень безработицы(Процент)"	"3 квартал 2024 г."	"202409"	"ВОСТОЧНО-КАЗАХСТАНСКАЯ ОБЛАСТЬ"	"0"	"сельская местность"	"0"	"Всего"	"0"	"Всего"	"0"	"Всего"	"0"	"4.8"
"уровень безработицы(Процент)"	"4 квартал 2024 г."	"202412"	"ВОСТОЧНО-КАЗАХСТАНСКАЯ ОБЛАСТЬ"	"0"	"сельская местность"	"0"	"Всего"	"0"	"Всего"	"0"	"Всего"	"0"	"4.9"
"уровень безработицы(Процент)"	"1 квартал 2025 г."	"202503"	"ВОСТОЧНО-КАЗАХСТАНСКАЯ ОБЛАСТЬ"	"0"	"сельская местность"	"0"	"Всего"	"0"	"Всего"	"0"	"Всего"	"0"	"4.4"
"уровень безработицы(Процент)"	"2 квартал 2025 г."	"202506"	"ВОСТОЧНО-КАЗАХСТАНСКАЯ ОБЛАСТЬ"	"0"	"сельская местность"	"0"	"Всего"	"0"	"Всего"	"0"	"Всего"	"0"	"4.5"
"уровень безработицы(Процент)"	"1 квартал 2023 г."	"202303"	"АТЫРАУСКАЯ ОБЛАСТЬ"	"0"	"сельская местность"	"0"	"Всего"	"0"	"Всего"	"0"	"Всего"	"0"	"5.0"
"уровень безработицы(Процент)"	"3 квартал 2023 г."	"202309"	"АТЫРАУСКАЯ ОБЛАСТЬ"	"0"	"сельская местность"	"0"	"Всего"	"0"	"Всего"	"0"	"Всего"	"0"	"4.7"
"уровень безработицы(Процент)"	"4 квартал 2023 г."	"202312"	"АТЫРАУСКАЯ ОБЛАСТЬ"	"0"	"сельская местность"	"0"	"Всего"	"0"	"Всего"	"0"	"Всего"	"0"	"5.1"
"уровень безработицы(Процент)"	"2 квартал 2023 г."	"202306"	"АТЫРАУСКАЯ ОБЛАСТЬ"	"0"	"сельская местность"	"0"	"Всего"	"0"	"Всего"	"0"	"Всего"	"0"	"4.9"
"уровень безработицы(Процент)"	"1 квартал 2024 г."	"202403"	"АТЫРАУСКАЯ ОБЛАСТЬ"	"0"	"сельская местность"	"0"	"Всего"	"0"	"Всего"	"0"	"Всего"	"0"	"4.9"
"уровень безработицы(Процент)"	"2 квартал 2024 г."	"202406"	"АТЫРАУСКАЯ ОБЛАСТЬ"	"0"	"сельская местность"	"0"	"Всего"	"0"	"Всего"	"0"	"Всего"	"0"	"5.1"
"уровень безработицы(Процент)"	"3 квартал 2024 г."	"202409"	"АТЫРАУСКАЯ ОБЛАСТЬ"	"0"	"сельская местность"	"0"	"Всего"	"0"	"Всего"	"0"	"Всего"	"0"	"4.7"
"уровень безработицы(Процент)"	"4 квартал 2024 г."	"202412"	"АТЫРАУСКАЯ ОБЛАСТЬ"	"0"	"сельская местность"	"0"	"Всего"	"0"	"Всего"	"0"	"Всего"	"0"	"4.9"
"уровень безработицы(Процент)"	"1 квартал 2025 г."	"202503"	"АТЫРАУСКАЯ ОБЛАСТЬ"	"0"	"сельская местность"	"0"	"Всего"	"0"	"Всего"	"0"	"Всего"	"0"	"4.4"
"уровень безработицы(Процент)"	"2 квартал 2025 г."	"202506"	"АТЫРАУСКАЯ ОБЛАСТЬ"	"0"	"сельская местность"	"0"	"Всего"	"0"	"Всего"	"0"	"Всего"	"0"	"5.6"
"уровень безработицы(Процент)"	"1 квартал 2023 г."	"202303"	"АЛМАТИНСКАЯ ОБЛАСТЬ"	"0"	"сельская местность"	"0"	"Всего"	"0"	"Всего"	"0"	"Всего"	"0"	"4.7"
"уровень безработицы(Процент)"	"3 квартал 2023 г."	"202309"	"АЛМАТИНСКАЯ ОБЛАСТЬ"	"0"	"сельская местность"	"0"	"Всего"	"0"	"Всего"	"0"	"Всего"	"0"	"4.3"
"уровень безработицы(Процент)"	"4 квартал 2023 г."	"202312"	"АЛМАТИНСКАЯ ОБЛАСТЬ"	"0"	"сельская местность"	"0"	"Всего"	"0"	"Всего"	"0"	"Всего"	"0"	"4.2"
"уровень безработицы(Процент)"	"2 квартал 2023 г."	"202306"	"АЛМАТИНСКАЯ ОБЛАСТЬ"	"0"	"сельская местность"	"0"	"Всего"	"0"	"Всего"	"0"	"Всего"	"0"	"4.4"
"уровень безработицы(Процент)"	"1 квартал 2024 г."	"202403"	"АЛМАТИНСКАЯ ОБЛАСТЬ"	"0"	"сельская местность"	"0"	"Всего"	"0"	"Всего"	"0"	"Всего"	"0"	"4.3"
"уровень безработицы(Процент)"	"2 квартал 2024 г."	"202406"	"АЛМАТИНСКАЯ ОБЛАСТЬ"	"0"	"сельская местность"	"0"	"Всего"	"0"	"Всего"	"0"	"Всего"	"0"	"4.1"
"уровень безработицы(Процент)"	"3 квартал 2024 г."	"202409"	"АЛМАТИНСКАЯ ОБЛАСТЬ"	"0"	"сельская местность"	"0"	"Всего"	"0"	"Всего"	"0"	"Всего"	"0"	"4.3"
"уровень безработицы(Процент)"	"4 квартал 2024 г."	"202412"	"АЛМАТИНСКАЯ ОБЛАСТЬ"	"0"	"сельская местность"	"0"	"Всего"	"0"	"Всего"	"0"	"Всего"	"0"	"4.2"
"уровень безработицы(Процент)"	"1 квартал 2025 г."	"202503"	"АЛМАТИНСКАЯ ОБЛАСТЬ"	"0"	"сельская местность"	"0"	"Всего"	"0"	"Всего"	"0"	"Всего"	"0"	"4.5"
"уровень безработицы(Процент)"	"2 квартал 2025 г."	"202506"	"АЛМАТИНСКАЯ ОБЛАСТЬ"	"0"	"сельская местность"	"0"	"Всего"	"0"	"Всего"	"0"	"Всего"	"0"	"4.4"
"уровень безработицы(Процент)"	"1 квартал 2023 г."	"202303"	"АКТЮБИНСКАЯ ОБЛАСТЬ"	"0"	"сельская местность"	"0"	"Всего"	"0"	"Всего"	"0"	"Всего"	"0"	"5.1"
"уровень безработицы(Процент)"	"3 квартал 2023 г."	"202309"	"АКТЮБИНСКАЯ ОБЛАСТЬ"	"0"	"сельская местность"	"0"	"Всего"	"0"	"Всего"	"0"	"Всего"	"0"	"5.5"
"уровень безработицы(Процент)"	"4 квартал 2023 г."	"202312"	"АКТЮБИНСКАЯ ОБЛАСТЬ"	"0"	"сельская местность"	"0"	"Всего"	"0"	"Всего"	"0"	"Всего"	"0"	"5.5"
"уровень безработицы(Процент)"	"2 квартал 2023 г."	"202306"	"АКТЮБИНСКАЯ ОБЛАСТЬ"	"0"	"сельская местность"	"0"	"Всего"	"0"	"Всего"	"0"	"Всего"	"0"	"5.5"
"уровень безработицы(Процент)"	"1 квартал 2024 г."	"202403"	"АКТЮБИНСКАЯ ОБЛАСТЬ"	"0"	"сельская местность"	"0"	"Всего"	"0"	"Всего"	"0"	"Всего"	"0"	"5.2"
"уровень безработицы(Процент)"	"2 квартал 2024 г."	"202406"	"АКТЮБИНСКАЯ ОБЛАСТЬ"	"0"	"сельская местность"	"0"	"Всего"	"0"	"Всего"	"0"	"Всего"	"0"	"5.6"
"уровень безработицы(Процент)"	"3 квартал 2024 г."	"202409"	"АКТЮБИНСКАЯ ОБЛАСТЬ"	"0"	"сельская местность"	"0"	"Всего"	"0"	"Всего"	"0"	"Всего"	"0"	"5.7"
"уровень безработицы(Процент)"	"4 квартал 2024 г."	"202412"	"АКТЮБИНСКАЯ ОБЛАСТЬ"	"0"	"сельская местность"	"0"	"Всего"	"0"	"Всего"	"0"	"Всего"	"0"	"5.3"
"уровень безработицы(Процент)"	"1 квартал 2025 г."	"202503"	"АКТЮБИНСКАЯ ОБЛАСТЬ"	"0"	"сельская местность"	"0"	"Всего"	"0"	"Всего"	"0"	"Всего"	"0"	"4.0"
"уровень безработицы(Процент)"	"2 квартал 2025 г."	"202506"	"АКТЮБИНСКАЯ ОБЛАСТЬ"	"0"	"сельская местность"	"0"	"Всего"	"0"	"Всего"	"0"	"Всего"	"0"	"4.5"
"уровень безработицы(Процент)"	"1 квартал 2023 г."	"202303"	"АКМОЛИНСКАЯ ОБЛАСТЬ"	"0"	"сельская местность"	"0"	"Всего"	"0"	"Всего"	"0"	"Всего"	"0"	"5.2"
"уровень безработицы(Процент)"	"3 квартал 2023 г."	"202309"	"АКМОЛИНСКАЯ ОБЛАСТЬ"	"0"	"сельская местность"	"0"	"Всего"	"0"	"Всего"	"0"	"Всего"	"0"	"5.2"
"уровень безработицы(Процент)"	"4 квартал 2023 г."	"202312"	"АКМОЛИНСКАЯ ОБЛАСТЬ"	"0"	"сельская местность"	"0"	"Всего"	"0"	"Всего"	"0"	"Всего"	"0"	"5.0"
"уровень безработицы(Процент)"	"2 квартал 2023 г."	"202306"	"АКМОЛИНСКАЯ ОБЛАСТЬ"	"0"	"сельская местность"	"0"	"Всего"	"0"	"Всего"	"0"	"Всего"	"0"	"5.2"
"уровень безработицы(Процент)"	"1 квартал 2024 г."	"202403"	"АКМОЛИНСКАЯ ОБЛАСТЬ"	"0"	"сельская местность"	"0"	"Всего"	"0"	"Всего"	"0"	"Всего"	"0"	"5.2"
"уровень безработицы(Процент)"	"2 квартал 2024 г."	"202406"	"АКМОЛИНСКАЯ ОБЛАСТЬ"	"0"	"сельская местность"	"0"	"Всего"	"0"	"Всего"	"0"	"Всего"	"0"	"5.0"
"уровень безработицы(Процент)"	"3 квартал 2024 г."	"202409"	"АКМОЛИНСКАЯ ОБЛАСТЬ"	"0"	"сельская местность"	"0"	"Всего"	"0"	"Всего"	"0"	"Всего"	"0"	"4.8"
"уровень безработицы(Процент)"	"4 квартал 2024 г."	"202412"	"АКМОЛИНСКАЯ ОБЛАСТЬ"	"0"	"сельская местность"	"0"	"Всего"	"0"	"Всего"	"0"	"Всего"	"0"	"5.0"
"уровень безработицы(Процент)"	"1 квартал 2025 г."	"202503"	"АКМОЛИНСКАЯ ОБЛАСТЬ"	"0"	"сельская местность"	"0"	"Всего"	"0"	"Всего"	"0"	"Всего"	"0"	"5.1"
"уровень безработицы(Процент)"	"2 квартал 2025 г."	"202506"	"АКМОЛИНСКАЯ ОБЛАСТЬ"	"0"	"сельская местность"	"0"	"Всего"	"0"	"Всего"	"0"	"Всего"	"0"	"4.9"
"уровень безработицы(Процент)"	"1 квартал 2023 г."	"202303"	"Г.АЛМАТЫ"	"0"	"городская местность"	"0"	"Всего"	"0"	"Всего"	"0"	"Всего"	"0"	"4.9"
"уровень безработицы(Процент)"	"3 квартал 2023 г."	"202309"	"Г.АЛМАТЫ"	"0"	"городская местность"	"0"	"Всего"	"0"	"Всего"	"0"	"Всего"	"0"	"4.8"
"уровень безработицы(Процент)"	"4 квартал 2023 г."	"202312"	"Г.АЛМАТЫ"	"0"	"городская местность"	"0"	"Всего"	"0"	"Всего"	"0"	"Всего"	"0"	"4.7"
"уровень безработицы(Процент)"	"2 квартал 2023 г."	"202306"	"Г.АЛМАТЫ"	"0"	"городская местность"	"0"	"Всего"	"0"	"Всего"	"0"	"Всего"	"0"	"4.8"
"уровень безработицы(Процент)"	"1 квартал 2024 г."	"202403"	"Г.АЛМАТЫ"	"0"	"городская местность"	"0"	"Всего"	"0"	"Всего"	"0"	"Всего"	"0"	"4.7"
"уровень безработицы(Процент)"	"2 квартал 2024 г."	"202406"	"Г.АЛМАТЫ"	"0"	"городская местность"	"0"	"Всего"	"0"	"Всего"	"0"	"Всего"	"0"	"4.6"
"уровень безработицы(Процент)"	"3 квартал 2024 г."	"202409"	"Г.АЛМАТЫ"	"0"	"городская местность"	"0"	"Всего"	"0"	"Всего"	"0"	"Всего"	"0"	"4.6"
"уровень безработицы(Процент)"	"4 квартал 2024 г."	"202412"	"Г.АЛМАТЫ"	"0"	"городская местность"	"0"	"Всего"	"0"	"Всего"	"0"	"Всего"	"0"	"4.6"
"уровень безработицы(Процент)"	"1 квартал 2025 г."	"202503"	"Г.АЛМАТЫ"	"0"	"городская местность"	"0"	"Всего"	"0"	"Всего"	"0"	"Всего"	"0"	"4.5"
"уровень безработицы(Процент)"	"2 квартал 2025 г."	"202506"	"Г.АЛМАТЫ"	"0"	"городская местность"	"0"	"Всего"	"0"	"Всего"	"0"	"Всего"	"0"	"4.4"
"уровень безработицы(Процент)"	"1 квартал 2023 г."	"202303"	"Г.АСТАНА"	"0"	"городская местность"	"0"	"Всего"	"0"	"Всего"	"0"	"Всего"	"0"	"4.5"
"уровень безработицы(Процент)"	"3 квартал 2023 г."	"202309"	"Г.АСТАНА"	"0"	"городская местность"	"0"	"Всего"	"0"	"Всего"	"0"	"Всего"	"0"	"4.4"
"уровень безработицы(Процент)"	"4 квартал 2023 г."	"202312"	"Г.АСТАНА"	"0"	"городская местность"	"0"	"Всего"	"0"	"Всего"	"0"	"Всего"	"0"	"4.5"
"уровень безработицы(Процент)"	"2 квартал 2023 г."	"202306"	"Г.АСТАНА"	"0"	"городская местность"	"0"	"Всего"	"0"	"Всего"	"0"	"Всего"	"0"	"4.5"
"уровень безработицы(Процент)"	"1 квартал 2024 г."	"202403"	"Г.АСТАНА"	"0"	"городская местность"	"0"	"Всего"	"0"	"Всего"	"0"	"Всего"	"0"	"4.5"
"уровень безработицы(Процент)"	"2 квартал 2024 г."	"202406"	"Г.АСТАНА"	"0"	"городская местность"	"0"	"Всего"	"0"	"Всего"	"0"	"Всего"	"0"	"4.5"
"уровень безработицы(Процент)"	"3 квартал 2024 г."	"202409"	"Г.АСТАНА"	"0"	"городская местность"	"0"	"Всего"	"0"	"Всего"	"0"	"Всего"	"0"	"4.4"
"уровень безработицы(Процент)"	"4 квартал 2024 г."	"202412"	"Г.АСТАНА"	"0"	"городская местность"	"0"	"Всего"	"0"	"Всего"	"0"	"Всего"	"0"	"4.4"
"уровень безработицы(Процент)"	"1 квартал 2025 г."	"202503"	"Г.АСТАНА"	"0"	"городская местность"	"0"	"Всего"	"0"	"Всего"	"0"	"Всего"	"0"	"4.4"
"уровень безработицы(Процент)"	"2 квартал 2025 г."	"202506"	"Г.АСТАНА"	"0"	"городская местность"	"0"	"Всего"	"0"	"Всего"	"0"	"Всего"	"0"	"4.3"
"уровень безработицы(Процент)"	"1 квартал 2023 г."	"202303"	"СЕВЕРО-КАЗАХСТАНСКАЯ ОБЛАСТЬ"	"0"	"городская местность"	"0"	"Всего"	"0"	"Всего"	"0"	"Всего"	"0"	"4.8"
"уровень безработицы(Процент)"	"3 квартал 2023 г."	"202309"	"СЕВЕРО-КАЗАХСТАНСКАЯ ОБЛАСТЬ"	"0"	"городская местность"	"0"	"Всего"	"0"	"Всего"	"0"	"Всего"	"0"	"4.6"
"уровень безработицы(Процент)"	"4 квартал 2023 г."	"202312"	"СЕВЕРО-КАЗАХСТАНСКАЯ ОБЛАСТЬ"	"0"	"городская местность"	"0"	"Всего"	"0"	"Всего"	"0"	"Всего"	"0"	"4.6"
"уровень безработицы(Процент)"	"2 квартал 2023 г."	"202306"	"СЕВЕРО-КАЗАХСТАНСКАЯ ОБЛАСТЬ"	"0"	"городская местность"	"0"	"Всего"	"0"	"Всего"	"0"	"Всего"	"0"	"4.8"
"уровень безработицы(Процент)"	"1 квартал 2024 г."	"202403"	"СЕВЕРО-КАЗАХСТАНСКАЯ ОБЛАСТЬ"	"0"	"городская местность"	"0"	"Всего"	"0"	"Всего"	"0"	"Всего"	"0"	"5.0"
"уровень безработицы(Процент)"	"2 квартал 2024 г."	"202406"	"СЕВЕРО-КАЗАХСТАНСКАЯ ОБЛАСТЬ"	"0"	"городская местность"	"0"	"Всего"	"0"	"Всего"	"0"	"Всего"	"0"	"5.1"
"уровень безработицы(Процент)"	"3 квартал 2024 г."	"202409"	"СЕВЕРО-КАЗАХСТАНСКАЯ ОБЛАСТЬ"	"0"	"городская местность"	"0"	"Всего"	"0"	"Всего"	"0"	"Всего"	"0"	"4.7"
"уровень безработицы(Процент)"	"4 квартал 2024 г."	"202412"	"СЕВЕРО-КАЗАХСТАНСКАЯ ОБЛАСТЬ"	"0"	"городская местность"	"0"	"Всего"	"0"	"Всего"	"0"	"Всего"	"0"	"4.8"
"уровень безработицы(Процент)"	"1 квартал 2025 г."	"202503"	"СЕВЕРО-КАЗАХСТАНСКАЯ ОБЛАСТЬ"	"0"	"городская местность"	"0"	"Всего"	"0"	"Всего"	"0"	"Всего"	"0"	"4.8"
"уровень безработицы(Процент)"	"2 квартал 2025 г."	"202506"	"СЕВЕРО-КАЗАХСТАНСКАЯ ОБЛАСТЬ"	"0"	"городская местность"	"0"	"Всего"	"0"	"Всего"	"0"	"Всего"	"0"	"5.4"
"уровень безработицы(Процент)"	"1 квартал 2023 г."	"202303"	"ПАВЛОДАРСКАЯ ОБЛАСТЬ"	"0"	"городская местность"	"0"	"Всего"	"0"	"Всего"	"0"	"Всего"	"0"	"5.0"
"уровень безработицы(Процент)"	"3 квартал 2023 г."	"202309"	"ПАВЛОДАРСКАЯ ОБЛАСТЬ"	"0"	"городская местность"	"0"	"Всего"	"0"	"Всего"	"0"	"Всего"	"0"	"5.0"
"уровень безработицы(Процент)"	"4 квартал 2023 г."	"202312"	"ПАВЛОДАРСКАЯ ОБЛАСТЬ"	"0"	"городская местность"	"0"	"Всего"	"0"	"Всего"	"0"	"Всего"	"0"	"4.9"
"уровень безработицы(Процент)"	"2 квартал 2023 г."	"202306"	"ПАВЛОДАРСКАЯ ОБЛАСТЬ"	"0"	"городская местность"	"0"	"Всего"	"0"	"Всего"	"0"	"Всего"	"0"	"5.0"
"уровень безработицы(Процент)"	"1 квартал 2024 г."	"202403"	"ПАВЛОДАРСКАЯ ОБЛАСТЬ"	"0"	"городская местность"	"0"	"Всего"	"0"	"Всего"	"0"	"Всего"	"0"	"4.9"
"уровень безработицы(Процент)"	"2 квартал 2024 г."	"202406"	"ПАВЛОДАРСКАЯ ОБЛАСТЬ"	"0"	"городская местность"	"0"	"Всего"	"0"	"Всего"	"0"	"Всего"	"0"	"5.0"
"уровень безработицы(Процент)"	"3 квартал 2024 г."	"202409"	"ПАВЛОДАРСКАЯ ОБЛАСТЬ"	"0"	"городская местность"	"0"	"Всего"	"0"	"Всего"	"0"	"Всего"	"0"	"4.9"
"уровень безработицы(Процент)"	"4 квартал 2024 г."	"202412"	"ПАВЛОДАРСКАЯ ОБЛАСТЬ"	"0"	"городская местность"	"0"	"Всего"	"0"	"Всего"	"0"	"Всего"	"0"	"5.1"
"уровень безработицы(Процент)"	"1 квартал 2025 г."	"202503"	"ПАВЛОДАРСКАЯ ОБЛАСТЬ"	"0"	"городская местность"	"0"	"Всего"	"0"	"Всего"	"0"	"Всего"	"0"	"5.1"
"уровень безработицы(Процент)"	"2 квартал 2025 г."	"202506"	"ПАВЛОДАРСКАЯ ОБЛАСТЬ"	"0"	"городская местность"	"0"	"Всего"	"0"	"Всего"	"0"	"Всего"	"0"	"5.0"
"уровень безработицы(Процент)"	"1 квартал 2023 г."	"202303"	"МАНГИСТАУСКАЯ ОБЛАСТЬ"	"0"	"городская местность"	"0"	"Всего"	"0"	"Всего"	"0"	"Всего"	"0"	"4.5"
"уровень безработицы(Процент)"	"3 квартал 2023 г."	"202309"	"МАНГИСТАУСКАЯ ОБЛАСТЬ"	"0"	"городская местность"	"0"	"Всего"	"0"	"Всего"	"0"	"Всего"	"0"	"4.8"
"уровень безработицы(Процент)"	"4 квартал 2023 г."	"202312"	"МАНГИСТАУСКАЯ ОБЛАСТЬ"	"0"	"городская местность"	"0"	"Всего"	"0"	"Всего"	"0"	"Всего"	"0"	"5.4"
"уровень безработицы(Процент)"	"2 квартал 2023 г."	"202306"	"МАНГИСТАУСКАЯ ОБЛАСТЬ"	"0"	"городская местность"	"0"	"Всего"	"0"	"Всего"	"0"	"Всего"	"0"	"5.0"
"уровень безработицы(Процент)"	"1 квартал 2024 г."	"202403"	"МАНГИСТАУСКАЯ ОБЛАСТЬ"	"0"	"городская местность"	"0"	"Всего"	"0"	"Всего"	"0"	"Всего"	"0"	"4.6"
"уровень безработицы(Процент)"	"2 квартал 2024 г."	"202406"	"МАНГИСТАУСКАЯ ОБЛАСТЬ"	"0"	"городская местность"	"0"	"Всего"	"0"	"Всего"	"0"	"Всего"	"0"	"4.2"
"уровень безработицы(Процент)"	"3 квартал 2024 г."	"202409"	"МАНГИСТАУСКАЯ ОБЛАСТЬ"	"0"	"городская местность"	"0"	"Всего"	"0"	"Всего"	"0"	"Всего"	"0"	"3.5"
"уровень безработицы(Процент)"	"4 квартал 2024 г."	"202412"	"МАНГИСТАУСКАЯ ОБЛАСТЬ"	"0"	"городская местность"	"0"	"Всего"	"0"	"Всего"	"0"	"Всего"	"0"	"4.0"
"уровень безработицы(Процент)"	"1 квартал 2025 г."	"202503"	"МАНГИСТАУСКАЯ ОБЛАСТЬ"	"0"	"городская местность"	"0"	"Всего"	"0"	"Всего"	"0"	"Всего"	"0"	"5.3"
"уровень безработицы(Процент)"	"2 квартал 2025 г."	"202506"	"МАНГИСТАУСКАЯ ОБЛАСТЬ"	"0"	"городская местность"	"0"	"Всего"	"0"	"Всего"	"0"	"Всего"	"0"	"4.9"
"уровень безработицы(Процент)"	"1 квартал 2023 г."	"202303"	"КЫЗЫЛОРДИНСКАЯ ОБЛАСТЬ"	"0"	"городская местность"	"0"	"Всего"	"0"	"Всего"	"0"	"Всего"	"0"	"5.0"
"уровень безработицы(Процент)"	"3 квартал 2023 г."	"202309"	"КЫЗЫЛОРДИНСКАЯ ОБЛАСТЬ"	"0"	"городская местность"	"0"	"Всего"	"0"	"Всего"	"0"	"Всего"	"0"	"4.9"
"уровень безработицы(Процент)"	"4 квартал 2023 г."	"202312"	"КЫЗЫЛОРДИНСКАЯ ОБЛАСТЬ"	"0"	"городская местность"	"0"	"Всего"	"0"	"Всего"	"0"	"Всего"	"0"	"5.0"
"уровень безработицы(Процент)"	"2 квартал 2023 г."	"202306"	"КЫЗЫЛОРДИНСКАЯ ОБЛАСТЬ"	"0"	"городская местность"	"0"	"Всего"	"0"	"Всего"	"0"	"Всего"	"0"	"4.9"
"уровень безработицы(Процент)"	"1 квартал 2024 г."	"202403"	"КЫЗЫЛОРДИНСКАЯ ОБЛАСТЬ"	"0"	"городская местность"	"0"	"Всего"	"0"	"Всего"	"0"	"Всего"	"0"	"5.3"
"уровень безработицы(Процент)"	"2 квартал 2024 г."	"202406"	"КЫЗЫЛОРДИНСКАЯ ОБЛАСТЬ"	"0"	"городская местность"	"0"	"Всего"	"0"	"Всего"	"0"	"Всего"	"0"	"3.9"
"уровень безработицы(Процент)"	"3 квартал 2024 г."	"202409"	"КЫЗЫЛОРДИНСКАЯ ОБЛАСТЬ"	"0"	"городская местность"	"0"	"Всего"	"0"	"Всего"	"0"	"Всего"	"0"	"4.6"
"уровень безработицы(Процент)"	"4 квартал 2024 г."	"202412"	"КЫЗЫЛОРДИНСКАЯ ОБЛАСТЬ"	"0"	"городская местность"	"0"	"Всего"	"0"	"Всего"	"0"	"Всего"	"0"	"4.4"
"уровень безработицы(Процент)"	"1 квартал 2025 г."	"202503"	"КЫЗЫЛОРДИНСКАЯ ОБЛАСТЬ"	"0"	"городская местность"	"0"	"Всего"	"0"	"Всего"	"0"	"Всего"	"0"	"4.4"
"уровень безработицы(Процент)"	"2 квартал 2025 г."	"202506"	"КЫЗЫЛОРДИНСКАЯ ОБЛАСТЬ"	"0"	"городская местность"	"0"	"Всего"	"0"	"Всего"	"0"	"Всего"	"0"	"4.3"
"уровень безработицы(Процент)"	"1 квартал 2023 г."	"202303"	"КОСТАНАЙСКАЯ ОБЛАСТЬ"	"0"	"городская местность"	"0"	"Всего"	"0"	"Всего"	"0"	"Всего"	"0"	"4.8"
"уровень безработицы(Процент)"	"3 квартал 2023 г."	"202309"	"КОСТАНАЙСКАЯ ОБЛАСТЬ"	"0"	"городская местность"	"0"	"Всего"	"0"	"Всего"	"0"	"Всего"	"0"	"4.8"
"уровень безработицы(Процент)"	"4 квартал 2023 г."	"202312"	"КОСТАНАЙСКАЯ ОБЛАСТЬ"	"0"	"городская местность"	"0"	"Всего"	"0"	"Всего"	"0"	"Всего"	"0"	"4.9"
"уровень безработицы(Процент)"	"2 квартал 2023 г."	"202306"	"КОСТАНАЙСКАЯ ОБЛАСТЬ"	"0"	"городская местность"	"0"	"Всего"	"0"	"Всего"	"0"	"Всего"	"0"	"4.8"
"уровень безработицы(Процент)"	"1 квартал 2024 г."	"202403"	"КОСТАНАЙСКАЯ ОБЛАСТЬ"	"0"	"городская местность"	"0"	"Всего"	"0"	"Всего"	"0"	"Всего"	"0"	"4.7"
"уровень безработицы(Процент)"	"2 квартал 2024 г."	"202406"	"КОСТАНАЙСКАЯ ОБЛАСТЬ"	"0"	"городская местность"	"0"	"Всего"	"0"	"Всего"	"0"	"Всего"	"0"	"4.6"
"уровень безработицы(Процент)"	"3 квартал 2024 г."	"202409"	"КОСТАНАЙСКАЯ ОБЛАСТЬ"	"0"	"городская местность"	"0"	"Всего"	"0"	"Всего"	"0"	"Всего"	"0"	"4.6"
"уровень безработицы(Процент)"	"4 квартал 2024 г."	"202412"	"КОСТАНАЙСКАЯ ОБЛАСТЬ"	"0"	"городская местность"	"0"	"Всего"	"0"	"Всего"	"0"	"Всего"	"0"	"4.7"
"уровень безработицы(Процент)"	"1 квартал 2025 г."	"202503"	"КОСТАНАЙСКАЯ ОБЛАСТЬ"	"0"	"городская местность"	"0"	"Всего"	"0"	"Всего"	"0"	"Всего"	"0"	"4.7"
"уровень безработицы(Процент)"	"2 квартал 2025 г."	"202506"	"КОСТАНАЙСКАЯ ОБЛАСТЬ"	"0"	"городская местность"	"0"	"Всего"	"0"	"Всего"	"0"	"Всего"	"0"	"4.7"
"уровень безработицы(Процент)"	"1 квартал 2023 г."	"202303"	"КАРАГАНДИНСКАЯ ОБЛАСТЬ"	"0"	"городская местность"	"0"	"Всего"	"0"	"Всего"	"0"	"Всего"	"0"	"4.3"
"уровень безработицы(Процент)"	"3 квартал 2023 г."	"202309"	"КАРАГАНДИНСКАЯ ОБЛАСТЬ"	"0"	"городская местность"	"0"	"Всего"	"0"	"Всего"	"0"	"Всего"	"0"	"4.3"
"уровень безработицы(Процент)"	"4 квартал 2023 г."	"202312"	"КАРАГАНДИНСКАЯ ОБЛАСТЬ"	"0"	"городская местность"	"0"	"Всего"	"0"	"Всего"	"0"	"Всего"	"0"	"4.6"
"уровень безработицы(Процент)"	"2 квартал 2023 г."	"202306"	"КАРАГАНДИНСКАЯ ОБЛАСТЬ"	"0"	"городская местность"	"0"	"Всего"	"0"	"Всего"	"0"	"Всего"	"0"	"4.3"
"уровень безработицы(Процент)"	"1 квартал 2024 г."	"202403"	"КАРАГАНДИНСКАЯ ОБЛАСТЬ"	"0"	"городская местность"	"0"	"Всего"	"0"	"Всего"	"0"	"Всего"	"0"	"4.4"
"уровень безработицы(Процент)"	"2 квартал 2024 г."	"202406"	"КАРАГАНДИНСКАЯ ОБЛАСТЬ"	"0"	"городская местность"	"0"	"Всего"	"0"	"Всего"	"0"	"Всего"	"0"	"4.4"
"уровень безработицы(Процент)"	"3 квартал 2024 г."	"202409"	"КАРАГАНДИНСКАЯ ОБЛАСТЬ"	"0"	"городская местность"	"0"	"Всего"	"0"	"Всего"	"0"	"Всего"	"0"	"4.5"
"уровень безработицы(Процент)"	"4 квартал 2024 г."	"202412"	"КАРАГАНДИНСКАЯ ОБЛАСТЬ"	"0"	"городская местность"	"0"	"Всего"	"0"	"Всего"	"0"	"Всего"	"0"	"4.4"
"уровень безработицы(Процент)"	"1 квартал 2025 г."	"202503"	"КАРАГАНДИНСКАЯ ОБЛАСТЬ"	"0"	"городская местность"	"0"	"Всего"	"0"	"Всего"	"0"	"Всего"	"0"	"4.4"
"уровень безработицы(Процент)"	"2 квартал 2025 г."	"202506"	"КАРАГАНДИНСКАЯ ОБЛАСТЬ"	"0"	"городская местность"	"0"	"Всего"	"0"	"Всего"	"0"	"Всего"	"0"	"4.8"
"уровень безработицы(Процент)"	"1 квартал 2023 г."	"202303"	"ЗАПАДНО-КАЗАХСТАНСКАЯ ОБЛАСТЬ"	"0"	"городская местность"	"0"	"Всего"	"0"	"Всего"	"0"	"Всего"	"0"	"4.8"
"уровень безработицы(Процент)"	"3 квартал 2023 г."	"202309"	"ЗАПАДНО-КАЗАХСТАНСКАЯ ОБЛАСТЬ"	"0"	"городская местность"	"0"	"Всего"	"0"	"Всего"	"0"	"Всего"	"0"	"4.6"
"уровень безработицы(Процент)"	"4 квартал 2023 г."	"202312"	"ЗАПАДНО-КАЗАХСТАНСКАЯ ОБЛАСТЬ"	"0"	"городская местность"	"0"	"Всего"	"0"	"Всего"	"0"	"Всего"	"0"	"4.6"
"уровень безработицы(Процент)"	"2 квартал 2023 г."	"202306"	"ЗАПАДНО-КАЗАХСТАНСКАЯ ОБЛАСТЬ"	"0"	"городская местность"	"0"	"Всего"	"0"	"Всего"	"0"	"Всего"	"0"	"4.9"
"уровень безработицы(Процент)"	"1 квартал 2024 г."	"202403"	"ЗАПАДНО-КАЗАХСТАНСКАЯ ОБЛАСТЬ"	"0"	"городская местность"	"0"	"Всего"	"0"	"Всего"	"0"	"Всего"	"0"	"4.7"
"уровень безработицы(Процент)"	"2 квартал 2024 г."	"202406"	"ЗАПАДНО-КАЗАХСТАНСКАЯ ОБЛАСТЬ"	"0"	"городская местность"	"0"	"Всего"	"0"	"Всего"	"0"	"Всего"	"0"	"4.6"
"уровень безработицы(Процент)"	"3 квартал 2024 г."	"202409"	"ЗАПАДНО-КАЗАХСТАНСКАЯ ОБЛАСТЬ"	"0"	"городская местность"	"0"	"Всего"	"0"	"Всего"	"0"	"Всего"	"0"	"4.7"
"уровень безработицы(Процент)"	"4 квартал 2024 г."	"202412"	"ЗАПАДНО-КАЗАХСТАНСКАЯ ОБЛАСТЬ"	"0"	"городская местность"	"0"	"Всего"	"0"	"Всего"	"0"	"Всего"	"0"	"4.6"
"уровень безработицы(Процент)"	"1 квартал 2025 г."	"202503"	"ЗАПАДНО-КАЗАХСТАНСКАЯ ОБЛАСТЬ"	"0"	"городская местность"	"0"	"Всего"	"0"	"Всего"	"0"	"Всего"	"0"	"4.7"
"уровень безработицы(Процент)"	"2 квартал 2025 г."	"202506"	"ЗАПАДНО-КАЗАХСТАНСКАЯ ОБЛАСТЬ"	"0"	"городская местность"	"0"	"Всего"	"0"	"Всего"	"0"	"Всего"	"0"	"4.6"
"уровень безработицы(Процент)"	"1 квартал 2023 г."	"202303"	"ЖАМБЫЛСКАЯ ОБЛАСТЬ"	"0"	"городская местность"	"0"	"Всего"	"0"	"Всего"	"0"	"Всего"	"0"	"5.1"
"уровень безработицы(Процент)"	"3 квартал 2023 г."	"202309"	"ЖАМБЫЛСКАЯ ОБЛАСТЬ"	"0"	"городская местность"	"0"	"Всего"	"0"	"Всего"	"0"	"Всего"	"0"	"4.7"
"уровень безработицы(Процент)"	"4 квартал 2023 г."	"202312"	"ЖАМБЫЛСКАЯ ОБЛАСТЬ"	"0"	"городская местность"	"0"	"Всего"	"0"	"Всего"	"0"	"Всего"	"0"	"4.8"
"уровень безработицы(Процент)"	"2 квартал 2023 г."	"202306"	"ЖАМБЫЛСКАЯ ОБЛАСТЬ"	"0"	"городская местность"	"0"	"Всего"	"0"	"Всего"	"0"	"Всего"	"0"	"5.0"
"уровень безработицы(Процент)"	"1 квартал 2024 г."	"202403"	"ЖАМБЫЛСКАЯ ОБЛАСТЬ"	"0"	"городская местность"	"0"	"Всего"	"0"	"Всего"	"0"	"Всего"	"0"	"4.8"
"уровень безработицы(Процент)"	"2 квартал 2024 г."	"202406"	"ЖАМБЫЛСКАЯ ОБЛАСТЬ"	"0"	"городская местность"	"0"	"Всего"	"0"	"Всего"	"0"	"Всего"	"0"	"4.8"
"уровень безработицы(Процент)"	"3 квартал 2024 г."	"202409"	"ЖАМБЫЛСКАЯ ОБЛАСТЬ"	"0"	"городская местность"	"0"	"Всего"	"0"	"Всего"	"0"	"Всего"	"0"	"4.6"
"уровень безработицы(Процент)"	"4 квартал 2024 г."	"202412"	"ЖАМБЫЛСКАЯ ОБЛАСТЬ"	"0"	"городская местность"	"0"	"Всего"	"0"	"Всего"	"0"	"Всего"	"0"	"4.4"
"уровень безработицы(Процент)"	"1 квартал 2025 г."	"202503"	"ЖАМБЫЛСКАЯ ОБЛАСТЬ"	"0"	"городская местность"	"0"	"Всего"	"0"	"Всего"	"0"	"Всего"	"0"	"4.8"
"уровень безработицы(Процент)"	"2 квартал 2025 г."	"202506"	"ЖАМБЫЛСКАЯ ОБЛАСТЬ"	"0"	"городская местность"	"0"	"Всего"	"0"	"Всего"	"0"	"Всего"	"0"	"4.7"
"уровень безработицы(Процент)"	"1 квартал 2023 г."	"202303"	"ВОСТОЧНО-КАЗАХСТАНСКАЯ ОБЛАСТЬ"	"0"	"городская местность"	"0"	"Всего"	"0"	"Всего"	"0"	"Всего"	"0"	"4.4"
"уровень безработицы(Процент)"	"3 квартал 2023 г."	"202309"	"ВОСТОЧНО-КАЗАХСТАНСКАЯ ОБЛАСТЬ"	"0"	"городская местность"	"0"	"Всего"	"0"	"Всего"	"0"	"Всего"	"0"	"4.5"
"уровень безработицы(Процент)"	"4 квартал 2023 г."	"202312"	"ВОСТОЧНО-КАЗАХСТАНСКАЯ ОБЛАСТЬ"	"0"	"городская местность"	"0"	"Всего"	"0"	"Всего"	"0"	"Всего"	"0"	"4.4"
"уровень безработицы(Процент)"	"2 квартал 2023 г."	"202306"	"ВОСТОЧНО-КАЗАХСТАНСКАЯ ОБЛАСТЬ"	"0"	"городская местность"	"0"	"Всего"	"0"	"Всего"	"0"	"Всего"	"0"	"4.3"
"уровень безработицы(Процент)"	"1 квартал 2024 г."	"202403"	"ВОСТОЧНО-КАЗАХСТАНСКАЯ ОБЛАСТЬ"	"0"	"городская местность"	"0"	"Всего"	"0"	"Всего"	"0"	"Всего"	"0"	"4.6"
"уровень безработицы(Процент)"	"2 квартал 2024 г."	"202406"	"ВОСТОЧНО-КАЗАХСТАНСКАЯ ОБЛАСТЬ"	"0"	"городская местность"	"0"	"Всего"	"0"	"Всего"	"0"	"Всего"	"0"	"4.6"
"уровень безработицы(Процент)"	"3 квартал 2024 г."	"202409"	"ВОСТОЧНО-КАЗАХСТАНСКАЯ ОБЛАСТЬ"	"0"	"городская местность"	"0"	"Всего"	"0"	"Всего"	"0"	"Всего"	"0"	"4.5"
"уровень безработицы(Процент)"	"4 квартал 2024 г."	"202412"	"ВОСТОЧНО-КАЗАХСТАНСКАЯ ОБЛАСТЬ"	"0"	"городская местность"	"0"	"Всего"	"0"	"Всего"	"0"	"Всего"	"0"	"4.4"
"уровень безработицы(Процент)"	"1 квартал 2025 г."	"202503"	"ВОСТОЧНО-КАЗАХСТАНСКАЯ ОБЛАСТЬ"	"0"	"городская местность"	"0"	"Всего"	"0"	"Всего"	"0"	"Всего"	"0"	"4.7"
"уровень безработицы(Процент)"	"2 квартал 2025 г."	"202506"	"ВОСТОЧНО-КАЗАХСТАНСКАЯ ОБЛАСТЬ"	"0"	"городская местность"	"0"	"Всего"	"0"	"Всего"	"0"	"Всего"	"0"	"4.6"
"уровень безработицы(Процент)"	"1 квартал 2023 г."	"202303"	"АТЫРАУСКАЯ ОБЛАСТЬ"	"0"	"городская местность"	"0"	"Всего"	"0"	"Всего"	"0"	"Всего"	"0"	"4.8"
"уровень безработицы(Процент)"	"3 квартал 2023 г."	"202309"	"АТЫРАУСКАЯ ОБЛАСТЬ"	"0"	"городская местность"	"0"	"Всего"	"0"	"Всего"	"0"	"Всего"	"0"	"5.0"
"уровень безработицы(Процент)"	"4 квартал 2023 г."	"202312"	"АТЫРАУСКАЯ ОБЛАСТЬ"	"0"	"городская местность"	"0"	"Всего"	"0"	"Всего"	"0"	"Всего"	"0"	"4.4"
"уровень безработицы(Процент)"	"2 квартал 2023 г."	"202306"	"АТЫРАУСКАЯ ОБЛАСТЬ"	"0"	"городская местность"	"0"	"Всего"	"0"	"Всего"	"0"	"Всего"	"0"	"4.8"
"уровень безработицы(Процент)"	"1 квартал 2024 г."	"202403"	"АТЫРАУСКАЯ ОБЛАСТЬ"	"0"	"городская местность"	"0"	"Всего"	"0"	"Всего"	"0"	"Всего"	"0"	"4.9"
"уровень безработицы(Процент)"	"2 квартал 2024 г."	"202406"	"АТЫРАУСКАЯ ОБЛАСТЬ"	"0"	"городская местность"	"0"	"Всего"	"0"	"Всего"	"0"	"Всего"	"0"	"4.8"
"уровень безработицы(Процент)"	"3 квартал 2024 г."	"202409"	"АТЫРАУСКАЯ ОБЛАСТЬ"	"0"	"городская местность"	"0"	"Всего"	"0"	"Всего"	"0"	"Всего"	"0"	"5.0"
"уровень безработицы(Процент)"	"4 квартал 2024 г."	"202412"	"АТЫРАУСКАЯ ОБЛАСТЬ"	"0"	"городская местность"	"0"	"Всего"	"0"	"Всего"	"0"	"Всего"	"0"	"4.7"
"уровень безработицы(Процент)"	"1 квартал 2025 г."	"202503"	"АТЫРАУСКАЯ ОБЛАСТЬ"	"0"	"городская местность"	"0"	"Всего"	"0"	"Всего"	"0"	"Всего"	"0"	"5.1"
"уровень безработицы(Процент)"	"2 квартал 2025 г."	"202506"	"АТЫРАУСКАЯ ОБЛАСТЬ"	"0"	"городская местность"	"0"	"Всего"	"0"	"Всего"	"0"	"Всего"	"0"	"4.5"
"уровень безработицы(Процент)"	"1 квартал 2023 г."	"202303"	"АЛМАТИНСКАЯ ОБЛАСТЬ"	"0"	"городская местность"	"0"	"Всего"	"0"	"Всего"	"0"	"Всего"	"0"	"4.5"
"уровень безработицы(Процент)"	"3 квартал 2023 г."	"202309"	"АЛМАТИНСКАЯ ОБЛАСТЬ"	"0"	"городская местность"	"0"	"Всего"	"0"	"Всего"	"0"	"Всего"	"0"	"6.7"
"уровень безработицы(Процент)"	"4 квартал 2023 г."	"202312"	"АЛМАТИНСКАЯ ОБЛАСТЬ"	"0"	"городская местность"	"0"	"Всего"	"0"	"Всего"	"0"	"Всего"	"0"	"7.2"
"уровень безработицы(Процент)"	"2 квартал 2023 г."	"202306"	"АЛМАТИНСКАЯ ОБЛАСТЬ"	"0"	"городская местность"	"0"	"Всего"	"0"	"Всего"	"0"	"Всего"	"0"	"5.2"
"уровень безработицы(Процент)"	"1 квартал 2024 г."	"202403"	"АЛМАТИНСКАЯ ОБЛАСТЬ"	"0"	"городская местность"	"0"	"Всего"	"0"	"Всего"	"0"	"Всего"	"0"	"6.3"
"уровень безработицы(Процент)"	"2 квартал 2024 г."	"202406"	"АЛМАТИНСКАЯ ОБЛАСТЬ"	"0"	"городская местность"	"0"	"Всего"	"0"	"Всего"	"0"	"Всего"	"0"	"7.6"
"уровень безработицы(Процент)"	"3 квартал 2024 г."	"202409"	"АЛМАТИНСКАЯ ОБЛАСТЬ"	"0"	"городская местность"	"0"	"Всего"	"0"	"Всего"	"0"	"Всего"	"0"	"6.6"
"уровень безработицы(Процент)"	"4 квартал 2024 г."	"202412"	"АЛМАТИНСКАЯ ОБЛАСТЬ"	"0"	"городская местность"	"0"	"Всего"	"0"	"Всего"	"0"	"Всего"	"0"	"7.7"
"уровень безработицы(Процент)"	"1 квартал 2025 г."	"202503"	"АЛМАТИНСКАЯ ОБЛАСТЬ"	"0"	"городская местность"	"0"	"Всего"	"0"	"Всего"	"0"	"Всего"	"0"	"5.2"
"уровень безработицы(Процент)"	"2 квартал 2025 г."	"202506"	"АЛМАТИНСКАЯ ОБЛАСТЬ"	"0"	"городская местность"	"0"	"Всего"	"0"	"Всего"	"0"	"Всего"	"0"	"5.3"
"уровень безработицы(Процент)"	"1 квартал 2023 г."	"202303"	"АКТЮБИНСКАЯ ОБЛАСТЬ"	"0"	"городская местность"	"0"	"Всего"	"0"	"Всего"	"0"	"Всего"	"0"	"4.7"
"уровень безработицы(Процент)"	"3 квартал 2023 г."	"202309"	"АКТЮБИНСКАЯ ОБЛАСТЬ"	"0"	"городская местность"	"0"	"Всего"	"0"	"Всего"	"0"	"Всего"	"0"	"4.5"
"уровень безработицы(Процент)"	"4 квартал 2023 г."	"202312"	"АКТЮБИНСКАЯ ОБЛАСТЬ"	"0"	"городская местность"	"0"	"Всего"	"0"	"Всего"	"0"	"Всего"	"0"	"4.3"
"уровень безработицы(Процент)"	"2 квартал 2023 г."	"202306"	"АКТЮБИНСКАЯ ОБЛАСТЬ"	"0"	"городская местность"	"0"	"Всего"	"0"	"Всего"	"0"	"Всего"	"0"	"4.5"
"уровень безработицы(Процент)"	"1 квартал 2024 г."	"202403"	"АКТЮБИНСКАЯ ОБЛАСТЬ"	"0"	"городская местность"	"0"	"Всего"	"0"	"Всего"	"0"	"Всего"	"0"	"4.5"
"уровень безработицы(Процент)"	"2 квартал 2024 г."	"202406"	"АКТЮБИНСКАЯ ОБЛАСТЬ"	"0"	"городская местность"	"0"	"Всего"	"0"	"Всего"	"0"	"Всего"	"0"	"4.4"
"уровень безработицы(Процент)"	"3 квартал 2024 г."	"202409"	"АКТЮБИНСКАЯ ОБЛАСТЬ"	"0"	"городская местность"	"0"	"Всего"	"0"	"Всего"	"0"	"Всего"	"0"	"4.3"
"уровень безработицы(Процент)"	"4 квартал 2024 г."	"202412"	"АКТЮБИНСКАЯ ОБЛАСТЬ"	"0"	"городская местность"	"0"	"Всего"	"0"	"Всего"	"0"	"Всего"	"0"	"4.4"
"уровень безработицы(Процент)"	"1 квартал 2025 г."	"202503"	"АКТЮБИНСКАЯ ОБЛАСТЬ"	"0"	"городская местность"	"0"	"Всего"	"0"	"Всего"	"0"	"Всего"	"0"	"4.9"
"уровень безработицы(Процент)"	"2 квартал 2025 г."	"202506"	"АКТЮБИНСКАЯ ОБЛАСТЬ"	"0"	"городская местность"	"0"	"Всего"	"0"	"Всего"	"0"	"Всего"	"0"	"4.7"
"уровень безработицы(Процент)"	"1 квартал 2023 г."	"202303"	"АКМОЛИНСКАЯ ОБЛАСТЬ"	"0"	"городская местность"	"0"	"Всего"	"0"	"Всего"	"0"	"Всего"	"0"	"4.3"
"уровень безработицы(Процент)"	"3 квартал 2023 г."	"202309"	"АКМОЛИНСКАЯ ОБЛАСТЬ"	"0"	"городская местность"	"0"	"Всего"	"0"	"Всего"	"0"	"Всего"	"0"	"4.5"
"уровень безработицы(Процент)"	"4 квартал 2023 г."	"202312"	"АКМОЛИНСКАЯ ОБЛАСТЬ"	"0"	"городская местность"	"0"	"Всего"	"0"	"Всего"	"0"	"Всего"	"0"	"4.5"
"уровень безработицы(Процент)"	"2 квартал 2023 г."	"202306"	"АКМОЛИНСКАЯ ОБЛАСТЬ"	"0"	"городская местность"	"0"	"Всего"	"0"	"Всего"	"0"	"Всего"	"0"	"4.4"
"уровень безработицы(Процент)"	"1 квартал 2024 г."	"202403"	"АКМОЛИНСКАЯ ОБЛАСТЬ"	"0"	"городская местность"	"0"	"Всего"	"0"	"Всего"	"0"	"Всего"	"0"	"4.4"
"уровень безработицы(Процент)"	"2 квартал 2024 г."	"202406"	"АКМОЛИНСКАЯ ОБЛАСТЬ"	"0"	"городская местность"	"0"	"Всего"	"0"	"Всего"	"0"	"Всего"	"0"	"4.3"
"уровень безработицы(Процент)"	"3 квартал 2024 г."	"202409"	"АКМОЛИНСКАЯ ОБЛАСТЬ"	"0"	"городская местность"	"0"	"Всего"	"0"	"Всего"	"0"	"Всего"	"0"	"4.2"
"уровень безработицы(Процент)"	"4 квартал 2024 г."	"202412"	"АКМОЛИНСКАЯ ОБЛАСТЬ"	"0"	"городская местность"	"0"	"Всего"	"0"	"Всего"	"0"	"Всего"	"0"	"4.2"
"уровень безработицы(Процент)"	"1 квартал 2025 г."	"202503"	"АКМОЛИНСКАЯ ОБЛАСТЬ"	"0"	"городская местность"	"0"	"Всего"	"0"	"Всего"	"0"	"Всего"	"0"	"4.2"
"уровень безработицы(Процент)"	"2 квартал 2025 г."	"202506"	"АКМОЛИНСКАЯ ОБЛАСТЬ"	"0"	"городская местность"	"0"	"Всего"	"0"	"Всего"	"0"	"Всего"	"0"	"4.1"
"уровень безработицы(Процент)"	"1 квартал 2023 г."	"202303"	"Г.ШЫМКЕНТ"	"0"	"городская местность"	"0"	"Всего"	"0"	"Всего"	"0"	"Всего"	"0"	"4.9"
"уровень безработицы(Процент)"	"3 квартал 2023 г."	"202309"	"Г.ШЫМКЕНТ"	"0"	"городская местность"	"0"	"Всего"	"0"	"Всего"	"0"	"Всего"	"0"	"4.9"
"уровень безработицы(Процент)"	"4 квартал 2023 г."	"202312"	"Г.ШЫМКЕНТ"	"0"	"городская местность"	"0"	"Всего"	"0"	"Всего"	"0"	"Всего"	"0"	"4.9"
"уровень безработицы(Процент)"	"2 квартал 2023 г."	"202306"	"Г.ШЫМКЕНТ"	"0"	"городская местность"	"0"	"Всего"	"0"	"Всего"	"0"	"Всего"	"0"	"4.9"
"уровень безработицы(Процент)"	"1 квартал 2024 г."	"202403"	"Г.ШЫМКЕНТ"	"0"	"городская местность"	"0"	"Всего"	"0"	"Всего"	"0"	"Всего"	"0"	"4.8"
"уровень безработицы(Процент)"	"2 квартал 2024 г."	"202406"	"Г.ШЫМКЕНТ"	"0"	"городская местность"	"0"	"Всего"	"0"	"Всего"	"0"	"Всего"	"0"	"4.8"
"уровень безработицы(Процент)"	"3 квартал 2024 г."	"202409"	"Г.ШЫМКЕНТ"	"0"	"городская местность"	"0"	"Всего"	"0"	"Всего"	"0"	"Всего"	"0"	"4.8"
"уровень безработицы(Процент)"	"4 квартал 2024 г."	"202412"	"Г.ШЫМКЕНТ"	"0"	"городская местность"	"0"	"Всего"	"0"	"Всего"	"0"	"Всего"	"0"	"4.8"
"уровень безработицы(Процент)"	"1 квартал 2025 г."	"202503"	"Г.ШЫМКЕНТ"	"0"	"городская местность"	"0"	"Всего"	"0"	"Всего"	"0"	"Всего"	"0"	"4.8"
"уровень безработицы(Процент)"	"2 квартал 2025 г."	"202506"	"Г.ШЫМКЕНТ"	"0"	"городская местность"	"0"	"Всего"	"0"	"Всего"	"0"	"Всего"	"0"	"4.7"
"уровень безработицы(Процент)"	"1 квартал 2023 г."	"202303"	"Г.ШЫМКЕНТ"	"0"	"Всего"	"0"	"Всего"	"0"	"Всего"	"0"	"Всего"	"0"	"4.9"
"уровень безработицы(Процент)"	"3 квартал 2023 г."	"202309"	"Г.ШЫМКЕНТ"	"0"	"Всего"	"0"	"Всего"	"0"	"Всего"	"0"	"Всего"	"0"	"4.9"
"уровень безработицы(Процент)"	"4 квартал 2023 г."	"202312"	"Г.ШЫМКЕНТ"	"0"	"Всего"	"0"	"Всего"	"0"	"Всего"	"0"	"Всего"	"0"	"4.9"
"уровень безработицы(Процент)"	"2 квартал 2023 г."	"202306"	"Г.ШЫМКЕНТ"	"0"	"Всего"	"0"	"Всего"	"0"	"Всего"	"0"	"Всего"	"0"	"4.9"
"уровень безработицы(Процент)"	"1 квартал 2024 г."	"202403"	"Г.ШЫМКЕНТ"	"0"	"Всего"	"0"	"Всего"	"0"	"Всего"	"0"	"Всего"	"0"	"4.8"
"уровень безработицы(Процент)"	"2 квартал 2024 г."	"202406"	"Г.ШЫМКЕНТ"	"0"	"Всего"	"0"	"Всего"	"0"	"Всего"	"0"	"Всего"	"0"	"4.8"
"уровень безработицы(Процент)"	"3 квартал 2024 г."	"202409"	"Г.ШЫМКЕНТ"	"0"	"Всего"	"0"	"Всего"	"0"	"Всего"	"0"	"Всего"	"0"	"4.8"
"уровень безработицы(Процент)"	"4 квартал 2024 г."	"202412"	"Г.ШЫМКЕНТ"	"0"	"Всего"	"0"	"Всего"	"0"	"Всего"	"0"	"Всего"	"0"	"4.8"
"уровень безработицы(Процент)"	"1 квартал 2025 г."	"202503"	"Г.ШЫМКЕНТ"	"0"	"Всего"	"0"	"Всего"	"0"	"Всего"	"0"	"Всего"	"0"	"4.8"
"уровень безработицы(Процент)"	"2 квартал 2025 г."	"202506"	"Г.ШЫМКЕНТ"	"0"	"Всего"	"0"	"Всего"	"0"	"Всего"	"0"	"Всего"	"0"	"4.7"
"уровень безработицы(Процент)"	"1 квартал 2023 г."	"202303"	"ТУРКЕСТАНСКАЯ ОБЛАСТЬ"	"0"	"сельская местность"	"0"	"Всего"	"0"	"Всего"	"0"	"Всего"	"0"	"5.0"
"уровень безработицы(Процент)"	"3 квартал 2023 г."	"202309"	"ТУРКЕСТАНСКАЯ ОБЛАСТЬ"	"0"	"сельская местность"	"0"	"Всего"	"0"	"Всего"	"0"	"Всего"	"0"	"5.1"
"уровень безработицы(Процент)"	"4 квартал 2023 г."	"202312"	"ТУРКЕСТАНСКАЯ ОБЛАСТЬ"	"0"	"сельская местность"	"0"	"Всего"	"0"	"Всего"	"0"	"Всего"	"0"	"5.0"
"уровень безработицы(Процент)"	"2 квартал 2023 г."	"202306"	"ТУРКЕСТАНСКАЯ ОБЛАСТЬ"	"0"	"сельская местность"	"0"	"Всего"	"0"	"Всего"	"0"	"Всего"	"0"	"5.1"
"уровень безработицы(Процент)"	"1 квартал 2024 г."	"202403"	"ТУРКЕСТАНСКАЯ ОБЛАСТЬ"	"0"	"сельская местность"	"0"	"Всего"	"0"	"Всего"	"0"	"Всего"	"0"	"5.0"
"уровень безработицы(Процент)"	"2 квартал 2024 г."	"202406"	"ТУРКЕСТАНСКАЯ ОБЛАСТЬ"	"0"	"сельская местность"	"0"	"Всего"	"0"	"Всего"	"0"	"Всего"	"0"	"4.8"
"уровень безработицы(Процент)"	"3 квартал 2024 г."	"202409"	"ТУРКЕСТАНСКАЯ ОБЛАСТЬ"	"0"	"сельская местность"	"0"	"Всего"	"0"	"Всего"	"0"	"Всего"	"0"	"4.8"
"уровень безработицы(Процент)"	"4 квартал 2024 г."	"202412"	"ТУРКЕСТАНСКАЯ ОБЛАСТЬ"	"0"	"сельская местность"	"0"	"Всего"	"0"	"Всего"	"0"	"Всего"	"0"	"4.9"
"уровень безработицы(Процент)"	"1 квартал 2025 г."	"202503"	"ТУРКЕСТАНСКАЯ ОБЛАСТЬ"	"0"	"сельская местность"	"0"	"Всего"	"0"	"Всего"	"0"	"Всего"	"0"	"5.0"
"уровень безработицы(Процент)"	"2 квартал 2025 г."	"202506"	"ТУРКЕСТАНСКАЯ ОБЛАСТЬ"	"0"	"сельская местность"	"0"	"Всего"	"0"	"Всего"	"0"	"Всего"	"0"	"4.8"
"уровень безработицы(Процент)"	"1 квартал 2023 г."	"202303"	"ТУРКЕСТАНСКАЯ ОБЛАСТЬ"	"0"	"городская местность"	"0"	"Всего"	"0"	"Всего"	"0"	"Всего"	"0"	"4.9"
"уровень безработицы(Процент)"	"3 квартал 2023 г."	"202309"	"ТУРКЕСТАНСКАЯ ОБЛАСТЬ"	"0"	"городская местность"	"0"	"Всего"	"0"	"Всего"	"0"	"Всего"	"0"	"4.7"
"уровень безработицы(Процент)"	"4 квартал 2023 г."	"202312"	"ТУРКЕСТАНСКАЯ ОБЛАСТЬ"	"0"	"городская местность"	"0"	"Всего"	"0"	"Всего"	"0"	"Всего"	"0"	"4.7"
"уровень безработицы(Процент)"	"2 квартал 2023 г."	"202306"	"ТУРКЕСТАНСКАЯ ОБЛАСТЬ"	"0"	"городская местность"	"0"	"Всего"	"0"	"Всего"	"0"	"Всего"	"0"	"4.7"
"уровень безработицы(Процент)"	"1 квартал 2024 г."	"202403"	"ТУРКЕСТАНСКАЯ ОБЛАСТЬ"	"0"	"городская местность"	"0"	"Всего"	"0"	"Всего"	"0"	"Всего"	"0"	"4.7"
"уровень безработицы(Процент)"	"2 квартал 2024 г."	"202406"	"ТУРКЕСТАНСКАЯ ОБЛАСТЬ"	"0"	"городская местность"	"0"	"Всего"	"0"	"Всего"	"0"	"Всего"	"0"	"4.9"
"уровень безработицы(Процент)"	"3 квартал 2024 г."	"202409"	"ТУРКЕСТАНСКАЯ ОБЛАСТЬ"	"0"	"городская местность"	"0"	"Всего"	"0"	"Всего"	"0"	"Всего"	"0"	"4.7"
"уровень безработицы(Процент)"	"4 квартал 2024 г."	"202412"	"ТУРКЕСТАНСКАЯ ОБЛАСТЬ"	"0"	"городская местность"	"0"	"Всего"	"0"	"Всего"	"0"	"Всего"	"0"	"4.4"
"уровень безработицы(Процент)"	"1 квартал 2025 г."	"202503"	"ТУРКЕСТАНСКАЯ ОБЛАСТЬ"	"0"	"городская местность"	"0"	"Всего"	"0"	"Всего"	"0"	"Всего"	"0"	"4.4"
"уровень безработицы(Процент)"	"2 квартал 2025 г."	"202506"	"ТУРКЕСТАНСКАЯ ОБЛАСТЬ"	"0"	"городская местность"	"0"	"Всего"	"0"	"Всего"	"0"	"Всего"	"0"	"4.3"
"уровень безработицы(Процент)"	"1 квартал 2023 г."	"202303"	"ТУРКЕСТАНСКАЯ ОБЛАСТЬ"	"0"	"Всего"	"0"	"Всего"	"0"	"Всего"	"0"	"Всего"	"0"	"5.0"
"уровень безработицы(Процент)"	"3 квартал 2023 г."	"202309"	"ТУРКЕСТАНСКАЯ ОБЛАСТЬ"	"0"	"Всего"	"0"	"Всего"	"0"	"Всего"	"0"	"Всего"	"0"	"5.0"
"уровень безработицы(Процент)"	"4 квартал 2023 г."	"202312"	"ТУРКЕСТАНСКАЯ ОБЛАСТЬ"	"0"	"Всего"	"0"	"Всего"	"0"	"Всего"	"0"	"Всего"	"0"	"5.0"
"уровень безработицы(Процент)"	"2 квартал 2023 г."	"202306"	"ТУРКЕСТАНСКАЯ ОБЛАСТЬ"	"0"	"Всего"	"0"	"Всего"	"0"	"Всего"	"0"	"Всего"	"0"	"5.0"
"уровень безработицы(Процент)"	"1 квартал 2024 г."	"202403"	"ТУРКЕСТАНСКАЯ ОБЛАСТЬ"	"0"	"Всего"	"0"	"Всего"	"0"	"Всего"	"0"	"Всего"	"0"	"4.9"
"уровень безработицы(Процент)"	"2 квартал 2024 г."	"202406"	"ТУРКЕСТАНСКАЯ ОБЛАСТЬ"	"0"	"Всего"	"0"	"Всего"	"0"	"Всего"	"0"	"Всего"	"0"	"4.8"
"уровень безработицы(Процент)"	"3 квартал 2024 г."	"202409"	"ТУРКЕСТАНСКАЯ ОБЛАСТЬ"	"0"	"Всего"	"0"	"Всего"	"0"	"Всего"	"0"	"Всего"	"0"	"4.8"
"уровень безработицы(Процент)"	"4 квартал 2024 г."	"202412"	"ТУРКЕСТАНСКАЯ ОБЛАСТЬ"	"0"	"Всего"	"0"	"Всего"	"0"	"Всего"	"0"	"Всего"	"0"	"4.8"
"уровень безработицы(Процент)"	"1 квартал 2025 г."	"202503"	"ТУРКЕСТАНСКАЯ ОБЛАСТЬ"	"0"	"Всего"	"0"	"Всего"	"0"	"Всего"	"0"	"Всего"	"0"	"4.8"
"уровень безработицы(Процент)"	"2 квартал 2025 г."	"202506"	"ТУРКЕСТАНСКАЯ ОБЛАСТЬ"	"0"	"Всего"	"0"	"Всего"	"0"	"Всего"	"0"	"Всего"	"0"	"4.7"
"уровень безработицы(Процент)"	"1 квартал 2023 г."	"202303"	"ОБЛАСТЬ ҰЛЫТАУ"	"0"	"Всего"	"0"	"Всего"	"0"	"Всего"	"0"	"Всего"	"0"	"4.2"
"уровень безработицы(Процент)"	"3 квартал 2023 г."	"202309"	"ОБЛАСТЬ ҰЛЫТАУ"	"0"	"Всего"	"0"	"Всего"	"0"	"Всего"	"0"	"Всего"	"0"	"4.2"
"уровень безработицы(Процент)"	"4 квартал 2023 г."	"202312"	"ОБЛАСТЬ ҰЛЫТАУ"	"0"	"Всего"	"0"	"Всего"	"0"	"Всего"	"0"	"Всего"	"0"	"4.2"
"уровень безработицы(Процент)"	"2 квартал 2023 г."	"202306"	"ОБЛАСТЬ ҰЛЫТАУ"	"0"	"Всего"	"0"	"Всего"	"0"	"Всего"	"0"	"Всего"	"0"	"4.2"
"уровень безработицы(Процент)"	"1 квартал 2024 г."	"202403"	"ОБЛАСТЬ ҰЛЫТАУ"	"0"	"Всего"	"0"	"Всего"	"0"	"Всего"	"0"	"Всего"	"0"	"4.2"
"уровень безработицы(Процент)"	"2 квартал 2024 г."	"202406"	"ОБЛАСТЬ ҰЛЫТАУ"	"0"	"Всего"	"0"	"Всего"	"0"	"Всего"	"0"	"Всего"	"0"	"4.2"
"уровень безработицы(Процент)"	"3 квартал 2024 г."	"202409"	"ОБЛАСТЬ ҰЛЫТАУ"	"0"	"Всего"	"0"	"Всего"	"0"	"Всего"	"0"	"Всего"	"0"	"4.1"
"уровень безработицы(Процент)"	"4 квартал 2024 г."	"202412"	"ОБЛАСТЬ ҰЛЫТАУ"	"0"	"Всего"	"0"	"Всего"	"0"	"Всего"	"0"	"Всего"	"0"	"4.1"
"уровень безработицы(Процент)"	"1 квартал 2025 г."	"202503"	"ОБЛАСТЬ ҰЛЫТАУ"	"0"	"Всего"	"0"	"Всего"	"0"	"Всего"	"0"	"Всего"	"0"	"4.1"
"уровень безработицы(Процент)"	"2 квартал 2025 г."	"202506"	"ОБЛАСТЬ ҰЛЫТАУ"	"0"	"Всего"	"0"	"Всего"	"0"	"Всего"	"0"	"Всего"	"0"	"4.1"
"уровень безработицы(Процент)"	"1 квартал 2023 г."	"202303"	"ОБЛАСТЬ ЖЕТІСУ"	"0"	"сельская местность"	"0"	"Всего"	"0"	"Всего"	"0"	"Всего"	"0"	"4.7"
"уровень безработицы(Процент)"	"3 квартал 2023 г."	"202309"	"ОБЛАСТЬ ЖЕТІСУ"	"0"	"сельская местность"	"0"	"Всего"	"0"	"Всего"	"0"	"Всего"	"0"	"3.9"
"уровень безработицы(Процент)"	"4 квартал 2023 г."	"202312"	"ОБЛАСТЬ ЖЕТІСУ"	"0"	"сельская местность"	"0"	"Всего"	"0"	"Всего"	"0"	"Всего"	"0"	"5.0"
"уровень безработицы(Процент)"	"2 квартал 2023 г."	"202306"	"ОБЛАСТЬ ЖЕТІСУ"	"0"	"сельская местность"	"0"	"Всего"	"0"	"Всего"	"0"	"Всего"	"0"	"3.9"
"уровень безработицы(Процент)"	"1 квартал 2024 г."	"202403"	"ОБЛАСТЬ ЖЕТІСУ"	"0"	"сельская местность"	"0"	"Всего"	"0"	"Всего"	"0"	"Всего"	"0"	"4.4"
"уровень безработицы(Процент)"	"2 квартал 2024 г."	"202406"	"ОБЛАСТЬ ЖЕТІСУ"	"0"	"сельская местность"	"0"	"Всего"	"0"	"Всего"	"0"	"Всего"	"0"	"4.8"
"уровень безработицы(Процент)"	"3 квартал 2024 г."	"202409"	"ОБЛАСТЬ ЖЕТІСУ"	"0"	"сельская местность"	"0"	"Всего"	"0"	"Всего"	"0"	"Всего"	"0"	"5.2"
"уровень безработицы(Процент)"	"4 квартал 2024 г."	"202412"	"ОБЛАСТЬ ЖЕТІСУ"	"0"	"сельская местность"	"0"	"Всего"	"0"	"Всего"	"0"	"Всего"	"0"	"5.3"
"уровень безработицы(Процент)"	"1 квартал 2025 г."	"202503"	"ОБЛАСТЬ ЖЕТІСУ"	"0"	"сельская местность"	"0"	"Всего"	"0"	"Всего"	"0"	"Всего"	"0"	"6.0"
"уровень безработицы(Процент)"	"2 квартал 2025 г."	"202506"	"ОБЛАСТЬ ЖЕТІСУ"	"0"	"сельская местность"	"0"	"Всего"	"0"	"Всего"	"0"	"Всего"	"0"	"4.9"
"уровень безработицы(Процент)"	"1 квартал 2023 г."	"202303"	"ОБЛАСТЬ ЖЕТІСУ"	"0"	"городская местность"	"0"	"Всего"	"0"	"Всего"	"0"	"Всего"	"0"	"5.3"
"уровень безработицы(Процент)"	"3 квартал 2023 г."	"202309"	"ОБЛАСТЬ ЖЕТІСУ"	"0"	"городская местность"	"0"	"Всего"	"0"	"Всего"	"0"	"Всего"	"0"	"5.7"
"уровень безработицы(Процент)"	"4 квартал 2023 г."	"202312"	"ОБЛАСТЬ ЖЕТІСУ"	"0"	"городская местность"	"0"	"Всего"	"0"	"Всего"	"0"	"Всего"	"0"	"4.4"
"уровень безработицы(Процент)"	"2 квартал 2023 г."	"202306"	"ОБЛАСТЬ ЖЕТІСУ"	"0"	"городская местность"	"0"	"Всего"	"0"	"Всего"	"0"	"Всего"	"0"	"5.9"
"уровень безработицы(Процент)"	"1 квартал 2024 г."	"202403"	"ОБЛАСТЬ ЖЕТІСУ"	"0"	"городская местность"	"0"	"Всего"	"0"	"Всего"	"0"	"Всего"	"0"	"5.1"
"уровень безработицы(Процент)"	"2 квартал 2024 г."	"202406"	"ОБЛАСТЬ ЖЕТІСУ"	"0"	"городская местность"	"0"	"Всего"	"0"	"Всего"	"0"	"Всего"	"0"	"5.0"
"уровень безработицы(Процент)"	"3 квартал 2024 г."	"202409"	"ОБЛАСТЬ ЖЕТІСУ"	"0"	"городская местность"	"0"	"Всего"	"0"	"Всего"	"0"	"Всего"	"0"	"4.4"
"уровень безработицы(Процент)"	"4 квартал 2024 г."	"202412"	"ОБЛАСТЬ ЖЕТІСУ"	"0"	"городская местность"	"0"	"Всего"	"0"	"Всего"	"0"	"Всего"	"0"	"4.3"
"уровень безработицы(Процент)"	"1 квартал 2025 г."	"202503"	"ОБЛАСТЬ ЖЕТІСУ"	"0"	"городская местность"	"0"	"Всего"	"0"	"Всего"	"0"	"Всего"	"0"	"3.2"
"уровень безработицы(Процент)"	"2 квартал 2025 г."	"202506"	"ОБЛАСТЬ ЖЕТІСУ"	"0"	"городская местность"	"0"	"Всего"	"0"	"Всего"	"0"	"Всего"	"0"	"4.4"
"уровень безработицы(Процент)"	"1 квартал 2023 г."	"202303"	"ОБЛАСТЬ ЖЕТІСУ"	"0"	"Всего"	"0"	"Всего"	"0"	"Всего"	"0"	"Всего"	"0"	"5.0"
"уровень безработицы(Процент)"	"3 квартал 2023 г."	"202309"	"ОБЛАСТЬ ЖЕТІСУ"	"0"	"Всего"	"0"	"Всего"	"0"	"Всего"	"0"	"Всего"	"0"	"4.8"
"уровень безработицы(Процент)"	"4 квартал 2023 г."	"202312"	"ОБЛАСТЬ ЖЕТІСУ"	"0"	"Всего"	"0"	"Всего"	"0"	"Всего"	"0"	"Всего"	"0"	"4.8"
"уровень безработицы(Процент)"	"2 квартал 2023 г."	"202306"	"ОБЛАСТЬ ЖЕТІСУ"	"0"	"Всего"	"0"	"Всего"	"0"	"Всего"	"0"	"Всего"	"0"	"4.9"
"уровень безработицы(Процент)"	"1 квартал 2024 г."	"202403"	"ОБЛАСТЬ ЖЕТІСУ"	"0"	"Всего"	"0"	"Всего"	"0"	"Всего"	"0"	"Всего"	"0"	"4.8"
"уровень безработицы(Процент)"	"2 квартал 2024 г."	"202406"	"ОБЛАСТЬ ЖЕТІСУ"	"0"	"Всего"	"0"	"Всего"	"0"	"Всего"	"0"	"Всего"	"0"	"4.9"
"уровень безработицы(Процент)"	"3 квартал 2024 г."	"202409"	"ОБЛАСТЬ ЖЕТІСУ"	"0"	"Всего"	"0"	"Всего"	"0"	"Всего"	"0"	"Всего"	"0"	"4.8"
"уровень безработицы(Процент)"	"4 квартал 2024 г."	"202412"	"ОБЛАСТЬ ЖЕТІСУ"	"0"	"Всего"	"0"	"Всего"	"0"	"Всего"	"0"	"Всего"	"0"	"4.8"
"уровень безработицы(Процент)"	"1 квартал 2025 г."	"202503"	"ОБЛАСТЬ ЖЕТІСУ"	"0"	"Всего"	"0"	"Всего"	"0"	"Всего"	"0"	"Всего"	"0"	"4.7"
"уровень безработицы(Процент)"	"2 квартал 2025 г."	"202506"	"ОБЛАСТЬ ЖЕТІСУ"	"0"	"Всего"	"0"	"Всего"	"0"	"Всего"	"0"	"Всего"	"0"	"4.7"
"уровень безработицы(Процент)"	"1 квартал 2023 г."	"202303"	"ОБЛАСТЬ АБАЙ"	"0"	"сельская местность"	"0"	"Всего"	"0"	"Всего"	"0"	"Всего"	"0"	"4.3"
"уровень безработицы(Процент)"	"3 квартал 2023 г."	"202309"	"ОБЛАСТЬ АБАЙ"	"0"	"сельская местность"	"0"	"Всего"	"0"	"Всего"	"0"	"Всего"	"0"	"4.2"
"уровень безработицы(Процент)"	"4 квартал 2023 г."	"202312"	"ОБЛАСТЬ АБАЙ"	"0"	"сельская местность"	"0"	"Всего"	"0"	"Всего"	"0"	"Всего"	"0"	"4.8"
"уровень безработицы(Процент)"	"2 квартал 2023 г."	"202306"	"ОБЛАСТЬ АБАЙ"	"0"	"сельская местность"	"0"	"Всего"	"0"	"Всего"	"0"	"Всего"	"0"	"4.3"
"уровень безработицы(Процент)"	"1 квартал 2024 г."	"202403"	"ОБЛАСТЬ АБАЙ"	"0"	"сельская местность"	"0"	"Всего"	"0"	"Всего"	"0"	"Всего"	"0"	"5.5"
"уровень безработицы(Процент)"	"2 квартал 2024 г."	"202406"	"ОБЛАСТЬ АБАЙ"	"0"	"сельская местность"	"0"	"Всего"	"0"	"Всего"	"0"	"Всего"	"0"	"4.6"
"уровень безработицы(Процент)"	"3 квартал 2024 г."	"202409"	"ОБЛАСТЬ АБАЙ"	"0"	"сельская местность"	"0"	"Всего"	"0"	"Всего"	"0"	"Всего"	"0"	"4.1"
"уровень безработицы(Процент)"	"4 квартал 2024 г."	"202412"	"ОБЛАСТЬ АБАЙ"	"0"	"сельская местность"	"0"	"Всего"	"0"	"Всего"	"0"	"Всего"	"0"	"4.1"
"уровень безработицы(Процент)"	"1 квартал 2025 г."	"202503"	"ОБЛАСТЬ АБАЙ"	"0"	"сельская местность"	"0"	"Всего"	"0"	"Всего"	"0"	"Всего"	"0"	"3.9"
"уровень безработицы(Процент)"	"2 квартал 2025 г."	"202506"	"ОБЛАСТЬ АБАЙ"	"0"	"сельская местность"	"0"	"Всего"	"0"	"Всего"	"0"	"Всего"	"0"	"4.7"
"уровень безработицы(Процент)"	"1 квартал 2023 г."	"202303"	"ОБЛАСТЬ АБАЙ"	"0"	"городская местность"	"0"	"Всего"	"0"	"Всего"	"0"	"Всего"	"0"	"5.1"
"уровень безработицы(Процент)"	"3 квартал 2023 г."	"202309"	"ОБЛАСТЬ АБАЙ"	"0"	"городская местность"	"0"	"Всего"	"0"	"Всего"	"0"	"Всего"	"0"	"5.1"
"уровень безработицы(Процент)"	"4 квартал 2023 г."	"202312"	"ОБЛАСТЬ АБАЙ"	"0"	"городская местность"	"0"	"Всего"	"0"	"Всего"	"0"	"Всего"	"0"	"4.6"
"уровень безработицы(Процент)"	"2 квартал 2023 г."	"202306"	"ОБЛАСТЬ АБАЙ"	"0"	"городская местность"	"0"	"Всего"	"0"	"Всего"	"0"	"Всего"	"0"	"5.0"
"уровень безработицы(Процент)"	"1 квартал 2024 г."	"202403"	"ОБЛАСТЬ АБАЙ"	"0"	"городская местность"	"0"	"Всего"	"0"	"Всего"	"0"	"Всего"	"0"	"4.3"
"уровень безработицы(Процент)"	"2 квартал 2024 г."	"202406"	"ОБЛАСТЬ АБАЙ"	"0"	"городская местность"	"0"	"Всего"	"0"	"Всего"	"0"	"Всего"	"0"	"4.8"
"уровень безработицы(Процент)"	"3 квартал 2024 г."	"202409"	"ОБЛАСТЬ АБАЙ"	"0"	"городская местность"	"0"	"Всего"	"0"	"Всего"	"0"	"Всего"	"0"	"5.0"
"уровень безработицы(Процент)"	"4 квартал 2024 г."	"202412"	"ОБЛАСТЬ АБАЙ"	"0"	"городская местность"	"0"	"Всего"	"0"	"Всего"	"0"	"Всего"	"0"	"5.2"
"уровень безработицы(Процент)"	"1 квартал 2025 г."	"202503"	"ОБЛАСТЬ АБАЙ"	"0"	"городская местность"	"0"	"Всего"	"0"	"Всего"	"0"	"Всего"	"0"	"5.2"
"уровень безработицы(Процент)"	"2 квартал 2025 г."	"202506"	"ОБЛАСТЬ АБАЙ"	"0"	"городская местность"	"0"	"Всего"	"0"	"Всего"	"0"	"Всего"	"0"	"4.8"
"уровень безработицы(Процент)"	"1 квартал 2023 г."	"202303"	"ОБЛАСТЬ АБАЙ"	"0"	"Всего"	"0"	"Всего"	"0"	"Всего"	"0"	"Всего"	"0"	"4.8"
"уровень безработицы(Процент)"	"3 квартал 2023 г."	"202309"	"ОБЛАСТЬ АБАЙ"	"0"	"Всего"	"0"	"Всего"	"0"	"Всего"	"0"	"Всего"	"0"	"4.7"
"уровень безработицы(Процент)"	"4 квартал 2023 г."	"202312"	"ОБЛАСТЬ АБАЙ"	"0"	"Всего"	"0"	"Всего"	"0"	"Всего"	"0"	"Всего"	"0"	"4.7"
"уровень безработицы(Процент)"	"2 квартал 2023 г."	"202306"	"ОБЛАСТЬ АБАЙ"	"0"	"Всего"	"0"	"Всего"	"0"	"Всего"	"0"	"Всего"	"0"	"4.7"
"уровень безработицы(Процент)"	"1 квартал 2024 г."	"202403"	"ОБЛАСТЬ АБАЙ"	"0"	"Всего"	"0"	"Всего"	"0"	"Всего"	"0"	"Всего"	"0"	"4.8"
"уровень безработицы(Процент)"	"2 квартал 2024 г."	"202406"	"ОБЛАСТЬ АБАЙ"	"0"	"Всего"	"0"	"Всего"	"0"	"Всего"	"0"	"Всего"	"0"	"4.7"
"уровень безработицы(Процент)"	"3 квартал 2024 г."	"202409"	"ОБЛАСТЬ АБАЙ"	"0"	"Всего"	"0"	"Всего"	"0"	"Всего"	"0"	"Всего"	"0"	"4.7"
"уровень безработицы(Процент)"	"4 квартал 2024 г."	"202412"	"ОБЛАСТЬ АБАЙ"	"0"	"Всего"	"0"	"Всего"	"0"	"Всего"	"0"	"Всего"	"0"	"4.7"
"уровень безработицы(Процент)"	"1 квартал 2025 г."	"202503"	"ОБЛАСТЬ АБАЙ"	"0"	"Всего"	"0"	"Всего"	"0"	"Всего"	"0"	"Всего"	"0"	"4.7"
"уровень безработицы(Процент)"	"2 квартал 2025 г."	"202506"	"ОБЛАСТЬ АБАЙ"	"0"	"Всего"	"0"	"Всего"	"0"	"Всего"	"0"	"Всего"	"0"	"4.7"
"уровень безработицы(Процент)"	"1 квартал 2023 г."	"202303"	"ОБЛАСТЬ ҰЛЫТАУ"	"0"	"сельская местность"	"0"	"Всего"	"0"	"Всего"	"0"	"Всего"	"0"	"4.8"
"уровень безработицы(Процент)"	"3 квартал 2023 г."	"202309"	"ОБЛАСТЬ ҰЛЫТАУ"	"0"	"сельская местность"	"0"	"Всего"	"0"	"Всего"	"0"	"Всего"	"0"	"4.3"
"уровень безработицы(Процент)"	"4 квартал 2023 г."	"202312"	"ОБЛАСТЬ ҰЛЫТАУ"	"0"	"сельская местность"	"0"	"Всего"	"0"	"Всего"	"0"	"Всего"	"0"	"4.8"
"уровень безработицы(Процент)"	"2 квартал 2023 г."	"202306"	"ОБЛАСТЬ ҰЛЫТАУ"	"0"	"сельская местность"	"0"	"Всего"	"0"	"Всего"	"0"	"Всего"	"0"	"4.0"
"уровень безработицы(Процент)"	"1 квартал 2024 г."	"202403"	"ОБЛАСТЬ ҰЛЫТАУ"	"0"	"сельская местность"	"0"	"Всего"	"0"	"Всего"	"0"	"Всего"	"0"	"4.8"
"уровень безработицы(Процент)"	"2 квартал 2024 г."	"202406"	"ОБЛАСТЬ ҰЛЫТАУ"	"0"	"сельская местность"	"0"	"Всего"	"0"	"Всего"	"0"	"Всего"	"0"	"4.4"
"уровень безработицы(Процент)"	"3 квартал 2024 г."	"202409"	"ОБЛАСТЬ ҰЛЫТАУ"	"0"	"сельская местность"	"0"	"Всего"	"0"	"Всего"	"0"	"Всего"	"0"	"3.6"
"уровень безработицы(Процент)"	"4 квартал 2024 г."	"202412"	"ОБЛАСТЬ ҰЛЫТАУ"	"0"	"сельская местность"	"0"	"Всего"	"0"	"Всего"	"0"	"Всего"	"0"	"3.9"
"уровень безработицы(Процент)"	"1 квартал 2025 г."	"202503"	"ОБЛАСТЬ ҰЛЫТАУ"	"0"	"сельская местность"	"0"	"Всего"	"0"	"Всего"	"0"	"Всего"	"0"	"3.8"
"уровень безработицы(Процент)"	"2 квартал 2025 г."	"202506"	"ОБЛАСТЬ ҰЛЫТАУ"	"0"	"сельская местность"	"0"	"Всего"	"0"	"Всего"	"0"	"Всего"	"0"	"4.2"
"уровень безработицы(Процент)"	"1 квартал 2023 г."	"202303"	"ОБЛАСТЬ ҰЛЫТАУ"	"0"	"городская местность"	"0"	"Всего"	"0"	"Всего"	"0"	"Всего"	"0"	"4.0"
"уровень безработицы(Процент)"	"3 квартал 2023 г."	"202309"	"ОБЛАСТЬ ҰЛЫТАУ"	"0"	"городская местность"	"0"	"Всего"	"0"	"Всего"	"0"	"Всего"	"0"	"4.2"
"уровень безработицы(Процент)"	"4 квартал 2023 г."	"202312"	"ОБЛАСТЬ ҰЛЫТАУ"	"0"	"городская местность"	"0"	"Всего"	"0"	"Всего"	"0"	"Всего"	"0"	"4.1"
"уровень безработицы(Процент)"	"2 квартал 2023 г."	"202306"	"ОБЛАСТЬ ҰЛЫТАУ"	"0"	"городская местность"	"0"	"Всего"	"0"	"Всего"	"0"	"Всего"	"0"	"4.2"
"уровень безработицы(Процент)"	"1 квартал 2024 г."	"202403"	"ОБЛАСТЬ ҰЛЫТАУ"	"0"	"городская местность"	"0"	"Всего"	"0"	"Всего"	"0"	"Всего"	"0"	"4.0"
"уровень безработицы(Процент)"	"2 квартал 2024 г."	"202406"	"ОБЛАСТЬ ҰЛЫТАУ"	"0"	"городская местность"	"0"	"Всего"	"0"	"Всего"	"0"	"Всего"	"0"	"4.1"
"уровень безработицы(Процент)"	"3 квартал 2024 г."	"202409"	"ОБЛАСТЬ ҰЛЫТАУ"	"0"	"городская местность"	"0"	"Всего"	"0"	"Всего"	"0"	"Всего"	"0"	"4.2"
"уровень безработицы(Процент)"	"4 квартал 2024 г."	"202412"	"ОБЛАСТЬ ҰЛЫТАУ"	"0"	"городская местность"	"0"	"Всего"	"0"	"Всего"	"0"	"Всего"	"0"	"4.2"
"уровень безработицы(Процент)"	"1 квартал 2025 г."	"202503"	"ОБЛАСТЬ ҰЛЫТАУ"	"0"	"городская местность"	"0"	"Всего"	"0"	"Всего"	"0"	"Всего"	"0"	"4.2"
"уровень безработицы(Процент)"	"2 квартал 2025 г."	"202506"	"ОБЛАСТЬ ҰЛЫТАУ"	"0"	"городская местность"	"0"	"Всего"	"0"	"Всего"	"0"	"Всего"	"0"	"4.1"
